Date,Open,High,Low,Close,Adj Close,Volume
2019-12-02,8424.5,8457.25,8276.5,8316.0,8316.0,559474
2019-12-03,8313.75,8337.5,8168.25,8251.25,8251.25,614317
2019-12-04,8258.75,8319.25,8220.5,8295.25,8295.25,413647
2019-12-05,8296.25,8340.0,8273.25,8309.25,8309.25,370987
2019-12-06,8311.0,8409.5,8307.75,8400.25,8400.25,302782
2019-12-09,8401.5,8427.25,8347.0,8356.0,8356.0,292419
2019-12-10,8354.5,8398.0,8297.0,8363.75,8363.75,403364
2019-12-11,8366.25,8411.0,8345.0,8405.5,8405.5,304183
2019-12-12,8407.5,8497.0,8381.0,8465.25,8465.25,554338
2019-12-13,8485.0,8523.75,8435.5,8494.0,8494.0,335038
2019-12-16,8507.0,8587.75,8503.25,8576.0,8576.0,192050
2019-12-17,8576.0,8596.75,8563.25,8576.25,8576.25,145053
2019-12-18,8569.75,8612.0,8567.75,8590.25,8590.25,98301
2019-12-19,8598.0,8655.5,8580.25,8642.5,8642.5,65776
2019-12-20,8651.0,8707.4599609375,8638.25,8707.4599609375,8707.4599609375,307870
2019-12-23,8710.75,8743.25,8707.5,8726.5,8726.5,194915
2019-12-24,8728.25,8736.0,8707.0,8729.5,8729.5,106029
2019-12-26,8730.25,8805.0,8729.0,8804.25,8804.25,170684
2019-12-27,8801.0,8843.5,8769.0,8783.25,8783.25,322888
2019-12-30,8783.5,8809.75,8691.25,8733.75,8733.75,404047
2019-12-31,8731.75,8772.25,8692.25,8752.25,8752.25,284519
2020-01-02,8776.75,8901.5,8769.5,8891.75,8891.75,416637
2020-01-03,8895.5,8907.25,8735.25,8810.0,8810.0,599887
2020-01-06,8772.25,8873.0,8723.0,8847.5,8847.5,469514
2020-01-07,8853.25,8894.75,8825.75,8853.0,8853.0,510004
2020-01-08,8841.5,8972.25,8678.0,8944.5,8944.5,723085
2020-01-09,8948.75,9022.25,8932.5,9009.0,9009.0,457262
2020-01-10,9010.0,9055.5,8966.25,8978.25,8978.25,472166
2020-01-13,8979.0,9095.5,8979.0,9088.25,9088.25,380440
2020-01-14,9087.75,9114.75,9035.0,9062.5,9062.5,553343
2020-01-15,9062.0,9096.0,9023.0,9060.0,9060.0,497100
2020-01-16,9061.75,9140.25,9061.5,9133.5,9133.5,397881
2020-01-17,9137.0,9189.25,9130.0,9174.5,9174.5,438669
2020-01-21,9174.0,9199.75,9114.75,9169.75,9169.75,532160
2020-01-22,9179.5,9254.0,9174.25,9195.75,9195.75,519015
2020-01-23,9190.0,9253.5,9151.75,9248.25,9248.25,616950
2020-01-24,9252.0,9287.25,9109.5,9144.5,9144.5,758796
2020-01-27,9077.0,9077.0,8925.5,8954.5,8954.5,792705
2020-01-28,8952.5,9136.25,8952.5,9105.25,9105.25,632550
2020-01-29,9119.5,9158.75,9072.25,9098.5,9098.5,578408
2020-01-30,9111.25,9240.0,9003.5,9216.25,9216.25,846585
2020-01-31,9226.5,9248.75,8966.0,8997.75,8997.75,898384
2020-02-03,8982.75,9155.75,8975.0,9114.25,9114.25,680726
2020-02-04,9099.0,9369.25,9073.0,9355.0,9355.0,563913
2020-02-05,9357.0,9462.75,9317.75,9381.5,9381.5,729548
2020-02-06,9390.0,9464.0,9362.5,9455.5,9455.5,545054
2020-02-07,9467.0,9471.0,9385.0,9409.5,9409.5,592695
2020-02-10,9401.5,9531.5,9330.75,9527.5,9527.5,500147
2020-02-11,9525.0,9609.5,9501.25,9527.25,9527.25,589570
2020-02-12,9536.25,9628.25,9523.75,9625.75,9625.75,454472
2020-02-13,9621.5,9644.75,9511.25,9613.0,9613.0,613580
2020-02-14,9626.25,9659.25,9588.0,9632.25,9632.25,489387
2020-02-18,9635.0,9687.5,9534.25,9636.0,9636.0,668505
2020-02-19,9643.25,9748.75,9641.25,9733.5,9733.5,419130
2020-02-20,9744.75,9763.0,9517.0,9624.25,9624.25,802424
2020-02-21,9617.25,9623.75,9411.5,9458.0,9458.0,911839
2020-02-24,9355.25,9365.0,9041.25,9091.0,9091.0,1171879
2020-02-25,9091.0,9224.25,8810.0,8854.25,8854.25,1344897
2020-02-26,8868.25,9037.5,8709.5,8850.25,8850.25,1251412
2020-02-27,8811.5,8878.5,8334.25,8382.75,8382.75,1580041
2020-02-28,8347.0,8574.75,8126.25,8454.0,8454.0,1527204
2020-03-02,8349.25,8883.25,8224.25,8791.25,8791.25,1373357
2020-03-03,8830.5,9002.5,8511.0,8582.5,8582.5,1295648
2020-03-04,8557.5,8950.0,8508.25,8896.5,8896.5,939032
2020-03-05,8889.0,8899.75,8610.75,8648.75,8648.75,954104
2020-03-06,8677.0,8726.5,8310.5,8503.25,8503.25,1097279
2020-03-09,8369.0,8375.0,7820.0,7951.5,7951.5,560913
2020-03-10,7893.75,8378.75,7814.25,8331.5,8331.5,982070
2020-03-11,8317.0,8334.25,7892.75,8003.5,8003.5,990236
2020-03-12,7998.75,8108.0,7128.5,7215.25,7215.25,876291
2020-03-13,7100.0,7978.0,6942.5,7915.75,7915.75,584274
2020-03-16,7903.0,7905.25,6927.0,7057.5,7057.5,307368
2020-03-17,7053.0,7552.25,6948.75,7405.25,7405.25,317501
2020-03-18,7386.0,7392.25,6830.0,7225.25,7225.25,156283
2020-03-19,7251.75,7521.5,6894.25,7293.5,7293.5,115519
2020-03-20,7195.0,7649.0,7153.5,7417.97998046875,7417.97998046875,562616
2020-03-23,6798.0,7316.25,6628.75,6984.5,6984.5,633237
2020-03-24,7005.75,7572.25,7005.75,7554.75,7554.75,556553
2020-03-25,7544.75,7761.0,7371.5,7467.75,7467.75,656698
2020-03-26,7483.5,7893.5,7310.25,7844.0,7844.0,567711
2020-03-27,7882.75,7893.25,7551.25,7568.5,7568.5,443315
2020-03-30,7395.75,7884.0,7365.0,7854.75,7854.75,419576
2020-03-31,7856.75,7995.0,7747.5,7786.25,7786.25,424386
2020-04-01,7772.5,7773.5,7404.25,7438.75,7438.75,411364
2020-04-02,7473.5,7656.25,7376.0,7627.25,7627.25,436829
2020-04-03,7623.0,7660.25,7423.5,7522.75,7522.75,351874
2020-04-06,7535.75,8099.0,7535.5,8029.75,8029.75,396874
2020-04-07,8034.25,8303.25,7948.0,8012.0,8012.0,531043
2020-04-08,8015.0,8242.0,7953.25,8189.75,8189.75,424380
2020-04-09,8195.25,8326.25,8101.75,8227.5,8227.5,522648
2020-04-13,8296.0,8338.75,8073.25,8327.25,8327.25,385072
2020-04-14,8337.0,8710.0,8319.0,8692.5,8692.5,431916
2020-04-15,8706.25,8707.5,8486.5,8594.0,8594.0,407752
2020-04-16,8576.0,8842.5,8500.5,8734.25,8734.25,539163
2020-04-17,8909.75,8966.75,8689.5,8809.0,8809.0,509555
2020-04-20,8799.5,8846.0,8687.0,8692.0,8692.0,427981
2020-04-21,8695.0,8763.0,8342.0,8431.75,8431.75,582449
2020-04-22,8447.0,8700.0,8400.0,8638.0,8638.0,373067
2020-04-23,8636.25,8786.5,8580.5,8598.75,8598.75,435112
2020-04-24,8588.25,8780.25,8498.25,8769.0,8769.0,380231
2020-04-27,8766.0,8898.0,8730.0,8824.25,8824.25,355545
2020-04-28,8819.0,8945.75,8654.5,8719.75,8719.75,440939
2020-04-29,8759.25,9118.75,8733.75,9036.5,9036.5,432414
2020-04-30,9109.5,9144.75,8856.5,8988.5,8988.5,462961
2020-05-01,8847.0,8879.0,8672.0,8718.0,8718.0,414560
2020-05-04,8624.0,8828.0,8556.25,8795.5,8795.5,381914
2020-05-05,8806.25,9020.0,8798.5,8924.25,8924.25,367233
2020-05-06,8928.5,9056.5,8877.75,8952.0,8952.0,414045
2020-05-07,8947.5,9126.0,8930.25,9107.75,9107.75,383884
2020-05-08,9115.0,9238.0,9103.25,9218.25,9218.25,362315
2020-05-11,9194.75,9339.0,9118.5,9279.0,9279.0,398142
2020-05-12,9282.0,9345.5,9040.5,9078.25,9078.25,500539
2020-05-13,9045.75,9202.75,8878.25,8992.25,8992.25,703290
2020-05-14,9012.75,9104.0,8847.0,9079.5,9079.5,639071
2020-05-15,9085.5,9148.5,8925.5,9096.5,9096.5,537250
2020-05-18,9135.0,9361.5,9110.25,9325.5,9325.5,398562
2020-05-19,9316.25,9417.25,9283.75,9300.75,9300.75,392499
2020-05-20,9289.75,9498.0,9273.0,9485.5,9485.5,369922
2020-05-21,9494.75,9510.75,9352.0,9355.75,9355.75,429220
2020-05-22,9360.5,9422.5,9241.5,9406.25,9406.25,365377
2020-05-26,9396.25,9604.0,9373.0,9406.5,9406.5,486546
2020-05-27,9409.0,9508.0,9172.5,9432.5,9432.5,560524
2020-05-28,9436.5,9565.5,9320.5,9460.25,9460.25,510617
2020-05-29,9453.5,9590.5,9372.0,9560.25,9560.25,529700
2020-06-01,9513.0,9605.75,9450.25,9595.0,9595.0,345593
2020-06-02,9590.0,9670.0,9504.75,9647.75,9647.75,389908
2020-06-03,9657.5,9728.25,9635.5,9684.75,9684.75,376694
2020-06-04,9685.5,9742.5,9572.25,9626.25,9626.25,462358
2020-06-05,9643.5,9846.25,9601.75,9808.5,9808.5,513656
2020-06-08,9819.0,9901.0,9747.0,9884.75,9884.75,391647
2020-06-09,9887.25,10005.25,9811.5,9951.0,9951.0,437442
2020-06-10,9960.0,10155.5,9958.5,10087.25,10087.25,557713
2020-06-11,10086.25,10107.0,9584.5,9616.75,9616.75,828944
2020-06-12,9616.0,9849.25,9494.75,9645.0,9645.0,508840
2020-06-15,9536.75,9815.5,9381.75,9800.5,9800.5,319211
2020-06-16,9812.5,10013.75,9797.75,9972.5,9972.5,216305
2020-06-17,9961.75,10059.0,9927.0,9994.5,9994.5,100473
2020-06-18,9995.25,10040.75,9879.5,9995.75,9995.75,67457
2020-06-19,9997.25,10123.25,9997.25,10120.83984375,10120.83984375,518436
2020-06-22,9868.0,10134.5,9843.5,10124.75,10124.75,354768
2020-06-23,10121.5,10296.25,9972.25,10196.0,10196.0,406477
2020-06-24,10183.0,10242.0,9927.25,10010.75,10010.75,661645
2020-06-25,10005.25,10107.0,9885.5,10088.25,10088.25,514249
2020-06-26,10087.0,10120.5,9824.25,9865.5,9865.5,576150
2020-06-29,9785.5,9997.0,9728.75,9973.75,9973.75,479544
2020-06-30,9983.0,10171.5,9940.25,10147.25,10147.25,422348
2020-07-01,10141.0,10310.0,10076.0,10268.75,10268.75,402791
2020-07-02,10258.5,10422.25,10246.5,10355.75,10355.75,404764
2020-07-06,10352.0,10614.5,10308.75,10598.5,10598.5,486369
2020-07-07,10600.0,10694.5,10505.75,10532.25,10532.25,465212
2020-07-08,10526.0,10673.0,10505.25,10662.25,10662.25,481023
2020-07-09,10674.25,10774.25,10560.0,10727.5,10727.5,607385
2020-07-10,10727.0,10847.5,10625.5,10837.25,10837.25,527570
2020-07-13,10848.25,11058.5,10561.5,10600.0,10600.0,736178
2020-07-14,10602.0,10693.0,10358.75,10646.25,10646.25,915009
2020-07-15,10706.0,10766.5,10551.25,10683.25,10683.25,719947
2020-07-16,10693.0,10698.25,10475.5,10511.75,10511.75,628898
2020-07-17,10532.25,10669.75,10523.75,10622.5,10622.5,443143
2020-07-20,10621.25,10964.5,10546.25,10951.0,10951.0,496402
2020-07-21,10952.25,11058.0,10784.75,10851.0,10851.0,587994
2020-07-22,10850.75,10916.25,10761.25,10804.25,10804.25,483851
2020-07-23,10850.0,10938.5,10514.5,10548.25,10548.25,644189
2020-07-24,10565.5,10597.0,10301.0,10459.0,10459.0,652482
2020-07-27,10490.0,10684.0,10401.0,10675.25,10675.25,444802
2020-07-28,10682.5,10758.5,10514.0,10540.0,10540.0,445252
2020-07-29,10558.0,10699.75,10512.25,10674.25,10674.25,368010
2020-07-30,10700.0,10897.25,10502.75,10794.0,10794.0,521157
2020-07-31,10906.5,10939.0,10691.0,10890.5,10890.5,631553
2020-08-03,10933.25,11073.0,10876.25,11044.25,11044.25,389622
2020-08-04,11054.0,11094.75,10983.0,11086.0,11086.0,395698
2020-08-05,11080.5,11144.0,11055.75,11091.75,11091.75,348822
2020-08-06,11094.0,11271.75,11051.25,11261.25,11261.25,420437
2020-08-07,11260.5,11283.25,11035.25,11122.75,11122.75,532554
2020-08-10,11140.25,11156.5,10928.25,11072.0,11072.0,485730
2020-08-11,11072.25,11157.75,10845.5,10878.5,10878.5,561748
2020-08-12,10928.5,11185.75,10878.5,11126.0,11126.0,434240
2020-08-13,11115.5,11266.0,11094.25,11175.25,11175.25,413661
2020-08-14,11180.5,11237.75,11096.0,11133.75,11133.75,398616
2020-08-17,11145.0,11300.5,11142.25,11286.75,11286.75,246403
2020-08-18,11285.5,11415.25,11268.0,11409.25,11409.25,326816
2020-08-19,11414.25,11438.0,11299.0,11332.0,11332.0,410893
2020-08-20,11327.0,11496.5,11221.5,11477.25,11477.25,401137
2020-08-21,11480.0,11573.5,11407.0,11562.0,11562.0,414226
2020-08-24,11581.0,11722.5,11528.25,11636.25,11636.25,617004
2020-08-25,11636.0,11742.25,11574.75,11726.25,11726.25,495891
2020-08-26,11739.5,12001.5,11726.75,11991.25,11991.25,578801
2020-08-27,11984.5,12046.0,11834.75,11952.75,11952.75,709346
2020-08-28,11953.25,12018.25,11920.5,11991.75,11991.75,489066
2020-08-31,12002.75,12165.0,11988.25,12114.0,12114.0,480979
2020-09-01,12109.75,12328.75,12093.0,12312.5,12312.5,518997
2020-09-02,12325.5,12465.25,12172.25,12411.5,12411.5,725395
2020-09-03,12408.5,12438.75,11658.5,11800.5,11800.5,931583
2020-09-04,11745.0,11843.0,11142.0,11548.75,11548.75,1202274
2020-09-08,11531.0,11585.0,11040.5,11060.5,11060.5,1012392
2020-09-09,11006.0,11478.75,10935.25,11392.75,11392.75,720954
2020-09-10,11377.75,11566.75,11088.0,11178.25,11178.25,885270
2020-09-11,11187.0,11356.25,10937.5,11061.5,11061.5,495802
2020-09-14,11104.0,11362.75,11104.0,11280.5,11280.5,322360
2020-09-15,11278.5,11495.5,11247.75,11464.25,11464.25,224404
2020-09-16,11467.5,11550.0,11237.5,11268.75,11268.75,167828
2020-09-17,11269.5,11302.5,10918.75,11090.0,11090.0,157390
2020-09-18,11082.0,11179.25,11037.25,11144.8095703125,11144.8095703125,800279
2020-09-21,10920.0,11009.75,10656.5,10989.0,10989.0,727984
2020-09-22,10966.25,11191.0,10897.5,11149.5,11149.5,573572
2020-09-23,11160.5,11222.0,10786.0,10829.0,10829.0,656111
2020-09-24,10803.5,11011.75,10660.25,10891.75,10891.75,791934
2020-09-25,10914.25,11166.25,10813.75,11136.5,11136.5,600725
2020-09-28,11145.0,11404.0,11140.25,11394.75,11394.75,568217
2020-09-29,11388.0,11448.75,11289.5,11337.75,11337.75,444170
2020-09-30,11321.0,11526.0,11167.0,11407.25,11407.25,647968
2020-10-01,11375.0,11599.25,11375.0,11574.75,11574.75,580589
2020-10-02,11566.75,11604.75,11204.5,11233.25,11233.25,806629
2020-10-05,11308.5,11497.5,11267.5,11469.25,11469.25,398444
2020-10-06,11473.0,11524.5,11197.5,11273.75,11273.75,612278
2020-10-07,11220.5,11506.5,11208.0,11470.0,11470.0,443046
2020-10-08,11473.25,11578.75,11469.75,11539.0,11539.0,403379
2020-10-09,11562.0,11739.0,11552.5,11724.75,11724.75,408445
2020-10-12,11722.75,12197.0,11687.75,12098.25,12098.25,756438
2020-10-13,12100.0,12249.0,12019.0,12094.0,12094.0,754735
2020-10-14,12079.75,12178.0,11901.75,11974.25,11974.25,597198
2020-10-15,11950.0,11983.25,11736.5,11874.0,11874.0,595926
2020-10-16,11891.0,12022.0,11792.0,11798.0,11798.0,527026
2020-10-19,11816.75,11950.5,11591.25,11650.25,11650.25,623203
2020-10-20,11697.5,11792.0,11598.5,11660.75,11660.75,622702
2020-10-21,11675.25,11779.25,11585.0,11691.25,11691.25,599851
2020-10-22,11683.5,11724.0,11511.0,11649.75,11649.75,583669
2020-10-23,11669.25,11691.75,11551.0,11663.5,11663.5,501243
2020-10-26,11634.0,11695.5,11343.25,11492.25,11492.25,674142
2020-10-27,11499.5,11623.0,11478.25,11588.0,11588.0,551642
2020-10-28,11558.5,11566.75,11123.75,11132.75,11132.75,749420
2020-10-29,11180.5,11457.75,11145.0,11342.75,11342.75,606325
2020-10-30,11213.25,11281.25,10944.5,11046.25,11046.25,801978
2020-11-02,11034.5,11212.0,10942.25,11063.25,11063.25,602651
2020-11-03,11074.75,11347.0,11064.5,11265.75,11265.75,509496
2020-11-04,11264.0,11843.75,11230.25,11763.0,11763.0,842617
2020-11-05,11830.0,12119.5,11771.25,12076.5,12076.5,578443
2020-11-06,12088.5,12109.0,11868.25,12075.0,12075.0,552483
2020-11-09,12139.25,12408.75,11812.25,11820.5,11820.5,731881
2020-11-10,11863.5,11901.5,11503.25,11618.25,11618.25,834533
2020-11-11,11632.25,11917.75,11575.25,11886.0,11886.0,546218
2020-11-12,11898.5,11975.75,11775.75,11820.0,11820.0,554930
2020-11-13,11857.0,11952.75,11801.75,11933.5,11933.5,445512
2020-11-16,11957.25,12065.0,11851.75,12005.0,12005.0,471101
2020-11-17,12061.25,12096.25,11953.75,11975.0,11975.0,401505
2020-11-18,11972.0,12027.5,11861.5,11897.0,11897.0,475826
2020-11-19,11876.0,12000.0,11804.5,11987.25,11987.25,421691
2020-11-20,11960.0,12021.0,11873.5,11905.75,11905.75,358180
2020-11-23,11894.0,12001.75,11808.25,11905.25,11905.25,425777
2020-11-24,11909.75,12104.5,11872.75,12076.0,12076.0,401635
2020-11-25,12098.5,12177.75,12077.5,12152.25,12152.25,386232
2020-11-27,12168.25,12307.5,12127.0,12257.5,12257.5,296828
2020-11-30,12286.5,12337.25,12086.0,12277.0,12277.0,493064
2020-12-01,12336.0,12512.25,12312.0,12452.25,12452.25,464023
2020-12-02,12456.25,12473.5,12312.5,12454.25,12454.25,400405
2020-12-03,12472.0,12540.25,12444.0,12462.25,12462.25,376884
2020-12-04,12487.0,12535.75,12448.5,12526.0,12526.0,321796
2020-12-07,12525.0,12612.25,12474.75,12596.0,12596.0,323774
2020-12-08,12574.0,12652.5,12502.0,12637.5,12637.5,365422
2020-12-09,12657.25,12675.0,12306.75,12367.0,12367.0,635769
2020-12-10,12342.75,12449.0,12218.25,12402.0,12402.0,529843
2020-12-11,12391.0,12414.25,12234.25,12368.0,12368.0,361860
2020-12-14,12405.5,12545.0,12386.5,12456.5,12456.5,296143
2020-12-15,12460.5,12604.75,12417.0,12591.75,12591.75,223263
2020-12-16,12599.5,12699.75,12567.75,12665.25,12665.25,153920
2020-12-17,12677.0,12766.25,12667.5,12751.0,12751.0,84472
2020-12-18,12744.25,12823.0,12708.0,12800.0595703125,12800.0595703125,460979
2020-12-21,12760.0,12782.5,12461.0,12683.5,12683.5,606583
2020-12-22,12698.25,12760.0,12593.5,12710.0,12710.0,457270
2020-12-23,12704.75,12738.75,12623.5,12651.25,12651.25,358011
2020-12-24,12660.75,12724.0,12631.5,12704.5,12704.5,173464
2020-12-28,12676.25,12855.5,12655.25,12832.75,12832.75,346691
2020-12-29,12845.25,12918.25,12808.25,12841.0,12841.0,393995
2020-12-30,12860.75,12909.75,12820.5,12841.5,12841.5,334304
2020-12-31,12840.0,12896.0,12796.5,12885.5,12885.5,280573
2021-01-04,12889.0,12959.75,12522.5,12685.5,12685.5,650472
2021-01-05,12682.75,12809.0,12612.0,12793.5,12793.5,483173
2021-01-06,12800.25,12844.25,12491.25,12616.75,12616.75,755618
2021-01-07,12658.5,12959.0,12646.5,12928.0,12928.0,435939
2021-01-08,12927.0,13125.0,12919.0,13097.25,13097.25,508107
2021-01-11,13093.25,13105.25,12871.75,12897.0,12897.0,454751
2021-01-12,12910.75,12959.0,12767.25,12890.25,12890.25,461733
2021-01-13,12882.5,13003.0,12820.75,12972.25,12972.25,416295
2021-01-14,12975.5,13028.75,12881.0,12901.0,12901.0,417583
2021-01-15,12909.0,12931.25,12743.5,12802.25,12802.25,539769
2021-01-19,12774.25,13032.75,12727.0,12985.5,12985.5,481603
2021-01-20,13030.0,13327.0,13017.0,13294.25,13294.25,438765
2021-01-21,13288.5,13423.5,13283.25,13395.5,13395.5,421922
2021-01-22,13394.0,13402.25,13300.25,13361.5,13361.5,407706
2021-01-25,13370.0,13554.5,13189.0,13475.5,13475.5,663844
2021-01-26,13459.75,13599.75,13380.25,13485.5,13485.5,502390
2021-01-27,13551.0,13586.5,12884.75,13105.5,13105.5,786471
2021-01-28,13052.5,13394.0,12906.25,13186.0,13186.0,623570
2021-01-29,13156.0,13188.0,12829.0,12911.25,12911.25,738848
2021-02-01,12849.0,13271.5,12727.25,13236.5,13236.5,549549
2021-02-02,13232.5,13509.75,13230.5,13449.0,13449.0,491671
2021-02-03,13506.0,13584.5,13386.75,13394.25,13394.25,499098
2021-02-04,13429.5,13568.75,13345.25,13547.5,13547.5,408023
2021-02-05,13560.0,13638.5,13519.5,13598.0,13598.0,431935
2021-02-08,13623.75,13693.0,13596.0,13683.0,13683.0,393927
2021-02-09,13683.5,13735.25,13634.0,13680.25,13680.25,367116
2021-02-10,13698.0,13769.25,13516.75,13643.5,13643.5,552643
2021-02-11,13662.0,13743.75,13612.5,13729.0,13729.0,495131
2021-02-12,13711.25,13820.75,13646.0,13804.75,13804.75,392927
2021-02-16,13829.5,13900.5,13716.0,13767.75,13767.75,604657
2021-02-17,13758.25,13785.0,13543.0,13699.75,13699.75,583565
2021-02-18,13699.5,13723.25,13468.0,13633.0,13633.0,574576
2021-02-19,13638.25,13729.0,13534.75,13576.0,13576.0,535194
2021-02-22,13585.0,13629.0,13215.0,13224.25,13224.25,648527
2021-02-23,13227.0,13335.75,12757.25,13192.0,13192.0,873273
2021-02-24,13170.75,13334.0,12958.0,13302.0,13302.0,673353
2021-02-25,13304.75,13353.75,12764.0,12831.75,12831.75,894521
2021-02-26,12802.5,13089.5,12662.25,12911.0,12911.0,841911
2021-03-01,12957.5,13318.0,12946.25,13279.75,13279.75,513852
2021-03-02,13312.25,13328.25,13048.25,13055.25,13055.25,563138
2021-03-03,13061.25,13192.0,12663.25,12681.75,12681.75,756448
2021-03-04,12682.0,12797.0,12306.5,12455.0,12455.0,1049493
2021-03-05,12435.0,12697.75,12207.25,12663.75,12663.75,1016317
2021-03-08,12715.0,12761.25,12281.75,12297.25,12297.25,749028
2021-03-09,12345.75,12867.5,12326.0,12788.75,12788.75,644022
2021-03-10,12812.0,12993.25,12703.0,12749.25,12749.25,715961
2021-03-11,12795.25,13119.25,12724.25,13048.25,13048.25,526139
2021-03-12,13055.0,13095.0,12768.25,12933.5,12933.5,476352
2021-03-15,12950.0,13099.0,12872.0,13078.5,13078.5,297629
2021-03-16,13084.75,13298.0,13056.5,13151.5,13151.5,240942
2021-03-17,13174.75,13283.25,12946.5,13201.5,13201.5,202697
2021-03-18,13200.5,13279.0,12777.5,12795.5,12795.5,121108
2021-03-19,12818.25,12919.0,12732.75,12808.759765625,12808.759765625,641117
2021-03-22,12807.0,13157.0,12788.5,13071.75,13071.75,478667
2021-03-23,13069.0,13172.0,12979.0,13006.25,13006.25,604250
2021-03-24,13050.25,13145.25,12784.0,12794.0,12794.0,626538
2021-03-25,12803.0,12859.5,12609.75,12770.5,12770.5,745797
2021-03-26,12799.75,12988.5,12676.25,12966.75,12966.75,622214
2021-03-29,12975.75,13003.0,12807.5,12944.5,12944.5,574193
2021-03-30,12975.0,12984.0,12776.5,12878.25,12878.25,516408
2021-03-31,12894.75,13158.0,12858.25,13089.75,13089.75,478398
2021-04-01,13094.5,13332.5,13090.25,13316.0,13316.0,436489
2021-04-05,13339.0,13615.0,13304.25,13585.5,13585.5,356725
2021-04-06,13603.75,13655.0,13524.25,13570.0,13570.0,457218
2021-04-07,13580.5,13641.0,13512.5,13604.75,13604.75,434828
2021-04-08,13620.75,13789.75,13615.5,13747.75,13747.75,435060
2021-04-09,13786.5,13841.75,13648.25,13829.5,13829.5,494768
2021-04-12,13817.75,13832.25,13732.0,13808.75,13808.75,453968
2021-04-13,13825.0,13994.0,13772.75,13975.75,13975.75,485938
2021-04-14,13977.75,14029.0,13772.75,13798.75,13798.75,662204
2021-04-15,13827.0,14034.25,13789.25,14014.0,14014.0,524814
2021-04-16,14002.0,14059.5,13952.75,14029.5,14029.5,500612
2021-04-19,13989.0,14052.25,13821.0,13897.25,13897.25,613719
2021-04-20,13900.0,13933.75,13719.25,13794.25,13794.25,606019
2021-04-21,13740.0,13926.5,13700.5,13919.25,13919.25,510093
2021-04-22,13896.5,13944.75,13701.75,13750.25,13750.25,623942
2021-04-23,13757.0,13981.0,13737.0,13927.0,13927.0,450885
2021-04-26,13919.75,14039.25,13865.5,14011.5,14011.5,403664
2021-04-27,14024.75,14050.0,13912.5,13953.0,13953.0,412801
2021-04-28,13955.5,13993.5,13878.0,13892.25,13892.25,501596
2021-04-29,13973.5,14064.0,13818.5,13953.5,13953.5,595555
2021-04-30,13948.25,13956.75,13819.75,13850.0,13850.0,555237
2021-05-03,13880.25,13947.5,13772.0,13790.0,13790.0,473913
2021-05-04,13785.0,13792.5,13380.75,13536.0,13536.0,667316
2021-05-05,13525.75,13665.5,13462.75,13491.0,13491.0,520694
2021-05-06,13484.0,13611.5,13388.75,13597.75,13597.75,567452
2021-05-07,13614.5,13818.0,13588.25,13709.75,13709.75,550632
2021-05-10,13718.0,13752.0,13305.5,13356.75,13356.75,603725
2021-05-11,13316.5,13375.75,13065.25,13346.0,13346.0,787639
2021-05-12,13321.25,13351.75,12959.75,12998.5,12998.5,760916
2021-05-13,12968.75,13223.75,12915.0,13100.25,13100.25,727348
2021-05-14,13095.0,13426.25,13071.0,13387.0,13387.0,468758
2021-05-17,13380.25,13448.5,13182.75,13303.5,13303.5,488299
2021-05-18,13308.5,13432.25,13178.5,13212.0,13212.0,442088
2021-05-19,13182.0,13243.0,12954.25,13233.5,13233.5,669351
2021-05-20,13220.5,13522.75,13150.75,13486.5,13486.5,465782
2021-05-21,13492.5,13570.0,13395.75,13405.0,13405.0,457735
2021-05-24,13383.25,13686.0,13356.5,13635.25,13635.25,368611
2021-05-25,13656.5,13738.75,13606.75,13656.25,13656.25,436157
2021-05-26,13670.25,13728.5,13656.0,13700.25,13700.25,343069
2021-05-27,13702.5,13720.75,13620.25,13665.5,13665.5,388603
2021-05-28,13694.75,13763.5,13662.75,13686.5,13686.5,366218
2021-06-01,13699.0,13773.0,13592.25,13648.75,13648.75,448000
2021-06-02,13653.25,13712.75,13603.25,13673.75,13673.75,371449
2021-06-03,13679.5,13707.75,13462.25,13529.25,13529.25,552987
2021-06-04,13531.75,13783.75,13467.75,13766.75,13766.75,446994
2021-06-07,13773.25,13824.0,13691.5,13804.25,13804.25,397545
2021-06-08,13823.0,13917.25,13741.75,13811.5,13811.5,482546
2021-06-09,13813.0,13904.25,13803.5,13814.25,13814.25,376893
2021-06-10,13817.0,13976.5,13726.0,13959.75,13959.75,492336
2021-06-11,13975.5,13997.75,13932.25,13994.25,13994.25,257733
2021-06-14,13999.0,14133.5,13965.25,14124.75,14124.75,229733
2021-06-15,14119.5,14163.0,14009.25,14030.25,14030.25,178164
2021-06-16,14046.75,14103.75,13840.0,13981.25,13981.25,124322
2021-06-17,13948.5,14217.75,13850.25,14165.5,14165.5,113875
2021-06-18,14183.75,14214.25,14063.5,14107.4296875,14107.4296875,575363
2021-06-21,14022.75,14144.0,13958.5,14130.0,14130.0,503663
2021-06-22,14136.75,14279.25,14066.5,14258.25,14258.25,420968
2021-06-23,14274.0,14315.75,14231.75,14263.0,14263.0,366489
2021-06-24,14275.25,14422.0,14270.0,14354.25,14354.25,409864
2021-06-25,14365.75,14394.25,14313.25,14339.0,14339.0,379758
2021-06-28,14350.0,14519.75,14333.25,14512.5,14512.5,376860
2021-06-29,14504.5,14584.75,14468.75,14563.0,14563.0,360169
2021-06-30,14584.75,14598.5,14518.25,14549.0,14549.0,384458
2021-07-01,14558.5,14606.25,14471.0,14548.5,14548.5,436419
2021-07-02,14543.75,14729.0,14513.25,14713.75,14713.75,392168
2021-07-06,14704.25,14790.0,14625.25,14775.5,14775.5,557682
2021-07-07,14764.5,14883.75,14726.25,14802.25,14802.25,471450
2021-07-08,14812.0,14822.0,14540.5,14712.25,14712.25,631207
2021-07-09,14710.25,14832.0,14640.75,14810.5,14810.5,424770
2021-07-12,14824.0,14888.5,14785.0,14869.25,14869.25,362608
2021-07-13,14880.0,14994.75,14794.5,14865.0,14865.0,506392
2021-07-14,14869.75,14996.0,14841.25,14891.75,14891.75,499191
2021-07-15,14895.0,14962.75,14708.25,14787.5,14787.5,634785
2021-07-16,14778.5,14869.5,14656.0,14670.5,14670.5,539012
2021-07-19,14675.0,14682.5,14445.0,14540.75,14540.75,720291
2021-07-20,14593.75,14782.5,14516.75,14722.75,14722.75,529359
2021-07-21,14729.75,14839.5,14668.25,14827.75,14827.75,404345
2021-07-22,14836.75,14982.75,14826.75,14928.5,14928.5,425426
2021-07-23,14979.5,15117.25,14934.25,15098.0,15098.0,449261
2021-07-26,15098.0,15134.0,15038.75,15117.75,15117.75,391517
2021-07-27,15125.25,15131.5,14774.25,14947.75,14947.75,671793
2021-07-28,14875.75,15074.5,14866.0,15011.5,15011.5,577186
2021-07-29,14984.75,15084.0,14905.0,15037.75,15037.75,412593
2021-07-30,14905.25,14980.0,14811.25,14955.75,14955.75,505630
2021-08-02,14972.75,15056.25,14932.25,14952.75,14952.75,446142
2021-08-03,14962.25,15050.0,14849.0,15046.25,15046.25,520377
2021-08-04,15038.0,15108.0,14997.0,15073.5,15073.5,445703
2021-08-05,15081.75,15172.5,15069.25,15167.75,15167.75,341554
2021-08-06,15167.75,15169.75,15047.25,15095.5,15095.5,425074
2021-08-09,15090.25,15145.5,15003.25,15125.25,15125.25,361388
2021-08-10,15128.75,15157.25,14994.5,15044.5,15044.5,475298
2021-08-11,15045.0,15119.0,14963.0,15019.5,15019.5,479700
2021-08-12,15008.5,15090.5,14941.25,15078.5,15078.5,384239
2021-08-13,15079.75,15141.75,15055.25,15125.75,15125.75,364520
2021-08-16,15119.25,15139.0,14917.25,15134.0,15134.0,590789
2021-08-17,15131.5,15133.75,14897.0,14997.5,14997.5,687897
2021-08-18,14970.25,15037.25,14806.5,14849.25,14849.25,568846
2021-08-19,14840.0,14999.0,14710.5,14928.0,14928.0,734184
2021-08-20,14943.25,15100.0,14851.0,15086.75,15086.75,504460
2021-08-23,15090.0,15337.5,15086.5,15304.5,15304.5,412591
2021-08-24,15327.0,15384.0,15309.5,15355.5,15355.5,365577
2021-08-25,15362.25,15397.0,15333.0,15364.25,15364.25,405227
2021-08-26,15367.25,15368.25,15255.25,15274.75,15274.75,564382
2021-08-27,15286.0,15443.75,15265.5,15426.5,15426.5,441045
2021-08-30,15432.75,15617.75,15420.0,15597.5,15597.5,417563
2021-08-31,15605.5,15677.25,15517.75,15582.5,15582.5,521129
2021-09-01,15599.5,15699.0,15578.5,15609.25,15609.25,465488
2021-09-02,15610.0,15682.0,15551.75,15601.0,15601.0,463636
2021-09-03,15601.0,15677.5,15552.25,15651.5,15651.5,462870
2021-09-07,15656.0,15708.75,15606.75,15674.75,15674.75,542055
2021-09-08,15671.0,15691.0,15523.75,15620.0,15620.0,559402
2021-09-09,15610.0,15675.75,15545.75,15558.75,15558.75,531288
2021-09-10,15561.0,15668.0,15433.5,15441.5,15441.5,402816
2021-09-13,15452.5,15565.0,15350.25,15436.75,15436.75,363283
2021-09-14,15452.25,15530.75,15351.25,15387.0,15387.0,237816
2021-09-15,15395.5,15521.75,15315.25,15504.0,15504.0,156770
2021-09-16,15516.5,15542.0,15369.5,15517.75,15517.75,105428
2021-09-17,15502.75,15547.0,15474.0,15486.669921875,15486.669921875,641864
2021-09-20,15284.0,15338.25,14807.5,15009.5,15009.5,845911
2021-09-21,14992.0,15163.25,14963.25,15024.0,15024.0,659780
2021-09-22,14992.75,15227.0,14930.5,15163.5,15163.5,601005
2021-09-23,15178.25,15347.0,15175.25,15303.5,15303.5,514535
2021-09-24,15300.25,15334.25,15176.75,15318.75,15318.75,470511
2021-09-27,15319.0,15399.25,15084.0,15194.75,15194.75,543381
2021-09-28,15172.25,15192.25,14740.75,14764.75,14764.75,836785
2021-09-29,14769.25,14926.0,14711.0,14739.75,14739.75,649554
2021-09-30,14769.75,14883.5,14670.25,14682.5,14682.5,699372
2021-10-01,14702.25,14818.0,14537.0,14761.75,14761.75,663413
2021-10-04,14785.0,14835.0,14367.75,14462.25,14462.25,802849
2021-10-05,14493.75,14754.75,14410.5,14655.25,14655.25,574640
2021-10-06,14662.0,14770.0,14422.5,14759.0,14759.0,756883
2021-10-07,14768.0,15001.25,14767.0,14881.25,14881.25,492756
2021-10-08,14891.25,14996.0,14790.75,14808.25,14808.25,550607
2021-10-11,14810.25,14897.25,14677.0,14700.5,14700.5,510490
2021-10-12,14688.5,14783.25,14585.5,14653.25,14653.25,599367
2021-10-13,14594.0,14795.75,14591.0,14764.25,14764.25,556059
2021-10-14,14770.25,15071.5,14767.5,15037.25,15037.25,425055
2021-10-15,15063.75,15145.0,15020.75,15134.5,15134.5,442893
2021-10-18,15145.0,15297.25,15038.75,15290.5,15290.5,423424
2021-10-19,15289.75,15428.25,15269.0,15398.5,15398.5,384792
2021-10-20,15411.0,15446.5,15319.0,15377.5,15377.5,451735
2021-10-21,15357.5,15483.75,15301.0,15478.75,15478.75,436644
2021-10-22,15383.0,15463.5,15273.75,15341.0,15341.0,545390
2021-10-25,15324.25,15546.0,15295.75,15495.75,15495.75,456009
2021-10-26,15543.0,15701.0,15503.0,15545.0,15545.0,586099
2021-10-27,15532.25,15717.5,15507.25,15587.25,15587.25,534474
2021-10-28,15595.0,15777.0,15591.75,15764.75,15764.75,498210
2021-10-29,15679.75,15864.75,15595.5,15838.5,15838.5,484693
2021-11-01,15885.25,15914.75,15768.5,15894.25,15894.25,411507
2021-11-02,15891.0,15980.25,15849.5,15961.25,15961.25,418550
2021-11-03,15957.75,16145.75,15935.25,16129.75,16129.75,448135
2021-11-04,16129.5,16376.0,16129.5,16330.75,16330.75,524361
2021-11-05,16335.0,16448.5,16292.0,16351.75,16351.75,525824
2021-11-08,16293.0,16394.0,16256.0,16327.75,16327.75,414326
2021-11-09,16315.5,16391.75,16160.0,16212.75,16212.75,560749
2021-11-10,16201.25,16243.0,15896.5,15980.5,15980.5,658266
2021-11-11,15989.0,16114.0,15976.0,16022.75,16022.75,434778
2021-11-12,16043.75,16213.25,16001.75,16192.75,16192.75,422493
2021-11-15,16212.25,16276.5,16082.25,16187.75,16187.75,483873
2021-11-16,16198.5,16323.75,16142.0,16300.75,16300.75,424380
2021-11-17,16297.75,16396.5,16270.0,16311.5,16311.5,455992
2021-11-18,16322.5,16508.0,16303.5,16481.25,16481.25,602241
2021-11-19,16503.25,16628.5,16490.25,16575.0,16575.0,549031
2021-11-22,16600.25,16767.5,16364.5,16382.0,16382.0,770668
2021-11-23,16399.0,16418.75,16118.5,16312.0,16312.0,901449
2021-11-24,16300.25,16368.5,16102.0,16366.0,16366.0,656267
2021-11-25,16360.0,16436.0,16352.25,16404.5,16404.5,656267
2021-11-26,16360.0,16436.0,15988.0,16051.0,16051.0,680753
2021-11-29,16046.5,16437.75,16038.0,16390.75,16390.75,597936
2021-11-30,16419.0,16456.25,16068.75,16150.5,16150.5,854651
2021-12-01,16238.75,16427.5,15825.25,15869.75,15869.75,861888
2021-12-02,15891.75,16066.25,15762.75,15988.5,15988.5,853707
2021-12-03,16020.0,16121.75,15538.0,15717.75,15717.75,898849
2021-12-06,15716.25,15897.25,15559.25,15842.75,15842.75,695515
2021-12-07,15848.75,16374.5,15824.5,16318.0,16318.0,594627
2021-12-08,16360.5,16436.75,16251.5,16392.25,16392.25,494849
2021-12-09,16380.5,16420.0,16120.25,16148.75,16148.75,612576
2021-12-10,16158.5,16335.75,16133.75,16329.75,16329.75,395288
2021-12-13,16321.75,16411.25,16064.25,16082.0,16082.0,286177
2021-12-14,16085.0,16133.75,15738.5,15924.75,15924.75,274758
2021-12-15,15928.5,16302.5,15744.5,16288.0,16288.0,161710
2021-12-16,16288.5,16459.25,15800.25,15870.5,15870.5,143255
2021-12-17,15873.0,15902.0,15668.0,15717.3203125,15717.3203125,800579
2021-12-20,15809.5,15851.75,15492.0,15621.25,15621.25,676197
2021-12-21,15674.25,15987.25,15605.0,15980.0,15980.0,530228
2021-12-22,15979.0,16183.0,15881.5,16169.75,16169.75,476670
2021-12-23,16180.0,16356.0,16145.25,16299.0,16299.0,349182
2021-12-27,16304.25,16580.75,16304.25,16560.0,16560.0,351308
2021-12-28,16565.75,16659.5,16452.25,16488.0,16488.0,454633
2021-12-29,16513.5,16564.25,16387.5,16490.5,16490.5,354985
2021-12-30,16484.5,16567.5,16411.25,16430.25,16430.25,304259
2021-12-31,16431.0,16464.0,16313.75,16320.75,16320.75,363720
2022-01-03,16356.0,16508.0,16292.0,16485.5,16485.5,513549
2022-01-04,16497.75,16564.0,16139.5,16275.75,16275.75,669527
2022-01-05,16265.0,16269.0,15752.75,15766.5,15766.5,769790
2022-01-06,15763.75,15895.75,15598.5,15759.0,15759.0,802950
2022-01-07,15801.75,15852.75,15510.0,15581.0,15581.0,704406
2022-01-10,15590.0,15669.0,15152.5,15608.0,15608.0,888780
2022-01-11,15622.25,15839.5,15475.0,15831.0,15831.0,709363
2022-01-12,15826.0,16009.25,15762.5,15887.25,15887.25,671265
2022-01-13,15901.0,15979.75,15458.25,15490.25,15490.25,763018
2022-01-14,15505.0,15621.0,15312.5,15595.75,15595.75,795897
2022-01-18,15616.75,15653.25,15170.75,15206.0,15206.0,868066
2022-01-19,15238.75,15372.0,15011.25,15033.5,15033.5,776612
2022-01-20,15042.25,15340.25,14646.75,14841.0,14841.0,771410
2022-01-21,14722.0,14858.5,14408.5,14426.5,14426.5,1041723
2022-01-24,14410.0,14582.0,13706.0,14501.0,14501.0,1323080
2022-01-25,14495.0,14499.0,13890.0,14140.75,14140.75,957800
2022-01-26,13945.5,14639.75,13945.5,14158.5,14158.5,908549
2022-01-27,14194.0,14409.25,13844.5,13986.75,13986.75,866647
2022-01-28,14167.75,14442.0,13831.0,14433.0,14433.0,878243
2022-01-31,14454.0,14914.75,14353.25,14905.0,14905.0,654278
2022-02-01,14868.75,15137.0,14729.25,14994.75,14994.75,597305
2022-02-02,15129.0,15260.0,14825.0,15114.5,15114.5,645396
2022-02-03,14852.5,14870.0,14456.25,14492.25,14492.25,731581
2022-02-04,14770.0,14825.75,14362.75,14685.5,14685.5,763735
2022-02-07,14682.5,14806.25,14511.5,14559.75,14559.75,562312
2022-02-08,14600.0,14776.0,14467.5,14734.5,14734.5,611858
2022-02-09,14746.25,15068.0,14741.0,15038.25,15038.25,529886
2022-02-10,15062.25,15062.25,14622.0,14701.0,14701.0,834478
2022-02-11,14698.25,14766.75,14181.0,14240.5,14240.5,835981
2022-02-14,14250.0,14394.0,14031.0,14253.0,14253.0,734224
2022-02-15,14257.0,14614.75,14223.25,14609.5,14609.5,558472
2022-02-16,14588.0,14668.5,14381.0,14600.0,14600.0,594304
2022-02-17,14592.25,14619.5,14131.5,14164.75,14164.75,631084
2022-02-18,14156.25,14299.0,13906.25,13996.0,13996.0,760914
2022-02-22,13952.75,14157.5,13580.25,13862.75,13862.75,1114720
2022-02-23,13928.25,14068.75,13471.25,13507.5,13507.5,713187
2022-02-24,13484.25,13983.25,13025.75,13966.5,13966.5,1122732
2022-02-25,13909.5,14196.25,13760.25,14180.5,14180.5,784997
2022-02-28,13900.25,14292.25,13683.0,14228.0,14228.0,753711
2022-03-01,14219.25,14327.75,13900.0,14005.5,14005.5,645171
2022-03-02,14026.25,14290.0,13911.5,14239.25,14239.25,629022
2022-03-03,14196.5,14391.0,13955.0,14030.5,14030.5,596925
2022-03-04,14069.25,14086.5,13733.75,13839.75,13839.75,725774
2022-03-07,13763.5,13879.75,13265.0,13320.75,13320.75,717846
2022-03-08,13283.0,13666.0,13103.25,13267.0,13267.0,841407
2022-03-09,13192.25,13821.75,13189.75,13734.75,13734.75,650826
2022-03-10,13778.0,13778.0,13396.25,13586.0,13586.0,611077
2022-03-11,13577.25,13860.75,13281.75,13292.0,13292.0,439890
2022-03-14,13362.0,13447.5,13015.5,13045.5,13045.5,402608
2022-03-15,13082.0,13489.0,12944.0,13451.75,13451.75,284955
2022-03-16,13451.75,14029.25,13420.5,13953.0,13953.0,274498
2022-03-17,13999.0,14136.25,13822.75,14111.75,14111.75,125160
2022-03-18,14060.0,14095.3095703125,13970.5,14095.3095703125,14095.3095703125,558776
2022-03-21,14404.0,14466.75,14183.75,14370.5,14370.5,589629
2022-03-22,14390.0,14690.75,14293.5,14654.0,14654.0,509918
2022-03-23,14654.0,14682.25,14441.0,14447.0,14447.0,555130
2022-03-24,14462.75,14769.75,14433.5,14763.75,14763.75,512267
2022-03-25,14765.0,14840.5,14572.5,14755.75,14755.75,553931
2022-03-28,14756.0,14997.0,14658.75,14985.25,14985.25,532125
2022-03-29,14981.0,15268.75,14956.5,15237.75,15237.75,552951
2022-03-30,15222.0,15262.25,15012.25,15071.5,15071.5,513516
2022-03-31,15100.5,15180.75,14855.5,14868.75,14868.75,560785
2022-04-01,14918.75,14960.0,14725.0,14863.75,14863.75,539029
2022-04-04,14846.0,15174.5,14801.0,15164.25,15164.25,460171
2022-04-05,15155.5,15198.0,14780.25,14828.0,14828.0,563198
2022-04-06,14861.0,14861.25,14394.75,14505.25,14505.25,783213
2022-04-07,14496.25,14633.75,14317.0,14536.0,14536.0,645737
2022-04-08,14536.25,14642.25,14310.5,14327.0,14327.0,640156
2022-04-11,14345.0,14382.0,13984.75,14000.0,14000.0,577477
2022-04-12,14006.25,14284.25,13881.25,13945.0,13945.0,704351
2022-04-13,13952.75,14266.5,13921.0,14221.5,14221.5,530164
2022-04-14,14211.5,14296.25,13876.5,13893.75,13893.75,548400
2022-04-18,13892.0,14002.5,13729.5,13907.75,13907.75,492103
2022-04-19,13962.75,14242.0,13828.0,14217.25,14217.25,556357
2022-04-20,14104.75,14298.0,13956.5,14004.75,14004.75,604344
2022-04-21,14070.0,14283.0,13667.5,13728.25,13728.25,685788
2022-04-22,13720.0,13781.0,13297.0,13353.5,13353.5,732255
2022-04-25,13334.25,13549.75,13184.0,13535.75,13535.75,749649
2022-04-26,13523.5,13583.75,12801.5,13016.0,13016.0,755330
2022-04-27,12881.0,13255.25,12878.25,13009.0,13009.0,817196
2022-04-28,13191.0,13542.0,13033.0,13454.75,13454.75,756360
2022-04-29,13219.5,13433.0,12831.75,12852.0,12852.0,723386
2022-05-02,12892.25,13084.5,12709.75,13073.0,13073.0,763818
2022-05-03,13051.75,13183.75,12968.5,13087.5,13087.5,662216
2022-05-04,13121.0,13555.25,12883.0,13531.25,13531.25,703191
2022-05-05,13500.25,13548.0,12705.25,12858.0,12858.0,877795
2022-05-06,12883.25,12928.75,12519.0,12695.75,12695.75,852234
2022-05-09,12605.0,12637.25,12135.25,12193.75,12193.75,816033
2022-05-10,12206.0,12547.0,12102.25,12349.0,12349.0,853859
2022-05-11,12328.75,12553.25,11938.5,11969.75,11969.75,865890
2022-05-12,12004.5,12132.75,11689.0,11947.25,11947.25,878238
2022-05-13,11891.5,12432.0,11891.5,12382.75,12382.75,663517
2022-05-16,12409.0,12498.75,12190.25,12244.75,12244.75,623715
2022-05-17,12235.5,12578.0,12234.0,12560.25,12560.25,653222
2022-05-18,12572.0,12594.0,11862.75,11935.5,11935.5,735386
2022-05-19,11907.0,12076.75,11704.0,11878.25,11878.25,827741
2022-05-20,11898.0,12096.75,11491.25,11840.75,11840.75,806781
2022-05-23,11866.0,12075.5,11783.75,12035.25,12035.25,660213
2022-05-24,11915.0,11918.0,11576.25,11771.0,11771.0,717429
2022-05-25,11808.0,12036.0,11672.0,11942.25,11942.25,671096
2022-05-26,11887.5,12343.0,11848.25,12279.25,12279.25,611884
2022-05-27,12250.0,12720.25,12222.0,12677.75,12677.75,615992
2022-05-31,12705.25,12883.0,12480.0,12646.5,12646.5,832388
2022-06-01,12662.5,12823.5,12454.75,12551.0,12551.0,682211
2022-06-02,12549.75,12903.75,12442.5,12893.75,12893.75,620008
2022-06-03,12896.0,12945.25,12503.0,12551.0,12551.0,652955
2022-06-06,12549.75,12810.0,12527.0,12605.0,12605.0,536936
2022-06-07,12605.25,12740.25,12412.5,12711.5,12711.5,577970
2022-06-08,12680.5,12783.0,12579.25,12615.75,12615.75,583652
2022-06-09,12625.0,12726.0,12255.25,12275.0,12275.0,690155
2022-06-10,12301.5,12338.75,11823.0,11840.0,11840.0,617395
2022-06-13,11768.0,11772.5,11254.5,11296.5,11296.5,530220
2022-06-14,11334.25,11505.5,11205.0,11314.25,11314.25,378134
2022-06-15,11329.75,11759.25,11327.75,11593.75,11593.75,265812
2022-06-16,11608.5,11737.75,11036.75,11124.75,11124.75,146538
2022-06-17,11178.5,11290.0,11130.25,11130.3896484375,11130.3896484375,731831
2022-06-20,11332.5,11437.5,11273.75,11420.75,11420.75,731831
2022-06-21,11332.5,11678.25,11273.75,11577.25,11577.25,657209
2022-06-22,11579.75,11745.75,11320.5,11565.75,11565.75,638960
2022-06-23,11542.75,11766.75,11460.5,11737.5,11737.5,630125
2022-06-24,11687.75,12148.5,11684.75,12140.5,12140.5,563303
2022-06-27,12137.5,12262.0,11994.25,12040.5,12040.5,565803
2022-06-28,12076.25,12174.25,11661.5,11674.25,11674.25,634694
2022-06-29,11680.5,11749.0,11564.5,11691.0,11691.0,590173
2022-06-30,11691.5,11696.75,11351.0,11529.5,11529.5,738071
2022-07-01,11507.5,11629.75,11381.75,11611.25,11611.25,605401
2022-07-05,11606.0,11815.75,11389.25,11808.5,11808.5,790937
2022-07-06,11820.25,11974.25,11727.75,11880.25,11880.25,649912
2022-07-07,11901.25,12168.5,11836.5,12138.5,12138.5,550463
2022-07-08,12115.0,12211.0,11952.5,12152.0,12152.0,640445
2022-07-11,12149.75,12149.75,11853.0,11884.25,11884.25,578336
2022-07-12,11900.5,12025.5,11712.0,11779.0,11779.0,607949
2022-07-13,11780.0,11970.0,11479.25,11762.25,11762.25,732270
2022-07-14,11729.5,11835.0,11511.25,11797.5,11797.5,654560
2022-07-15,11810.5,12021.5,11740.25,12007.5,12007.5,560980
2022-07-18,12043.5,12186.5,11857.0,11907.0,11907.0,553676
2022-07-19,11909.5,12328.5,11889.5,12274.0,12274.0,585591
2022-07-20,12330.5,12517.5,12235.75,12465.25,12465.25,643607
2022-07-21,12440.0,12655.25,12373.5,12640.0,12640.0,605066
2022-07-22,12559.25,12698.5,12343.75,12423.5,12423.5,634548
2022-07-25,12444.5,12498.5,12266.5,12354.5,12354.5,491612
2022-07-26,12311.25,12334.0,12072.0,12112.5,12112.5,536287
2022-07-27,12192.0,12690.0,12191.75,12619.0,12619.0,634889
2022-07-28,12580.0,12948.0,12449.0,12737.5,12737.5,645261
2022-07-29,12920.25,13012.0,12744.25,12971.5,12971.5,592416
2022-08-01,12981.0,13108.75,12851.75,12962.5,12962.5,622511
2022-08-02,12974.25,13097.0,12814.75,12924.5,12924.5,674564
2022-08-03,12921.0,13310.25,12867.25,13271.5,13271.5,690056
2022-08-04,13247.0,13356.0,13184.75,13327.0,13327.0,542680
2022-08-05,13327.25,13384.5,13085.0,13228.75,13228.75,687792
2022-08-08,13227.75,13419.25,13120.5,13183.25,13183.25,597182
2022-08-09,13206.25,13233.75,12963.25,13031.5,13031.5,553704
2022-08-10,13050.0,13408.0,12982.0,13392.0,13392.0,602069
2022-08-11,13380.5,13575.0,13285.0,13311.25,13311.25,614816
2022-08-12,13344.25,13583.25,13312.0,13577.75,13577.75,500647
2022-08-15,13571.5,13706.0,13495.25,13681.25,13681.25,463768
2022-08-16,13674.75,13740.75,13522.75,13658.25,13658.25,555979
2022-08-17,13658.0,13672.0,13406.25,13493.25,13493.25,610667
2022-08-18,13503.0,13575.5,13410.75,13523.25,13523.25,530513
2022-08-19,13534.25,13534.5,13228.75,13268.5,13268.5,618758
2022-08-22,13226.5,13226.5,12874.5,12909.75,12909.75,599946
2022-08-23,12933.75,13018.5,12823.5,12896.5,12896.5,570278
2022-08-24,12892.0,13011.25,12825.75,12929.75,12929.75,503227
2022-08-25,12944.0,13161.5,12925.0,13156.0,13156.0,543666
2022-08-26,13153.75,13220.0,12557.5,12620.5,12620.5,753862
2022-08-29,12485.0,12610.25,12401.5,12492.75,12492.75,693093
2022-08-30,12503.5,12658.25,12247.5,12358.75,12358.75,797462
2022-08-31,12366.0,12513.0,12276.25,12285.25,12285.25,672068
2022-09-01,12284.75,12299.5,12017.75,12292.25,12292.25,820606
2022-09-02,12297.75,12461.5,12040.25,12104.25,12104.25,835870
2022-09-06,12110.5,12244.5,11930.0,12019.0,12019.0,895450
2022-09-07,12019.75,12306.25,11921.5,12263.25,12263.25,677159
2022-09-08,12267.75,12379.5,12115.75,12321.75,12321.75,737024
2022-09-09,12345.25,12613.75,12329.5,12592.5,12592.5,535984
2022-09-12,12626.0,12773.75,12573.25,12740.75,12740.75,444255
2022-09-13,12769.5,12889.0,12003.25,12036.5,12036.5,463841
2022-09-14,12050.25,12173.0,12001.75,12142.0,12142.0,270232
2022-09-15,12159.0,12187.75,11866.5,11934.75,11934.75,169928
2022-09-16,11880.0,11880.0,11750.5,11814.580078125,11814.580078125,754923
2022-09-19,11920.0,12066.25,11792.25,12024.0,12024.0,632663
2022-09-20,12045.75,12092.5,11828.25,11922.25,11922.25,704882
2022-09-21,11946.0,12140.5,11647.5,11710.0,11710.0,822965
2022-09-22,11661.25,11796.0,11510.0,11565.5,11565.5,786180
2022-09-23,11583.75,11600.25,11229.0,11376.75,11376.75,799378
2022-09-26,11362.5,11537.75,11256.5,11316.25,11316.25,809853
2022-09-27,11315.5,11568.25,11233.5,11333.75,11333.75,841073
2022-09-28,11361.0,11613.5,11141.5,11555.75,11555.75,897742
2022-09-29,11544.0,11567.25,11091.5,11228.25,11228.25,891823
2022-09-30,11220.0,11357.25,11024.25,11035.5,11035.5,878168
2022-10-03,11030.0,11358.25,10890.75,11285.75,11285.75,757581
2022-10-04,11314.5,11675.0,11281.5,11640.75,11640.75,772885
2022-10-05,11630.25,11711.0,11366.5,11623.75,11623.75,700889
2022-10-06,11628.0,11729.75,11505.25,11541.75,11541.75,773914
2022-10-07,11494.5,11564.5,11043.25,11101.5,11101.5,759141
2022-10-10,11067.75,11136.5,10876.75,10984.5,10984.5,757732
2022-10-11,10987.0,11039.5,10767.25,10845.0,10845.0,833906
2022-10-12,10875.0,10976.75,10805.5,10840.5,10840.5,731214
2022-10-13,10859.0,11142.75,10484.75,11083.75,11083.75,1050244
2022-10-14,11064.75,11253.5,10726.75,10744.0,10744.0,843525
2022-10-17,10720.0,11146.25,10713.0,11110.25,11110.25,638720
2022-10-18,11161.25,11431.75,11081.5,11198.75,11198.75,832215
2022-10-19,11320.25,11382.75,11049.0,11153.25,11153.25,733776
2022-10-20,11134.0,11328.75,11008.0,11090.75,11090.75,739672
2022-10-21,11061.25,11386.25,10935.5,11358.5,11358.5,840952
2022-10-24,11393.75,11530.25,11207.75,11478.75,11478.75,715016
2022-10-25,11453.75,11734.0,11430.25,11713.5,11713.5,660210
2022-10-26,11510.0,11703.5,11415.0,11446.0,11446.0,784638
2022-10-27,11417.75,11537.5,10921.5,11235.25,11235.25,769071
2022-10-28,11122.75,11626.0,11062.0,11587.0,11587.0,728261
2022-10-31,11592.5,11595.0,11367.25,11447.25,11447.25,607680
2022-11-01,11455.0,11619.0,11288.75,11332.0,11332.0,605362
2022-11-02,11320.25,11460.0,10909.0,10944.5,10944.5,770983
2022-11-03,10938.0,10996.0,10708.0,10728.0,10728.0,705050
2022-11-04,10712.0,10974.25,10636.0,10890.25,10890.25,881129
2022-11-07,10786.5,11038.5,10751.0,11014.25,11014.25,554692
2022-11-08,11016.0,11231.25,10928.75,11094.25,11094.25,728868
2022-11-09,11089.25,11164.25,10822.25,10830.75,10830.75,669071
2022-11-10,10841.0,11677.0,10808.0,11632.25,11632.25,862147
2022-11-11,11669.75,11876.75,11569.25,11848.0,11848.0,682257
2022-11-14,11791.0,11898.5,11702.0,11734.75,11734.75,576678
2022-11-15,11768.5,12118.75,11761.75,11904.25,11904.25,771822
2022-11-16,11882.0,11963.0,11706.5,11739.5,11739.5,577864
2022-11-17,11777.75,11827.5,11528.25,11710.5,11710.5,658469
2022-11-18,11747.75,11843.0,11607.0,11708.0,11708.0,585873
2022-11-21,11723.0,11756.0,11553.0,11588.0,11588.0,477970
2022-11-22,11588.0,11759.25,11526.5,11754.5,11754.5,531087
2022-11-23,11741.5,11892.75,11720.0,11862.75,11862.75,474645
2022-11-25,11878.0,11933.0,11766.25,11782.75,11782.75,252366
2022-11-28,11731.25,11788.5,11575.25,11616.25,11616.25,506250
2022-11-29,11625.0,11704.5,11465.0,11524.75,11524.75,555859
2022-11-30,11520.0,12078.5,11497.75,12042.25,12042.25,769082
2022-12-01,12079.25,12145.0,11943.25,12062.75,12062.75,629297
2022-12-02,12039.75,12067.75,11740.5,12010.25,12010.25,588295
2022-12-05,12000.5,12015.75,11745.5,11805.75,11805.75,537924
2022-12-06,11812.0,11846.25,11502.0,11566.0,11566.0,657271
2022-12-07,11566.0,11596.25,11422.5,11509.5,11509.5,634691
2022-12-08,11500.0,11685.75,11433.0,11645.5,11645.5,600826
2022-12-09,11641.5,11748.0,11517.0,11569.75,11569.75,504052
2022-12-12,11553.0,11716.0,11522.75,11711.75,11711.75,354886
2022-12-13,11691.25,12229.5,11680.5,11839.75,11839.75,407612
2022-12-14,11839.0,11948.5,11613.75,11750.75,11750.75,197122
2022-12-15,11758.75,11779.5,11298.25,11347.25,11347.25,182838
2022-12-16,11340.25,11381.25,11206.5,11327.0400390625,11327.0400390625,665526
2022-12-19,11328.75,11411.0,11131.75,11193.25,11193.25,562529
2022-12-20,11182.5,11247.0,11043.5,11175.75,11175.75,625090
2022-12-21,11206.5,11389.75,11181.0,11334.5,11334.5,631322
2022-12-22,11357.0,11384.75,10870.5,11054.25,11054.25,714500
2022-12-23,11061.0,11143.0,10916.25,11075.25,11075.25,534525
2022-12-27,11104.0,11183.75,10896.0,10915.5,10915.5,499799
2022-12-28,10915.75,10996.5,10758.75,10772.75,10772.75,635572
2022-12-29,10785.75,11071.5,10777.5,11032.75,11032.75,470004
2022-12-30,11033.5,11051.5,10855.5,11022.25,11022.25,462484
2023-01-03,11122.5,11182.0,10844.75,10945.5,10945.5,657681
2023-01-04,10941.25,11068.5,10863.5,10999.25,10999.25,758003
2023-01-05,10988.5,11046.75,10805.0,10820.25,10820.25,694452
2023-01-06,10838.75,11165.75,10751.0,11113.5,11113.5,736332
2023-01-09,11126.5,11385.5,11120.25,11185.5,11185.5,646318
2023-01-10,11184.75,11288.75,11094.0,11282.0,11282.0,559281
2023-01-11,11282.5,11479.5,11239.75,11476.5,11476.5,500153
2023-01-12,11474.5,11579.75,11291.0,11534.25,11534.25,754571
2023-01-13,11528.5,11619.5,11389.0,11608.0,11608.0,482002
2023-01-16,11613.5,11638.75,11510.25,11564.0,11564.0,482002
2023-01-17,11613.5,11685.0,11510.25,11624.5,11624.5,576141
2023-01-18,11619.75,11759.5,11468.0,11475.75,11475.75,619614
2023-01-19,11470.5,11487.0,11308.5,11356.5,11356.5,594769
2023-01-20,11401.0,11686.75,11365.25,11677.0,11677.0,577769
2023-01-23,11676.75,11983.0,11650.5,11934.0,11934.0,593978
2023-01-24,11933.0,12010.5,11835.75,11909.5,11909.5,511370
2023-01-25,11970.5,11976.5,11604.5,11873.25,11873.25,633473
2023-01-26,11874.75,12113.0,11867.25,12106.75,12106.75,621434
2023-01-27,12049.0,12308.5,12016.0,12222.25,12222.25,588072
2023-01-30,12212.5,12252.0,11960.0,11968.0,11968.0,634667
2023-01-31,11984.0,12156.0,11871.0,12152.0,12152.0,585202
2023-02-01,12116.0,12524.5,12055.25,12414.25,12414.25,668515
2023-02-02,12520.0,12949.75,12501.75,12846.75,12846.75,817822
2023-02-03,12748.25,12878.0,12551.25,12624.0,12624.0,824209
2023-02-06,12572.0,12608.5,12455.75,12515.5,12515.5,535147
2023-02-07,12513.0,12818.5,12459.25,12776.75,12776.75,744996
2023-02-08,12747.0,12808.5,12512.75,12545.25,12545.25,590355
2023-02-09,12555.0,12728.5,12366.5,12425.5,12425.5,612404
2023-02-10,12448.75,12451.5,12243.25,12346.25,12346.25,600244
2023-02-13,12357.5,12567.0,12265.25,12540.5,12540.5,467840
2023-02-14,12547.25,12687.0,12390.5,12631.0,12631.0,719204
2023-02-15,12620.75,12756.5,12524.25,12730.0,12730.0,568579
2023-02-16,12740.0,12792.75,12455.25,12482.5,12482.5,682325
2023-02-17,12462.5,12466.25,12265.75,12390.0,12390.0,629355
2023-02-21,12380.0,12417.75,12090.25,12096.75,12096.75,609494
2023-02-22,12108.0,12190.5,12034.0,12097.5,12097.5,640711
2023-02-23,12176.25,12261.0,12028.5,12207.5,12207.5,640962
2023-02-24,12190.0,12214.5,11923.0,11997.0,11997.0,643618
2023-02-27,12003.0,12189.5,11990.0,12083.25,12083.25,578952
2023-02-28,12093.5,12172.75,12025.75,12072.25,12072.25,646026
2023-03-01,12041.25,12141.75,11924.75,11961.75,11961.75,759645
2023-03-02,11967.0,12096.25,11832.5,12062.0,12062.0,752009
2023-03-03,12049.0,12329.0,12012.0,12311.25,12311.25,675472
2023-03-06,12306.25,12486.25,12276.25,12323.5,12323.5,612506
2023-03-07,12320.25,12381.25,12142.25,12169.0,12169.0,685006
2023-03-08,12170.0,12254.5,12108.25,12228.25,12228.25,633419
2023-03-09,12231.0,12353.5,11977.5,12007.25,12007.25,816838
2023-03-10,12005.0,12109.0,11795.0,11840.25,11840.25,871209
2023-03-13,11894.75,12095.75,11674.25,11931.75,11931.75,694438
2023-03-14,11960.0,12223.0,11921.75,12207.0,12207.0,364395
2023-03-15,12200.75,12280.0,11972.0,12247.75,12247.75,261341
2023-03-16,12264.5,12600.5,12189.25,12583.0,12583.0,181754
2023-03-17,12575.75,12636.5,12531.75,12594.650390625,12594.650390625,734052
2023-03-20,12690.0,12750.0,12525.25,12688.5,12688.5,694471
2023-03-21,12699.75,12898.25,12676.5,12867.25,12867.25,565860
2023-03-22,12873.25,13082.0,12678.0,12707.0,12707.0,713083
2023-03-23,12695.0,13031.0,12694.25,12854.0,12854.0,838385
2023-03-24,12871.5,12924.75,12728.0,12890.25,12890.25,676547
2023-03-27,12916.0,12984.5,12765.5,12788.5,12788.5,562634
2023-03-28,12810.5,12833.5,12634.25,12732.5,12732.5,537965
2023-03-29,12745.5,12994.0,12742.0,12965.0,12965.0,566316
2023-03-30,12962.5,13111.75,12931.5,13082.0,13082.0,583151
2023-03-31,13084.25,13311.5,13057.5,13301.75,13301.75,624955
2023-04-03,13262.0,13278.75,13154.0,13270.0,13270.0,542896
2023-04-04,13259.0,13348.75,13168.25,13219.0,13219.0,577032
2023-04-05,13230.0,13247.25,13006.0,13079.75,13079.75,577032
2023-04-06,13162.75,13169.75,13140.0,13166.0,13166.0,4709
