Begins At,Sentiment,Vader Prediction
2/25/2018,neutral,0.01065
2/26/2018,negative,-0.051511111
2/27/2018,negative,-0.0625
2/28/2018,positive,0.05508
3/1/2018,negative,-0.09465
3/2/2018,positive,0.09368
3/3/2018,neutral,0.013175
3/4/2018,positive,0.061416667
3/5/2018,negative,-0.11578
3/6/2018,negative,-0.19965
3/7/2018,negative,-0.1336
3/8/2018,neutral,-0.00348
3/9/2018,negative,-0.15671
3/10/2018,negative,-0.1909
3/11/2018,negative,-0.07334
3/12/2018,negative,-0.17714
3/13/2018,positive,0.12105
3/14/2018,negative,-0.084411111
3/15/2018,neutral,-0.01538
3/16/2018,positive,0.16958
3/17/2018,neutral,-0.011133333
3/18/2018,neutral,-0.0155375
3/19/2018,neutral,-0.02063
3/20/2018,negative,-0.14139
3/21/2018,negative,-0.14491
3/22/2018,negative,-0.09332
3/23/2018,negative,-0.06886
3/24/2018,neutral,-0.0192
3/25/2018,neutral,0.01005
3/26/2018,positive,0.130455556
3/27/2018,neutral,-0.02422
3/28/2018,neutral,-0.04908
3/29/2018,negative,-0.14911
3/30/2018,negative,-0.115471429
3/31/2018,positive,0.1204
4/1/2018,positive,0.14792
4/2/2018,positive,0.11457
4/3/2018,neutral,-0.03635
4/4/2018,neutral,0.04046
4/5/2018,neutral,0.00134
4/6/2018,negative,-0.12122
4/7/2018,positive,0.187814286
4/8/2018,positive,0.063285714
4/9/2018,positive,0.05452
4/10/2018,negative,-0.067766667
4/11/2018,negative,-0.06871
4/12/2018,neutral,0.01447
4/13/2018,positive,0.081155556
4/14/2018,negative,-0.06824
4/15/2018,neutral,0.0407
4/16/2018,negative,-0.20333
4/17/2018,positive,0.08027
4/18/2018,neutral,-0.03055
4/19/2018,negative,-0.07626
4/20/2018,negative,-0.06204
4/21/2018,negative,-0.0538625
4/22/2018,neutral,0.02965
4/23/2018,neutral,0.02347
4/24/2018,negative,-0.32082
4/25/2018,positive,0.07993
4/26/2018,neutral,0.00201
4/27/2018,positive,0.15325
4/28/2018,positive,0.122371429
4/29/2018,positive,0.0517
4/30/2018,neutral,-0.0432
5/1/2018,neutral,0.034133333
5/2/2018,positive,0.07783
5/3/2018,negative,-0.07813
5/4/2018,neutral,0.03673
5/5/2018,positive,0.14996
5/6/2018,negative,-0.098666667
5/7/2018,positive,0.06151
5/8/2018,positive,0.11882
5/9/2018,positive,0.12326
5/10/2018,neutral,0.01715
5/11/2018,negative,-0.11614
5/12/2018,neutral,-0.030711111
5/13/2018,negative,-0.098642857
5/14/2018,negative,-0.08881
5/15/2018,negative,-0.08471
5/16/2018,negative,-0.13689
5/17/2018,neutral,0.04478
5/18/2018,neutral,-0.02092
5/19/2018,positive,0.210642857
5/20/2018,positive,0.12343
5/21/2018,neutral,-0.01148
5/22/2018,positive,0.240755556
5/23/2018,positive,0.05979
5/24/2018,negative,-0.07727
5/25/2018,positive,0.09488
5/26/2018,neutral,0.039916667
5/27/2018,positive,0.095011111
5/28/2018,negative,-0.14686
5/29/2018,positive,0.05032
5/30/2018,negative,-0.24108
5/31/2018,positive,0.05796
6/1/2018,positive,0.17309
6/2/2018,positive,0.168585714
6/3/2018,negative,-0.076233333
6/4/2018,positive,0.11927
6/5/2018,neutral,-0.013677778
6/6/2018,positive,0.18654
6/7/2018,neutral,0.02125
6/8/2018,positive,0.161455556
6/9/2018,neutral,0.011411111
6/10/2018,neutral,0.0278125
6/11/2018,neutral,0.03709
6/12/2018,neutral,0.0457
6/13/2018,positive,0.12286
6/14/2018,positive,0.0627
6/15/2018,neutral,0.02645
6/16/2018,neutral,-0.028022222
6/17/2018,positive,0.1026625
6/18/2018,positive,0.12637
6/19/2018,positive,0.10765
6/20/2018,negative,-0.06656
6/21/2018,neutral,-0.04973
6/22/2018,negative,-0.1824
6/23/2018,positive,0.112966667
6/24/2018,negative,-0.100142857
6/25/2018,negative,-0.10272
6/26/2018,positive,0.21413
6/27/2018,negative,-0.11153
6/28/2018,positive,0.16307
6/29/2018,neutral,-0.01704
6/30/2018,neutral,-0.04526
7/1/2018,positive,0.20276
7/2/2018,neutral,0.048
7/3/2018,negative,-0.064122222
7/4/2018,negative,-0.169
7/5/2018,positive,0.12311
7/6/2018,negative,-0.075888889
7/7/2018,negative,-0.05135
7/8/2018,negative,-0.123514286
7/9/2018,positive,0.05506
7/10/2018,neutral,0.03803
7/11/2018,negative,-0.12092
7/12/2018,neutral,-0.026418182
7/13/2018,positive,0.11971
7/14/2018,positive,0.203942857
7/15/2018,negative,-0.10988
7/16/2018,positive,0.22489
7/17/2018,neutral,-0.007920000
7/18/2018,negative,-0.05157
7/19/2018,positive,0.07934
7/20/2018,positive,0.2011
7/21/2018,neutral,0.00945
7/22/2018,positive,0.1316
7/23/2018,positive,0.24049
7/24/2018,positive,0.14741
7/25/2018,neutral,0.005772727
7/26/2018,negative,-0.22922
7/27/2018,negative,-0.2068
7/28/2018,negative,-0.059325
7/29/2018,positive,0.0735
7/30/2018,positive,0.13062
7/31/2018,neutral,0.031711111
8/1/2018,neutral,-0.02641
8/2/2018,positive,0.15712
8/3/2018,neutral,0.03119
8/4/2018,neutral,-0.0499
8/5/2018,neutral,-0.005371429
8/6/2018,negative,-0.14396
8/7/2018,neutral,0.00117
8/8/2018,neutral,0.02666
8/9/2018,neutral,-0.01231
8/10/2018,neutral,-0.019845455
8/11/2018,neutral,-0.04383
8/12/2018,positive,0.263628571
8/13/2018,neutral,-0.02049
8/14/2018,negative,-0.13458
8/15/2018,positive,0.07632
8/16/2018,negative,-0.081822222
8/17/2018,neutral,0.039022222
8/18/2018,negative,-0.106225
8/19/2018,positive,0.2747
8/20/2018,neutral,0.0092
8/21/2018,neutral,-0.0077
8/22/2018,neutral,0.03779
8/23/2018,negative,-0.08389
8/24/2018,neutral,0
8/25/2018,neutral,-0.039128571
8/26/2018,negative,-0.0502375
8/27/2018,negative,-0.10797
8/28/2018,negative,-0.11087
8/29/2018,positive,0.11324
8/30/2018,negative,-0.14101
8/31/2018,negative,-0.0769
9/1/2018,neutral,0.04562
9/2/2018,negative,-0.084611111
9/3/2018,neutral,-0.01531
9/4/2018,neutral,-0.036033333
9/5/2018,negative,-0.09904
9/6/2018,neutral,0.00837
9/7/2018,positive,0.1615
9/8/2018,neutral,0.036755556
9/9/2018,negative,-0.153033333
9/10/2018,neutral,0.00968
9/11/2018,negative,-0.18067
9/12/2018,positive,0.13747
9/13/2018,negative,-0.08051
9/14/2018,positive,0.09392
9/15/2018,positive,0.1806
9/16/2018,positive,0.05176
9/17/2018,neutral,-0.003685714
9/18/2018,neutral,-0.00103
9/19/2018,neutral,0.02522
9/20/2018,positive,0.05651
9/21/2018,negative,-0.16171
9/22/2018,neutral,-0.0322125
9/23/2018,negative,-0.0619375
9/24/2018,neutral,0.03007
9/25/2018,positive,0.14414
9/26/2018,neutral,0.01413
9/27/2018,neutral,-0.04427
9/28/2018,neutral,0.01439
9/29/2018,positive,0.0602
9/30/2018,positive,0.232371429
10/1/2018,neutral,-0.042655556
10/2/2018,positive,0.09276
10/3/2018,positive,0.05601
10/4/2018,neutral,-0.01901
10/5/2018,neutral,0.02262
10/6/2018,neutral,0.023316667
10/7/2018,negative,-0.18152
10/8/2018,positive,0.0875
10/9/2018,positive,0.11669
10/10/2018,neutral,0.01794
10/11/2018,negative,-0.07711
10/12/2018,negative,-0.151955556
10/13/2018,negative,-0.052585714
10/14/2018,neutral,0.01164
10/15/2018,negative,-0.18033
10/16/2018,negative,-0.18608
10/17/2018,positive,0.15204
10/18/2018,positive,0.05112
10/19/2018,negative,-0.06194
10/20/2018,negative,-0.146475
10/21/2018,neutral,0.006375
10/22/2018,neutral,0.004430000
10/23/2018,negative,-0.08021
10/24/2018,positive,0.12813
10/25/2018,negative,-0.12902
10/26/2018,positive,0.05967
10/27/2018,positive,0.163533333
10/28/2018,positive,0.05574
10/29/2018,negative,-0.0559
10/30/2018,neutral,-0.0107
10/31/2018,neutral,0.04553
11/1/2018,positive,0.11598
11/2/2018,neutral,-0.032522222
11/3/2018,neutral,-0.00425
11/4/2018,negative,-0.11718
11/5/2018,positive,0.05058
11/6/2018,negative,-0.14128
11/7/2018,positive,0.07549
11/8/2018,neutral,0.049533333
11/9/2018,neutral,0.00395
11/10/2018,negative,-0.141133333
11/11/2018,negative,-0.068466667
11/12/2018,neutral,-0.04027
11/13/2018,negative,-0.16764
11/14/2018,negative,-0.17989
11/15/2018,negative,-0.24318
11/16/2018,negative,-0.07937
11/17/2018,negative,-0.059875
11/18/2018,negative,-0.16895
11/19/2018,negative,-0.10801
11/20/2018,positive,0.0866
11/21/2018,neutral,0.01954
11/22/2018,negative,-0.10905
11/23/2018,neutral,-0.03933
11/24/2018,positive,0.092255556
11/25/2018,negative,-0.15187
11/26/2018,negative,-0.31471
11/27/2018,neutral,-0.03443
11/28/2018,positive,0.08107
11/29/2018,positive,0.193388889
11/30/2018,negative,-0.06768
12/1/2018,neutral,0.0428
12/2/2018,negative,-0.164925
12/3/2018,neutral,-0.00929
12/4/2018,negative,-0.11709
12/5/2018,neutral,-0.003133333
12/6/2018,negative,-0.06542
12/7/2018,neutral,0.0364125
12/8/2018,neutral,0.0147
12/9/2018,positive,0.0543
12/10/2018,positive,0.13577
12/11/2018,positive,0.14272
12/12/2018,neutral,0.00723
12/13/2018,negative,-0.3017
12/14/2018,negative,-0.08654
12/15/2018,positive,0.158216667
12/16/2018,negative,-0.1371875
12/17/2018,positive,0.071411111
12/18/2018,neutral,-0.00552
12/19/2018,negative,-0.08658
12/20/2018,negative,-0.14057
12/21/2018,negative,-0.06778
12/22/2018,positive,0.272533333
12/23/2018,neutral,0
12/24/2018,neutral,0.0163375
12/25/2018,positive,0.090383333
12/26/2018,positive,0.1376625
12/27/2018,negative,-0.156155556
12/28/2018,negative,-0.14389
12/29/2018,neutral,-0.00495
12/30/2018,positive,0.10846
12/31/2018,positive,0.05424
1/1/2019,negative,-0.099433333
1/2/2019,neutral,0.0267
1/3/2019,positive,0.198433333
1/4/2019,neutral,-0.03962
1/5/2019,positive,0.08798
1/6/2019,neutral,-0.005
1/7/2019,positive,0.108544444
1/8/2019,negative,-0.05508
1/9/2019,neutral,0.024644444
1/10/2019,negative,-0.1002
1/11/2019,positive,0.09444
1/12/2019,positive,0.2328
1/13/2019,positive,0.509675
1/14/2019,neutral,-0.01506
1/15/2019,negative,-0.15938
1/16/2019,negative,-0.1265
1/17/2019,positive,0.11117
1/18/2019,negative,-0.15425
1/19/2019,neutral,-0.00959
1/20/2019,negative,-0.23828
1/21/2019,neutral,0.03783
1/22/2019,positive,0.096183333
1/23/2019,neutral,0.03242
1/24/2019,neutral,-0.01114
1/25/2019,neutral,-0.015666667
1/26/2019,positive,0.096842857
1/27/2019,negative,-0.05118
1/28/2019,negative,-0.111255556
1/29/2019,negative,-0.0602
1/30/2019,neutral,0.014155556
1/31/2019,neutral,0.0398
2/1/2019,positive,0.18363
2/2/2019,neutral,0.0289
2/3/2019,negative,-0.160633333
2/4/2019,neutral,0.03415
2/5/2019,negative,-0.07491
2/6/2019,positive,0.17005
2/7/2019,neutral,0.009925000
2/8/2019,negative,-0.07988
2/9/2019,neutral,0.02769
2/10/2019,positive,0.084383333
2/11/2019,neutral,-0.0152
2/12/2019,negative,-0.138711111
2/13/2019,negative,-0.059766667
2/14/2019,positive,0.05453
2/15/2019,neutral,-0.04244
2/16/2019,neutral,0.045457143
2/17/2019,positive,0.413175
2/18/2019,positive,0.08538
2/19/2019,neutral,0.03599
2/20/2019,neutral,-0.01679
2/21/2019,positive,0.07343
2/22/2019,positive,0.08651
2/23/2019,positive,0.0526875
2/24/2019,neutral,0.0485
2/25/2019,neutral,0.04373
2/26/2019,positive,0.18895
2/27/2019,neutral,-0.03157
2/28/2019,negative,-0.06546
3/1/2019,negative,-0.050711111
3/2/2019,positive,0.1969
3/3/2019,neutral,-0.036642857
3/4/2019,positive,0.05032
3/5/2019,negative,-0.17509
3/6/2019,positive,0.167188889
3/7/2019,neutral,-0.01023
3/8/2019,negative,-0.12065
3/9/2019,negative,-0.088028571
3/10/2019,neutral,-0.003083333
3/11/2019,positive,0.064688889
3/12/2019,positive,0.0779
3/13/2019,neutral,-0.01333
3/14/2019,negative,-0.143888889
3/15/2019,positive,0.145488889
3/16/2019,neutral,0.008600000
3/17/2019,negative,-0.274925
3/18/2019,positive,0.12989
3/19/2019,positive,0.19762
3/20/2019,neutral,0.024575
3/21/2019,neutral,-0.002600000
3/22/2019,neutral,-0.010188889
3/23/2019,neutral,0.003685714
3/24/2019,positive,0.062633333
3/25/2019,negative,-0.12325
3/26/2019,negative,-0.07295
3/27/2019,positive,0.11857
3/28/2019,positive,0.06262
3/29/2019,positive,0.15586
3/30/2019,negative,-0.16528
3/31/2019,neutral,-0.009085714
4/1/2019,positive,0.0739
4/2/2019,positive,0.15744
4/3/2019,positive,0.05859
4/4/2019,negative,-0.09533
4/5/2019,neutral,0.02253
4/6/2019,neutral,0.031314286
4/7/2019,negative,-0.08799
4/8/2019,negative,-0.09777
4/9/2019,neutral,0.019033333
4/10/2019,positive,0.06223
4/11/2019,positive,0.07148
4/12/2019,neutral,0.04278
4/13/2019,neutral,-0.043833333
4/14/2019,positive,0.07636
4/15/2019,positive,0.13668
4/16/2019,positive,0.09144
4/17/2019,neutral,-0.03614
4/18/2019,neutral,0.0127
4/19/2019,negative,-0.08941
4/20/2019,negative,-0.426133333
4/21/2019,neutral,0.04785
4/22/2019,positive,0.062833333
4/23/2019,neutral,0.04095
4/24/2019,positive,0.075
4/25/2019,neutral,0.0366
4/26/2019,neutral,0.01154
4/27/2019,negative,-0.1947
4/28/2019,negative,-0.130877778
4/29/2019,neutral,0.02978
4/30/2019,neutral,-0.04176
5/1/2019,neutral,0.02581
5/2/2019,negative,-0.0531
5/3/2019,negative,-0.072533333
5/4/2019,negative,-0.20358
5/5/2019,positive,0.091071429
5/6/2019,negative,-0.105345455
5/7/2019,negative,-0.15229
5/8/2019,positive,0.117
5/9/2019,negative,-0.1349
5/10/2019,positive,0.185888889
5/11/2019,positive,0.0624375
5/12/2019,negative,-0.20134
5/13/2019,neutral,0.04886
5/14/2019,positive,0.1247
5/15/2019,positive,0.08718
5/16/2019,negative,-0.05224
5/17/2019,neutral,-0.041644444
5/18/2019,neutral,-0.020916667
5/19/2019,negative,-0.129785714
5/20/2019,negative,-0.213055556
5/21/2019,negative,-0.05994
5/22/2019,neutral,0.03045
5/23/2019,positive,0.17915
5/24/2019,positive,0.08754
5/25/2019,positive,0.12652
5/26/2019,negative,-0.155233333
5/27/2019,neutral,-0.0252875
5/28/2019,negative,-0.07813
5/29/2019,positive,0.062666667
5/30/2019,positive,0.09041
5/31/2019,neutral,0.002390000
6/1/2019,neutral,0
6/2/2019,neutral,0.009614286
6/3/2019,neutral,-0.03968
6/4/2019,negative,-0.114777778
6/5/2019,neutral,0.02362
6/6/2019,negative,-0.12905
6/7/2019,neutral,-0.04419
6/8/2019,negative,-0.056575
6/9/2019,positive,0.091975
6/10/2019,positive,0.11914
6/11/2019,negative,-0.07611
6/12/2019,negative,-0.130722222
6/13/2019,neutral,0.00305
6/14/2019,negative,-0.120522222
6/15/2019,negative,-0.28595
6/16/2019,positive,0.117566667
6/17/2019,neutral,0.03337
6/18/2019,negative,-0.12382
6/19/2019,positive,0.14051
6/20/2019,neutral,0.036566667
6/21/2019,neutral,0.02705
6/22/2019,neutral,0
6/23/2019,negative,-0.162557143
6/24/2019,neutral,-0.04332
6/25/2019,positive,0.07074
6/26/2019,negative,-0.17223
6/27/2019,positive,0.07529
6/28/2019,neutral,-0.014822222
6/29/2019,positive,0.116822222
6/30/2019,positive,0.07834
7/1/2019,positive,0.074177778
7/2/2019,neutral,0.02969
7/3/2019,negative,-0.302675
7/4/2019,neutral,0.004277778
7/5/2019,positive,0.11183
7/6/2019,neutral,0
7/7/2019,positive,0.12349
7/8/2019,neutral,-0.02512
7/9/2019,neutral,0.03629
7/10/2019,positive,0.13411
7/11/2019,neutral,-0.00595
7/12/2019,negative,-0.063066667
7/13/2019,neutral,0.01486
7/14/2019,positive,0.08735
7/15/2019,negative,-0.238522222
7/16/2019,neutral,-0.01902
7/17/2019,positive,0.17683
7/18/2019,negative,-0.11129
7/19/2019,positive,0.066490909
7/20/2019,neutral,0.012383333
7/21/2019,negative,-0.3032
7/22/2019,negative,-0.20387
7/23/2019,neutral,-0.01116
7/24/2019,neutral,-0.016525
7/25/2019,positive,0.1809
7/26/2019,negative,-0.152844444
7/27/2019,positive,0.133966667
7/28/2019,neutral,-0.001755556
7/29/2019,neutral,0.02647
7/30/2019,negative,-0.226311111
7/31/2019,positive,0.05202
8/1/2019,negative,-0.10648
8/2/2019,positive,0.11417
8/3/2019,neutral,0
8/4/2019,negative,-0.063633333
8/5/2019,negative,-0.09941
8/6/2019,positive,0.111066667
8/7/2019,neutral,0.01587
8/8/2019,negative,-0.13748
8/9/2019,negative,-0.11104
8/10/2019,negative,-0.05364
8/11/2019,negative,-0.144575
8/12/2019,neutral,-0.021977778
8/13/2019,positive,0.20608
8/14/2019,negative,-0.178471429
8/15/2019,negative,-0.08099
8/16/2019,neutral,-0.044055556
8/17/2019,negative,-0.5267
8/18/2019,neutral,0
8/19/2019,positive,0.17303
8/20/2019,positive,0.07354
8/21/2019,positive,0.09334
8/22/2019,negative,-0.07388
8/23/2019,positive,0.05481
8/24/2019,neutral,0.015257143
8/25/2019,positive,0.125085714
8/26/2019,neutral,0.0078125
8/27/2019,neutral,-0.03279
8/28/2019,neutral,0.0103
8/29/2019,positive,0.16597
8/30/2019,positive,0.051342857
8/31/2019,positive,0.073475
9/1/2019,negative,-0.3624
9/2/2019,negative,-0.183928571
9/3/2019,positive,0.28149
9/4/2019,positive,0.128475
9/5/2019,neutral,6.000000000e-05
9/6/2019,negative,-0.120822222
9/7/2019,positive,0.067433333
9/8/2019,positive,0.325875
9/9/2019,neutral,-0.04998
9/10/2019,positive,0.3029375
9/11/2019,negative,-0.0979625
9/12/2019,negative,-0.11497
9/13/2019,neutral,0
9/14/2019,positive,0.11362
9/15/2019,neutral,-0.007333333
9/16/2019,neutral,-0.00157
9/17/2019,neutral,-0.028955556
9/18/2019,positive,0.18811
9/19/2019,neutral,0.01651
9/20/2019,positive,0.10289
9/21/2019,positive,0.102322222
9/22/2019,neutral,0
9/23/2019,neutral,0.001511111
9/24/2019,negative,-0.08559
9/25/2019,positive,0.19501
9/26/2019,negative,-0.315688889
9/27/2019,neutral,-0.0203
9/28/2019,positive,0.24805
9/29/2019,neutral,0.033914286
9/30/2019,positive,0.08097
10/1/2019,negative,-0.09555
10/2/2019,neutral,-0.01887
10/3/2019,neutral,0.00133
10/4/2019,neutral,0.00236
10/5/2019,negative,-0.101566667
10/6/2019,neutral,0
10/7/2019,positive,0.05098
10/8/2019,neutral,-3.000000000e-05
10/9/2019,neutral,0.04051
10/10/2019,neutral,-0.005980000
10/11/2019,negative,-0.3356
10/12/2019,neutral,0.01056
10/13/2019,neutral,0
10/14/2019,positive,0.066611111
10/15/2019,negative,-0.06288
10/16/2019,neutral,0.0116
10/17/2019,positive,0.0547
10/18/2019,neutral,-0.02319
10/19/2019,positive,0.109675
10/20/2019,positive,0.1611
10/21/2019,positive,0.08442
10/22/2019,negative,-0.18657
10/23/2019,neutral,-0.000775000
10/24/2019,neutral,0.023677778
10/25/2019,negative,-0.11702
10/26/2019,negative,-0.08985
10/27/2019,neutral,-0.01564
10/28/2019,positive,0.11309
10/29/2019,neutral,0.02571
10/30/2019,positive,0.064655556
10/31/2019,neutral,0.00714
11/1/2019,negative,-0.11164
11/2/2019,negative,-0.13
11/3/2019,neutral,-0.0206
11/4/2019,positive,0.093188889
11/5/2019,positive,0.06837
11/6/2019,neutral,0.03106
11/7/2019,positive,0.15666
11/8/2019,negative,-0.08573
11/9/2019,positive,0.118933333
11/10/2019,positive,0.06112
11/11/2019,negative,-0.1012
11/12/2019,positive,0.08742
11/13/2019,neutral,-0.03863
11/14/2019,neutral,0.04655
11/15/2019,positive,0.0596
11/16/2019,neutral,-0.03605
11/17/2019,negative,-0.077942857
11/18/2019,neutral,-0.03306
11/19/2019,positive,0.05991
11/20/2019,positive,0.16517
11/21/2019,positive,0.17394
11/22/2019,negative,-0.192966667
11/23/2019,positive,0.11388
11/24/2019,neutral,-0.0318
11/25/2019,neutral,-0.0204
11/26/2019,negative,-0.09969
11/27/2019,neutral,-0.039725
11/28/2019,negative,-0.13088
11/29/2019,neutral,0.007244444
11/30/2019,neutral,0.025442857
12/1/2019,neutral,0.04114
12/2/2019,positive,0.145844444
12/3/2019,neutral,-0.025311111
12/4/2019,neutral,-0.02273
12/5/2019,negative,-0.172655556
12/6/2019,negative,-0.051555556
12/7/2019,negative,-0.13958
12/8/2019,neutral,0
12/9/2019,neutral,0.03311
12/10/2019,positive,0.162055556
12/11/2019,positive,0.2947
12/12/2019,neutral,-0.02333
12/13/2019,neutral,0.038875
12/14/2019,positive,0.067433333
12/15/2019,negative,-0.064516667
12/16/2019,neutral,0.03971
12/17/2019,negative,-0.14334
12/18/2019,positive,0.0953
12/19/2019,positive,0.075471429
12/20/2019,negative,-0.08926
12/21/2019,positive,0.12079
12/22/2019,negative,-0.138775
12/23/2019,neutral,0.04919
12/24/2019,positive,0.19481
12/25/2019,neutral,0
12/26/2019,neutral,0.03315
12/27/2019,positive,0.12738
12/28/2019,positive,0.06942
12/29/2019,positive,0.10304
12/30/2019,neutral,-0.016266667
12/31/2019,neutral,-0.004928571
1/1/2020,negative,-0.261233333
1/2/2020,neutral,0.01272
1/3/2020,neutral,0.032
1/4/2020,positive,0.100475
1/5/2020,neutral,0.0258
1/6/2020,negative,-0.18272
1/7/2020,neutral,0.038575
1/8/2020,negative,-0.1099375
1/9/2020,neutral,0.0096
1/10/2020,positive,0.146833333
1/11/2020,positive,0.118
1/12/2020,positive,0.075433333
1/13/2020,positive,0.14281
1/14/2020,positive,0.09274
1/15/2020,neutral,-0.02797
1/16/2020,positive,0.131188889
1/17/2020,negative,-0.134166667
1/18/2020,neutral,0.036
1/19/2020,neutral,-0.0444
1/20/2020,positive,0.23916
1/21/2020,positive,0.13921
1/22/2020,neutral,0.02263
1/23/2020,neutral,-0.03658
1/24/2020,neutral,0.024033333
1/25/2020,neutral,0.02375
1/26/2020,negative,-0.214877778
1/27/2020,negative,-0.18018
1/28/2020,positive,0.0597
1/29/2020,positive,0.19803
1/30/2020,neutral,0.028488889
1/31/2020,positive,0.086988889
2/1/2020,neutral,0.038325
2/2/2020,positive,0.1458
2/3/2020,positive,0.260933333
2/4/2020,positive,0.15107
2/5/2020,positive,0.065466667
2/6/2020,neutral,0.02348
2/7/2020,negative,-0.0918875
2/8/2020,negative,-0.569966667
2/9/2020,positive,0.12498
2/10/2020,positive,0.080022222
2/11/2020,negative,-0.11433
2/12/2020,positive,0.0627625
2/13/2020,negative,-0.22743
2/14/2020,negative,-0.0758875
2/16/2020,positive,0.0683875
2/17/2020,neutral,-0.00912
2/18/2020,neutral,-0.02474
2/19/2020,neutral,0.03304
2/20/2020,negative,-0.07367
2/21/2020,negative,-0.2451
2/22/2020,negative,-0.0731
2/23/2020,positive,0.082866667
2/24/2020,negative,-0.08387
2/25/2020,negative,-0.05825
2/26/2020,negative,-0.076588889
2/27/2020,negative,-0.1405125
2/28/2020,negative,-0.23083
2/29/2020,neutral,-0.002414286
3/1/2020,negative,-0.082816667
3/2/2020,negative,-0.191877778
3/3/2020,negative,-0.21107
3/4/2020,neutral,-0.001611111
3/5/2020,neutral,0.029466667
3/6/2020,negative,-0.157
3/7/2020,neutral,0.032
3/8/2020,negative,-0.06554
3/9/2020,negative,-0.093657143
3/10/2020,neutral,-0.011966667
3/11/2020,negative,-0.1524
3/12/2020,negative,-0.157033333
3/13/2020,negative,-0.2960375
3/14/2020,neutral,-0.011071429
3/15/2020,neutral,-0.039014286
3/16/2020,neutral,0.01913
3/17/2020,neutral,-0.04555
3/18/2020,positive,0.168685714
3/19/2020,positive,0.05046
3/20/2020,neutral,0.01869
3/21/2020,positive,0.0848
3/22/2020,neutral,0.01426
3/23/2020,neutral,0.041866667
3/24/2020,neutral,-0.0209
3/25/2020,neutral,-0.01658
3/26/2020,negative,-0.082
3/27/2020,positive,0.14736
3/28/2020,negative,-0.127266667
3/29/2020,neutral,0.02924
3/30/2020,neutral,0.0259375
3/31/2020,negative,-0.1406
4/1/2020,positive,0.107944444
4/2/2020,positive,0.16005
4/3/2020,negative,-0.066966667
4/4/2020,negative,-0.123316667
4/5/2020,negative,-0.07576
4/6/2020,positive,0.132483333
4/7/2020,positive,0.1567125
4/8/2020,neutral,-0.022944444
4/9/2020,positive,0.08694
4/10/2020,negative,-0.057071429
4/11/2020,neutral,-0.007700000
4/12/2020,neutral,0
4/13/2020,negative,-0.1014
4/14/2020,positive,0.09062
4/15/2020,negative,-0.063
4/16/2020,neutral,-0.005200000
4/17/2020,neutral,0.008666667
4/18/2020,negative,-0.062771429
4/19/2020,negative,-0.142975
4/20/2020,positive,0.085466667
4/21/2020,negative,-0.081211111
4/22/2020,neutral,0.02874
4/23/2020,positive,0.05427
4/24/2020,neutral,-0.043328571
4/25/2020,positive,0.131485714
4/26/2020,negative,-0.082133333
4/27/2020,neutral,-0.021666667
4/28/2020,positive,0.08315
4/29/2020,neutral,-0.04802
4/30/2020,positive,0.223014286
5/1/2020,positive,0.076914286
5/2/2020,negative,-0.146475
5/3/2020,neutral,0.01138
5/4/2020,positive,0.09757
5/5/2020,positive,0.173888889
5/6/2020,neutral,-0.004211111
5/7/2020,positive,0.064566667
5/8/2020,neutral,0.0342625
5/9/2020,positive,0.213116667
5/10/2020,negative,-0.05955
5/11/2020,neutral,0.005480000
5/12/2020,positive,0.06926
5/13/2020,neutral,-0.04515
5/14/2020,neutral,-0.03035
5/15/2020,neutral,0.02174
5/16/2020,positive,0.06658
5/17/2020,neutral,0
5/18/2020,positive,0.3134
5/19/2020,positive,0.119475
5/20/2020,neutral,0.020488889
5/21/2020,positive,0.062057143
5/22/2020,neutral,0.03988
5/23/2020,negative,-0.056175
5/25/2020,negative,-0.095075
5/26/2020,neutral,0.0332625
5/27/2020,neutral,0.039725
5/28/2020,positive,0.08947
5/29/2020,negative,-0.106066667
5/30/2020,neutral,-0.015616667
5/31/2020,positive,0.06205
6/1/2020,negative,-0.1526
6/2/2020,positive,0.148766667
6/3/2020,neutral,-0.029342857
6/4/2020,negative,-0.18263
6/5/2020,negative,-0.0531
6/6/2020,negative,-0.12076
6/7/2020,neutral,-0.007083333
6/8/2020,negative,-0.128511111
6/9/2020,positive,0.0549375
6/10/2020,neutral,-0.0224
6/11/2020,neutral,-0.00603
6/12/2020,neutral,0.03969
6/13/2020,neutral,-0.044083333
6/14/2020,negative,-0.05075
6/15/2020,positive,0.05056
6/16/2020,negative,-0.23065
6/17/2020,positive,0.15322
6/18/2020,negative,-0.176225
6/19/2020,neutral,0.03998
6/20/2020,negative,-0.1333
6/21/2020,negative,-0.15812
6/22/2020,neutral,-0.02208
6/23/2020,positive,0.097614286
6/24/2020,negative,-0.0645375
6/25/2020,positive,0.1093
6/26/2020,negative,-0.051966667
6/27/2020,positive,0.18308
6/28/2020,neutral,-0.0457
6/29/2020,neutral,-0.0361
6/30/2020,negative,-0.12146
7/1/2020,positive,0.132285714
7/2/2020,neutral,-0.02502
7/3/2020,positive,0.16964
7/4/2020,positive,0.1236
7/5/2020,neutral,0.030425
7/6/2020,neutral,0.0058
7/7/2020,neutral,-0.01618
7/8/2020,negative,-0.105688889
7/9/2020,negative,-0.18836
7/10/2020,neutral,-0.02745
7/11/2020,negative,-0.11665
7/12/2020,neutral,0.0498
7/13/2020,neutral,0.038355556
7/14/2020,negative,-0.0501
7/15/2020,negative,-0.085755556
7/16/2020,neutral,-0.000120000
7/17/2020,positive,0.29386
7/18/2020,neutral,-0.03108
7/19/2020,positive,0.190633333
7/20/2020,neutral,-0.048975
7/21/2020,neutral,0.044771429
7/22/2020,negative,-0.083483333
7/23/2020,negative,-0.08675
7/24/2020,neutral,0.01085
7/25/2020,negative,-0.127242857
7/26/2020,negative,-0.080742857
7/27/2020,neutral,-0.034622222
7/28/2020,positive,0.12121
7/29/2020,neutral,0.019136364
7/30/2020,positive,0.082533333
7/31/2020,negative,-0.228088889
8/1/2020,positive,0.181742857
8/2/2020,positive,0.1621125
8/3/2020,neutral,-0.0268125
8/4/2020,neutral,0.032344444
8/5/2020,neutral,-0.014225
8/6/2020,positive,0.16785
8/7/2020,negative,-0.0972875
8/8/2020,neutral,0
8/9/2020,positive,0.08292
8/10/2020,positive,0.0937125
8/11/2020,neutral,0.02941
8/12/2020,positive,0.1457
8/13/2020,neutral,0.02474
8/14/2020,neutral,0.03685
8/15/2020,neutral,0.0318
8/16/2020,negative,-0.31245
8/17/2020,positive,0.1040125
8/18/2020,positive,0.05719
8/19/2020,negative,-0.065222222
8/20/2020,neutral,0
8/21/2020,negative,-0.16723
8/22/2020,negative,-0.13612
8/23/2020,negative,-0.085
8/24/2020,neutral,-0.02195
8/25/2020,neutral,0.014
8/26/2020,positive,0.08924
8/27/2020,neutral,-0.04455
8/28/2020,neutral,-0.0019
8/29/2020,negative,-0.063871429
8/30/2020,negative,-0.072916667
8/31/2020,negative,-0.16588
9/1/2020,neutral,-0.0112
9/2/2020,positive,0.073366667
9/3/2020,positive,0.1589125
9/4/2020,negative,-0.071233333
9/5/2020,negative,-0.146475
9/6/2020,neutral,-0.01675
9/7/2020,positive,0.1233125
9/8/2020,positive,0.10178
9/9/2020,neutral,0
9/10/2020,positive,0.05714
9/11/2020,neutral,-0.0494
9/12/2020,negative,-0.167625
9/13/2020,neutral,0.0416125
9/14/2020,neutral,0.040288889
9/15/2020,neutral,0.007310000
9/16/2020,positive,0.137644444
9/17/2020,positive,0.185744444
9/18/2020,positive,0.092588889
9/19/2020,positive,0.14026
9/20/2020,positive,0.089466667
9/21/2020,positive,0.165377778
9/22/2020,negative,-0.146433333
9/23/2020,neutral,-0.00826
9/24/2020,positive,0.08734
9/25/2020,negative,-0.1474875
9/26/2020,negative,-0.0939875
9/27/2020,negative,-0.0802
9/28/2020,positive,0.17895
9/29/2020,positive,0.073533333
9/30/2020,negative,-0.202744444
10/1/2020,negative,-0.05748
10/2/2020,neutral,-0.011175
10/3/2020,neutral,0.028225
10/4/2020,neutral,0.042375
10/5/2020,positive,0.10791
10/6/2020,neutral,-0.030716667
10/7/2020,positive,0.13968
10/8/2020,neutral,0.0378
10/9/2020,neutral,-0.014222222
10/10/2020,positive,0.214233333
10/11/2020,positive,0.07715
10/12/2020,positive,0.13859
10/13/2020,positive,0.058355556
10/14/2020,positive,0.11427
10/15/2020,neutral,-0.049557143
10/16/2020,positive,0.0867875
10/17/2020,neutral,-0.0231
10/18/2020,neutral,-0.023485714
10/19/2020,neutral,-0.01448
10/20/2020,neutral,-0.037633333
10/21/2020,positive,0.051988889
10/22/2020,positive,0.198785714
10/23/2020,neutral,-0.023525
10/24/2020,positive,0.174385714
10/25/2020,neutral,-0.037716667
10/26/2020,positive,0.18757
10/27/2020,neutral,0.02701
10/28/2020,positive,0.1471
10/29/2020,neutral,0.0497
10/30/2020,neutral,0.03344
10/31/2020,positive,0.109014286
11/1/2020,neutral,-0.03834
11/2/2020,neutral,0
11/3/2020,neutral,0.048933333
11/4/2020,negative,-0.179033333
11/5/2020,positive,0.12959
11/6/2020,negative,-0.090025
11/7/2020,negative,-0.24695
11/8/2020,positive,0.0903
11/9/2020,negative,-0.155777778
11/10/2020,neutral,0.040788889
11/11/2020,neutral,0.00707
11/12/2020,positive,0.08261
11/13/2020,positive,0.11429
11/14/2020,negative,-0.05055
11/15/2020,positive,0.210116667
11/16/2020,neutral,-0.02551
11/17/2020,neutral,-0.03178
11/18/2020,positive,0.05808
11/19/2020,neutral,-0.04327
11/20/2020,positive,0.052822222
11/21/2020,negative,-0.068933333
11/22/2020,positive,0.40165
3/12/2021,negative,-0.36771
12/16/2022,negative,-0.31621
1/31/2022,negative,-0.30753
1/10/2022,negative,-0.30752
11/22/2022,negative,-0.28821
5/29/2022,negative,-0.2802
8/22/2022,negative,-0.27998
8/23/2022,negative,-0.27224
11/12/2022,negative,-0.25325
8/28/2022,negative,-0.24571
5/11/2022,negative,-0.23084
7/10/2021,negative,-0.22015
3/11/2022,negative,-0.2178
4/24/2021,negative,-0.210271429
11/13/2022,negative,-0.20785
4/22/2021,negative,-0.20621
6/17/2021,negative,-0.20476
11/27/2021,negative,-0.1977625
5/3/2022,negative,-0.19643
9/29/2022,negative,-0.19616
10/7/2022,negative,-0.19597
3/14/2022,negative,-0.19497
1/24/2021,negative,-0.192677778
2/26/2022,negative,-0.190433333
1/16/2021,negative,-0.1861875
6/21/2021,negative,-0.18511
12/29/2022,negative,-0.18338
1/30/2023,negative,-0.17603
7/14/2021,negative,-0.17556
12/7/2020,negative,-0.17537
11/20/2022,negative,-0.17412
12/7/2021,negative,-0.17109
6/30/2021,negative,-0.17052
6/7/2022,negative,-0.16978
9/19/2022,negative,-0.16881
7/13/2022,negative,-0.16443
2/12/2023,negative,-0.1617
11/23/2022,negative,-0.16166
11/9/2022,negative,-0.16159
10/1/2022,negative,-0.161555556
2/13/2023,negative,-0.16131
6/19/2021,negative,-0.160755556
1/24/2023,negative,-0.1602
11/19/2022,negative,-0.15607
11/5/2022,negative,-0.15578
6/11/2022,negative,-0.15159
8/18/2022,negative,-0.15132
5/28/2022,negative,-0.150071429
3/8/2022,negative,-0.14938
11/19/2021,negative,-0.14734
10/31/2021,negative,-0.146111111
8/26/2022,negative,-0.1457
4/30/2021,negative,-0.14532
8/29/2022,negative,-0.14461
5/1/2021,negative,-0.143622222
5/8/2022,negative,-0.14205
2/21/2022,negative,-0.14178
6/17/2022,negative,-0.14167
7/22/2022,negative,-0.14122
11/25/2022,negative,-0.14075
9/17/2022,negative,-0.13976
11/7/2021,negative,-0.138444444
6/13/2022,negative,-0.13811
1/5/2022,negative,-0.136311111
1/18/2021,negative,-0.13619
7/1/2021,negative,-0.135990909
5/16/2022,negative,-0.135844444
10/24/2022,negative,-0.13544
11/17/2021,negative,-0.13543
2/5/2021,negative,-0.13434
12/8/2022,negative,-0.13333
6/15/2022,negative,-0.13306
9/14/2022,negative,-0.13288
1/28/2023,negative,-0.12969
5/19/2021,negative,-0.12736
6/20/2022,negative,-0.12631
11/21/2022,negative,-0.12429
1/21/2022,negative,-0.12341
10/15/2022,negative,-0.12189
4/11/2022,negative,-0.119444444
8/20/2021,negative,-0.11871
1/9/2022,negative,-0.118385714
10/28/2022,negative,-0.1177
1/17/2023,negative,-0.11678
9/5/2022,negative,-0.11672
5/22/2022,negative,-0.116
7/6/2021,negative,-0.11577
5/24/2021,negative,-0.11538
11/29/2022,negative,-0.11504
5/7/2022,negative,-0.114622222
12/2/2022,negative,-0.11377
6/30/2022,negative,-0.11307
6/18/2022,negative,-0.11239
8/4/2022,negative,-0.11191
9/19/2021,negative,-0.111833333
7/20/2021,negative,-0.11136
9/21/2022,negative,-0.1103
1/22/2021,negative,-0.11029
2/11/2023,negative,-0.10996
7/1/2022,negative,-0.109122222
9/8/2021,negative,-0.10853
8/21/2021,negative,-0.107444444
1/1/2021,negative,-0.10729
6/22/2021,negative,-0.10682
3/28/2021,negative,-0.10645
7/9/2021,negative,-0.10493
3/3/2021,negative,-0.1037
1/8/2022,negative,-0.10343
8/21/2022,negative,-0.102157143
6/19/2022,negative,-0.101744444
11/6/2021,negative,-0.10115
8/17/2022,negative,-0.100655556
4/5/2021,negative,-0.09934
6/25/2022,negative,-0.098654545
1/31/2021,negative,-0.0983
1/24/2022,negative,-0.097466667
5/24/2022,negative,-0.09643
7/16/2022,negative,-0.09565
4/12/2022,negative,-0.09492
4/3/2022,negative,-0.0947375
9/11/2021,negative,-0.0943
5/26/2021,negative,-0.09387
12/23/2022,negative,-0.09366
3/18/2022,negative,-0.09351
2/1/2022,negative,-0.09317
12/9/2021,negative,-0.0929
2/14/2023,negative,-0.09042
6/12/2022,negative,-0.08978
4/1/2022,negative,-0.08741
9/8/2022,negative,-0.08736
5/13/2022,negative,-0.08721
11/7/2022,negative,-0.08682
4/19/2021,negative,-0.08507
12/21/2020,negative,-0.08333
9/15/2022,negative,-0.08149
4/18/2021,negative,-0.08038
1/9/2021,negative,-0.07934
1/10/2021,negative,-0.0793
5/30/2021,negative,-0.078757143
8/16/2022,negative,-0.07868
11/28/2020,negative,-0.0784375
9/26/2021,negative,-0.0776
2/6/2023,negative,-0.0776
2/14/2022,negative,-0.07711
1/22/2022,negative,-0.07699
8/7/2021,negative,-0.076655556
2/4/2023,negative,-0.075533333
5/12/2022,negative,-0.07512
6/13/2021,negative,-0.074277778
9/3/2022,negative,-0.07391
12/26/2022,negative,-0.07359
9/14/2021,negative,-0.07202
11/12/2021,negative,-0.07202
2/10/2023,negative,-0.0718
8/3/2021,negative,-0.07169
9/22/2021,negative,-0.071633333
5/9/2022,negative,-0.07094
6/29/2022,negative,-0.07085
2/3/2022,negative,-0.07077
3/7/2021,negative,-0.070666667
11/30/2022,negative,-0.07038
4/7/2021,negative,-0.07021
12/8/2020,negative,-0.07012
5/20/2022,negative,-0.06995
4/10/2021,negative,-0.06979
8/5/2022,negative,-0.06904
8/14/2021,negative,-0.068622222
12/17/2021,negative,-0.068511111
1/25/2023,negative,-0.06761
1/7/2022,negative,-0.067428571
1/19/2023,negative,-0.06737
3/31/2022,negative,-0.06597
11/28/2022,negative,-0.06524
6/26/2021,negative,-0.06474
7/3/2022,negative,-0.064725
3/27/2021,negative,-0.06468
7/7/2021,negative,-0.063155556
11/15/2022,negative,-0.06285
1/30/2022,negative,-0.06203
9/1/2021,negative,-0.06137
2/22/2021,negative,-0.06132
10/27/2021,negative,-0.05971
3/11/2021,negative,-0.05856
9/1/2022,negative,-0.057911111
5/17/2021,negative,-0.05634
1/28/2021,negative,-0.05627
3/1/2021,negative,-0.0555
1/26/2023,negative,-0.0552
6/5/2021,negative,-0.05478
4/4/2021,negative,-0.054725
7/21/2022,negative,-0.05447
8/31/2022,negative,-0.05393
12/31/2022,negative,-0.05387
10/7/2021,negative,-0.05352
3/10/2021,negative,-0.05335
7/8/2022,negative,-0.05315
1/11/2021,negative,-0.05302
7/17/2022,negative,-0.05297
1/12/2021,negative,-0.05212
10/18/2022,negative,-0.05186
8/3/2022,negative,-0.05135
12/19/2021,negative,-0.05055
8/30/2022,negative,-0.05019
9/9/2021,negative,-0.050133333
12/22/2022,neutral,-0.04994
9/11/2022,neutral,-0.04985
6/6/2021,neutral,-0.049133333
12/26/2021,neutral,-0.0488
10/13/2022,neutral,-0.04845
9/20/2022,neutral,-0.04829
3/24/2021,neutral,-0.048
6/10/2021,neutral,-0.04794
9/24/2022,neutral,-0.0476
6/25/2021,neutral,-0.0475
3/21/2021,neutral,-0.04748
9/16/2022,neutral,-0.04699
4/30/2022,neutral,-0.04651
5/18/2022,neutral,-0.04602
10/17/2022,neutral,-0.04566
6/11/2021,neutral,-0.045566667
1/23/2022,neutral,-0.045411111
7/7/2022,neutral,-0.04514
6/23/2021,neutral,-0.04419
7/11/2021,neutral,-0.04405
6/22/2022,neutral,-0.04397
4/18/2022,neutral,-0.04355
1/7/2023,neutral,-0.04348
1/1/2023,neutral,-0.04337
6/24/2022,neutral,-0.04325
11/27/2022,neutral,-0.043233333
1/17/2022,neutral,-0.04215
8/6/2021,neutral,-0.04203
9/13/2021,neutral,-0.0419
7/12/2022,neutral,-0.04177
2/8/2023,neutral,-0.04145
7/25/2022,neutral,-0.04126
7/15/2022,neutral,-0.04104
10/8/2022,neutral,-0.04019
8/10/2021,neutral,-0.0398
11/23/2021,neutral,-0.03979
12/30/2020,neutral,-0.038555556
10/22/2021,neutral,-0.03761
10/30/2021,neutral,-0.03722
11/8/2022,neutral,-0.03722
7/4/2022,neutral,-0.03705
12/3/2022,neutral,-0.03583
12/23/2021,neutral,-0.03551
6/16/2022,neutral,-0.0354
1/20/2021,neutral,-0.03487
7/21/2021,neutral,-0.03478
5/13/2021,neutral,-0.03406
7/24/2022,neutral,-0.03356
1/15/2021,neutral,-0.03339
11/3/2021,neutral,-0.03311
7/13/2021,neutral,-0.0329
10/26/2022,neutral,-0.032744444
2/26/2021,neutral,-0.03268
12/12/2022,neutral,-0.03267
8/24/2022,neutral,-0.0326
6/28/2022,neutral,-0.03248
11/26/2021,neutral,-0.03247
2/15/2021,neutral,-0.03192
4/13/2022,neutral,-0.0319
4/4/2022,neutral,-0.03182
12/28/2022,neutral,-0.03182
3/2/2022,neutral,-0.03142
10/17/2021,neutral,-0.030366667
11/15/2021,neutral,-0.03026
2/7/2022,neutral,-0.02989
11/28/2021,neutral,-0.02965
9/10/2021,neutral,-0.0291
5/26/2022,neutral,-0.02828
12/10/2021,neutral,-0.02789
1/25/2022,neutral,-0.027711111
9/16/2021,neutral,-0.02739
9/25/2021,neutral,-0.0265
11/5/2021,neutral,-0.02648
12/12/2021,neutral,-0.026383333
7/30/2022,neutral,-0.02573
12/4/2021,neutral,-0.025433333
2/8/2021,neutral,-0.02504
1/2/2022,neutral,-0.024
1/6/2021,neutral,-0.02355
1/8/2023,neutral,-0.02344
3/29/2021,neutral,-0.02332
8/19/2022,neutral,-0.02299
1/22/2023,neutral,-0.02228
5/31/2022,neutral,-0.02205
12/17/2022,neutral,-0.021411111
5/16/2021,neutral,-0.02117
1/21/2023,neutral,-0.02115
9/27/2022,neutral,-0.020811111
1/15/2023,neutral,-0.02023
7/10/2022,neutral,-0.02
1/23/2021,neutral,-0.019844444
1/11/2022,neutral,-0.01975
6/6/2022,neutral,-0.01888
8/25/2022,neutral,-0.01831
4/2/2021,neutral,-0.01816
12/5/2020,neutral,-0.017977778
3/6/2022,neutral,-0.01773
1/16/2023,neutral,-0.01732
7/5/2021,neutral,-0.01697
9/17/2021,neutral,-0.0168
10/11/2022,neutral,-0.01678
6/20/2021,neutral,-0.0167
7/9/2022,neutral,-0.016588889
3/25/2021,neutral,-0.01648
8/2/2021,neutral,-0.01639
1/13/2022,neutral,-0.01579
9/25/2022,neutral,-0.0151
11/10/2022,neutral,-0.01464
9/4/2022,neutral,-0.01435
5/2/2021,neutral,-0.014228571
1/12/2023,neutral,-0.014066667
5/17/2022,neutral,-0.01368
3/19/2021,neutral,-0.01365
9/12/2021,neutral,-0.0131125
5/21/2021,neutral,-0.01287
10/20/2022,neutral,-0.0128
9/23/2021,neutral,-0.01226
11/13/2021,neutral,-0.01205
11/24/2020,neutral,-0.011544444
6/4/2022,neutral,-0.011277778
2/5/2023,neutral,-0.01109
3/4/2021,neutral,-0.01082
11/10/2021,neutral,-0.01047
6/29/2021,neutral,-0.0095
2/7/2023,neutral,-0.009422222
9/5/2021,neutral,-0.0094
2/22/2023,neutral,-0.00937
2/9/2023,neutral,-0.00937
4/16/2022,neutral,-0.00934
12/11/2021,neutral,-0.0087375
2/20/2023,neutral,-0.00855
11/26/2020,neutral,-0.00837
7/15/2021,neutral,-0.0082
5/29/2021,neutral,-0.00802
7/27/2021,neutral,-0.007611111
1/13/2023,neutral,-0.007555556
1/29/2022,neutral,-0.007450000
12/18/2021,neutral,-0.00718
9/2/2021,neutral,-0.00694
12/27/2022,neutral,-0.005800000
12/1/2022,neutral,-0.005670000
10/22/2022,neutral,-0.00557
12/18/2022,neutral,-0.00539
4/25/2021,neutral,-0.0053
12/20/2022,neutral,-0.00511
11/14/2021,neutral,-0.004600000
12/1/2020,neutral,-0.004560000
2/17/2021,neutral,-0.00381
5/10/2022,neutral,-0.003055556
8/4/2021,neutral,-0.00228
10/6/2022,neutral,-0.00226
10/25/2021,neutral,-0.00188
10/24/2021,neutral,-0.000633333
4/20/2022,neutral,-3.000000000e-05
11/23/2020,neutral,0
1/29/2021,neutral,0
10/16/2021,neutral,0
3/29/2022,neutral,0
9/18/2022,neutral,0
3/23/2021,neutral,0.000570000
7/2/2021,neutral,0.000610000
6/28/2021,neutral,0.000700000
11/11/2022,neutral,0.00108
3/12/2022,neutral,0.00125
6/3/2021,neutral,0.001380000
4/14/2022,neutral,0.00144
12/24/2022,neutral,0.00218
6/4/2021,neutral,0.00222
1/8/2021,neutral,0.00238
6/1/2021,neutral,0.003050000
12/4/2022,neutral,0.003540000
4/2/2022,neutral,0.00354
7/31/2021,neutral,0.004280000
6/9/2022,neutral,0.00446
12/14/2022,neutral,0.004480000
3/13/2022,neutral,0.004920000
12/11/2022,neutral,0.00503
6/10/2022,neutral,0.00602
10/25/2022,neutral,0.00652
10/4/2021,neutral,0.006945455
6/14/2022,neutral,0.00708
7/31/2022,neutral,0.00744
12/14/2021,neutral,0.00764
2/12/2021,neutral,0.00772
9/12/2022,neutral,0.00772
4/28/2022,neutral,0.00775
4/17/2021,neutral,0.008770000
2/20/2022,neutral,0.009687500
12/14/2020,neutral,0.00972
2/24/2022,neutral,0.00987
1/3/2023,neutral,0.01009
4/9/2022,neutral,0.010133333
5/30/2022,neutral,0.01035
8/24/2021,neutral,0.01067
1/4/2021,neutral,0.01078
4/6/2021,neutral,0.01118
9/26/2022,neutral,0.01173
12/6/2022,neutral,0.01299
10/11/2021,neutral,0.013488889
8/22/2021,neutral,0.01382
4/25/2022,neutral,0.01402
3/19/2022,neutral,0.01438
8/8/2022,neutral,0.01465
1/2/2023,neutral,0.01471
8/1/2021,neutral,0.014757143
1/3/2022,neutral,0.01485
11/14/2022,neutral,0.01502
6/2/2022,neutral,0.01515
9/24/2021,neutral,0.01554
1/7/2021,neutral,0.0158
2/23/2021,neutral,0.01583
8/27/2022,neutral,0.016
1/13/2021,neutral,0.01605
12/3/2020,neutral,0.01621
3/30/2022,neutral,0.01675
12/30/2021,neutral,0.01686
12/9/2022,neutral,0.01712
6/2/2021,neutral,0.01728
11/29/2020,neutral,0.01795
4/13/2021,neutral,0.01797
10/21/2022,neutral,0.01803
4/27/2022,neutral,0.01985
9/10/2022,neutral,0.02005
12/1/2021,neutral,0.02063
11/25/2021,neutral,0.02096
5/25/2021,neutral,0.02119
2/23/2022,neutral,0.02121
2/19/2023,neutral,0.02141
10/29/2021,neutral,0.02146
3/5/2022,neutral,0.021488889
12/23/2020,neutral,0.02174
11/3/2022,neutral,0.02223
11/29/2021,neutral,0.022322222
5/15/2022,neutral,0.02245
7/29/2021,neutral,0.02263
8/11/2021,neutral,0.0228
8/9/2022,neutral,0.02325
1/9/2023,neutral,0.02334
1/30/2021,neutral,0.0233875
10/31/2022,neutral,0.02343
12/20/2021,neutral,0.02343
1/20/2022,neutral,0.02372
3/18/2021,neutral,0.02374
6/18/2021,neutral,0.02377
1/27/2021,neutral,0.02449
5/23/2022,neutral,0.02452
12/11/2020,neutral,0.02535
7/23/2021,neutral,0.02535
8/23/2021,neutral,0.02586
2/25/2022,neutral,0.02726
1/4/2023,neutral,0.02732
3/26/2022,neutral,0.02783
5/6/2022,neutral,0.02815
12/30/2022,neutral,0.02819
7/5/2022,neutral,0.02843
12/10/2022,neutral,0.02926
12/19/2020,neutral,0.02965
10/10/2022,neutral,0.03027
6/1/2022,neutral,0.03032
8/12/2021,neutral,0.03034
9/7/2022,neutral,0.03049
12/22/2020,neutral,0.031188889
7/14/2022,neutral,0.03182
3/10/2022,neutral,0.03205
7/12/2021,neutral,0.03213
7/23/2022,neutral,0.032133333
7/30/2021,neutral,0.03253
2/13/2022,neutral,0.03278
6/26/2022,neutral,0.033122222
2/14/2021,neutral,0.033166667
8/12/2022,neutral,0.03378
12/2/2021,neutral,0.03391
11/18/2021,neutral,0.03401
12/20/2020,neutral,0.03441
5/14/2022,neutral,0.03446
10/5/2021,neutral,0.03455
3/27/2022,neutral,0.03518
5/10/2021,neutral,0.0358
11/26/2022,neutral,0.03587
5/23/2021,neutral,0.03595
9/28/2021,neutral,0.03612
1/1/2022,neutral,0.03643
12/24/2020,neutral,0.03682
7/22/2021,neutral,0.037855556
10/3/2022,neutral,0.03807
9/23/2022,neutral,0.03818
8/15/2022,neutral,0.03826
12/16/2021,neutral,0.03891
3/5/2021,neutral,0.03909
10/23/2021,neutral,0.039157143
12/10/2020,neutral,0.03927
4/21/2022,neutral,0.03928
5/19/2022,neutral,0.039418182
1/27/2023,neutral,0.03962
12/28/2021,neutral,0.0397
12/15/2022,neutral,0.03976
4/7/2022,neutral,0.03984
1/14/2023,neutral,0.04027
2/18/2022,neutral,0.040333333
10/27/2022,neutral,0.04186
8/2/2022,neutral,0.04188
11/16/2022,neutral,0.04198
2/17/2023,neutral,0.04268
1/14/2022,neutral,0.0429
12/17/2020,neutral,0.04313
10/2/2021,neutral,0.04345
6/24/2021,neutral,0.04347
5/5/2022,neutral,0.04381
12/21/2021,neutral,0.04393
3/17/2022,neutral,0.04404
5/21/2022,neutral,0.046
4/28/2021,neutral,0.04635
3/28/2022,neutral,0.04649
1/18/2023,neutral,0.04655
7/19/2021,neutral,0.04678
1/11/2023,neutral,0.04689
3/1/2022,neutral,0.04697
3/9/2021,neutral,0.04729
11/9/2021,neutral,0.04755
3/16/2022,neutral,0.047744444
4/22/2022,neutral,0.04776
10/19/2022,neutral,0.04784
10/23/2022,neutral,0.04815
6/27/2021,neutral,0.048175
8/25/2021,neutral,0.0483
12/13/2022,neutral,0.04844
11/8/2021,neutral,0.04987
1/6/2022,neutral,0.0499
11/22/2021,neutral,0.04993
7/6/2022,positive,0.05017
12/28/2020,positive,0.050177778
3/9/2022,positive,0.05018
2/17/2022,positive,0.050377778
3/23/2022,positive,0.05098
4/26/2022,positive,0.05098
5/1/2022,positive,0.051655556
10/2/2022,positive,0.05183
5/31/2021,positive,0.052188889
6/8/2022,positive,0.05235
12/25/2020,positive,0.0528
2/3/2021,positive,0.05364
8/20/2022,positive,0.0539
2/27/2022,positive,0.053944444
8/16/2021,positive,0.05456
10/13/2021,positive,0.05479
4/8/2021,positive,0.054877778
2/11/2021,positive,0.05523
9/13/2022,positive,0.05529
7/2/2022,positive,0.055366667
12/13/2020,positive,0.055377778
11/21/2021,positive,0.05606
2/11/2022,positive,0.056388889
10/19/2021,positive,0.057066667
5/22/2021,positive,0.05733
9/9/2022,positive,0.057375
5/2/2022,positive,0.05855
8/13/2022,positive,0.05875
3/24/2022,positive,0.05879
1/5/2021,positive,0.0588
9/2/2022,positive,0.05921
3/4/2022,positive,0.05942
9/6/2022,positive,0.05946
11/30/2020,positive,0.05994
8/8/2021,positive,0.06025
6/3/2022,positive,0.060345455
11/1/2022,positive,0.06112
8/30/2021,positive,0.0617
8/17/2021,positive,0.06219
6/21/2022,positive,0.06225
1/2/2021,positive,0.062922222
1/31/2023,positive,0.06333
4/14/2021,positive,0.06357
2/28/2022,positive,0.06357
1/25/2021,positive,0.06372
2/6/2021,positive,0.06412
3/15/2021,positive,0.0642
12/21/2022,positive,0.06453
6/27/2022,positive,0.06513
12/27/2020,positive,0.06545
3/2/2021,positive,0.06566
7/20/2022,positive,0.06571
10/29/2022,positive,0.065988889
7/11/2022,positive,0.06621
1/21/2021,positive,0.06629
8/10/2022,positive,0.066966667
11/6/2022,positive,0.067133333
4/6/2022,positive,0.06744
2/21/2023,positive,0.068122222
8/18/2021,positive,0.06821
5/7/2021,positive,0.06862
11/30/2021,positive,0.06869
2/23/2023,positive,0.06884
1/5/2023,positive,0.06917
6/15/2021,positive,0.069433333
4/5/2022,positive,0.06953
1/6/2023,positive,0.06953
3/15/2022,positive,0.06966
2/1/2021,positive,0.069755556
1/18/2022,positive,0.06992
5/28/2021,positive,0.07018
11/18/2022,positive,0.07109
8/9/2021,positive,0.07218
8/26/2021,positive,0.07223
2/10/2021,positive,0.0725
10/12/2022,positive,0.07253
12/25/2022,positive,0.07302
9/20/2021,positive,0.074322222
2/22/2022,positive,0.07481
1/3/2021,positive,0.07541
10/28/2021,positive,0.07686
2/16/2022,positive,0.07749
8/15/2021,positive,0.07757
2/3/2023,positive,0.0783
7/17/2021,positive,0.0790125
11/25/2020,positive,0.07904
3/3/2022,positive,0.07925
3/13/2021,positive,0.07926
1/29/2023,positive,0.07952
11/24/2022,positive,0.07973
10/16/2022,positive,0.07982
5/8/2021,positive,0.08106
1/4/2022,positive,0.08122
3/16/2021,positive,0.081366667
1/10/2023,positive,0.08141
7/8/2021,positive,0.08351
12/9/2020,positive,0.08369
4/9/2021,positive,0.08373
4/15/2022,positive,0.08385
6/9/2021,positive,0.08481
9/30/2022,positive,0.08566
4/20/2021,positive,0.085927273
9/28/2022,positive,0.08627
1/14/2021,positive,0.08643
8/5/2021,positive,0.08667
5/4/2021,positive,0.08703
12/7/2022,positive,0.08733
3/7/2022,positive,0.08741
10/5/2022,positive,0.08869
9/3/2021,positive,0.08879
11/4/2021,positive,0.08895
5/6/2021,positive,0.08908
8/1/2022,positive,0.09027
9/22/2022,positive,0.09056
12/27/2021,positive,0.09062
10/26/2021,positive,0.09122
2/4/2021,positive,0.09145
1/19/2021,positive,0.09158
3/22/2022,positive,0.09174
10/20/2021,positive,0.09178
12/29/2021,positive,0.092109091
10/12/2021,positive,0.09304
7/18/2022,positive,0.09392
10/30/2022,positive,0.094977778
2/24/2023,positive,0.09502
10/8/2021,positive,0.09538
2/2/2021,positive,0.095911111
5/14/2021,positive,0.09596
12/6/2021,positive,0.096033333
7/16/2021,positive,0.09644
7/3/2021,positive,0.09748
1/27/2022,positive,0.099055556
11/4/2022,positive,0.09925
12/12/2020,positive,0.10047
12/29/2020,positive,0.10123
12/19/2022,positive,0.10149
5/5/2021,positive,0.10154
8/13/2021,positive,0.10159
2/13/2021,positive,0.10171
9/29/2021,positive,0.10178
3/20/2021,positive,0.10228
3/17/2021,positive,0.10231
1/17/2021,positive,0.1033375
3/22/2021,positive,0.10387
8/28/2021,positive,0.1050375
8/14/2022,positive,0.10509
10/14/2021,positive,0.10523
6/5/2022,positive,0.106
11/17/2022,positive,0.1068
2/9/2022,positive,0.10685
10/14/2022,positive,0.107111111
12/22/2021,positive,0.10741
9/6/2021,positive,0.107875
5/20/2021,positive,0.10856
12/24/2021,positive,0.10886
7/26/2021,positive,0.10893
12/5/2021,positive,0.10927
2/7/2021,positive,0.10973
7/27/2022,positive,0.110177778
6/12/2021,positive,0.11022
5/27/2022,positive,0.11045
7/19/2022,positive,0.11079
2/9/2021,positive,0.11131
6/23/2022,positive,0.11165
7/28/2021,positive,0.11254
7/26/2022,positive,0.112855556
5/12/2021,positive,0.11486
11/20/2021,positive,0.11545
1/12/2022,positive,0.11592
8/7/2022,positive,0.11612
3/25/2022,positive,0.11622
2/16/2021,positive,0.11652
10/1/2021,positive,0.116622222
4/16/2021,positive,0.11669
5/11/2021,positive,0.117
12/18/2020,positive,0.11735
9/27/2021,positive,0.11753
1/20/2023,positive,0.11759
2/19/2021,positive,0.118044444
3/8/2021,positive,0.11816
4/19/2022,positive,0.11854
2/10/2022,positive,0.11857
12/31/2020,positive,0.119466667
3/26/2021,positive,0.12264
9/7/2021,positive,0.12397
2/2/2023,positive,0.12425
5/15/2021,positive,0.12465
5/4/2022,positive,0.12493
6/14/2021,positive,0.125666667
4/29/2021,positive,0.125722222
12/25/2021,positive,0.12738
11/27/2020,positive,0.12758
11/1/2021,positive,0.128311111
11/11/2021,positive,0.12847
3/31/2021,positive,0.1299
12/16/2020,positive,0.130122222
12/5/2022,positive,0.13013
8/19/2021,positive,0.13026
4/10/2022,positive,0.13053
1/26/2022,positive,0.13156
9/30/2021,positive,0.13274
12/4/2020,positive,0.13329
10/4/2022,positive,0.13414
12/13/2021,positive,0.13426
4/12/2021,positive,0.13449
10/21/2021,positive,0.136566667
2/4/2022,positive,0.13679
12/31/2021,positive,0.13684
8/27/2021,positive,0.13832
2/21/2021,positive,0.1383875
7/4/2021,positive,0.13947
2/12/2022,positive,0.14152
1/16/2022,positive,0.14258
10/3/2021,positive,0.144385714
9/15/2021,positive,0.14486
5/27/2021,positive,0.14642
11/2/2022,positive,0.14769
2/16/2023,positive,0.150011111
6/7/2021,positive,0.1502
2/28/2021,positive,0.151783333
4/15/2021,positive,0.15402
7/24/2021,positive,0.1541
2/2/2022,positive,0.155277778
2/8/2022,positive,0.1556
5/3/2021,positive,0.15572
5/25/2022,positive,0.155775
1/15/2022,positive,0.15605
2/5/2022,positive,0.15759
7/25/2021,positive,0.157955556
2/25/2021,positive,0.15864
2/18/2023,positive,0.15925
2/15/2023,positive,0.15938
5/9/2021,positive,0.16119
1/19/2022,positive,0.16243
6/8/2021,positive,0.16301
4/23/2021,positive,0.16347
12/15/2021,positive,0.16374
4/3/2021,positive,0.16443
11/2/2021,positive,0.16446
9/4/2021,positive,0.165066667
12/3/2021,positive,0.1653
7/28/2022,positive,0.16537
1/23/2023,positive,0.1655
4/24/2022,positive,0.1656
8/31/2021,positive,0.16639
3/30/2021,positive,0.168281818
2/6/2022,positive,0.171725
3/14/2021,positive,0.173675
10/18/2021,positive,0.17659
2/15/2022,positive,0.17725
5/18/2021,positive,0.17739
12/8/2021,positive,0.17955
4/8/2022,positive,0.1802
12/15/2020,positive,0.181188889
8/29/2021,positive,0.18439
2/18/2021,positive,0.18925
4/27/2021,positive,0.19102
10/9/2021,positive,0.1935625
9/21/2021,positive,0.1966
3/21/2022,positive,0.20083
6/16/2021,positive,0.20138
3/6/2021,positive,0.201585714
10/6/2021,positive,0.203788889
2/19/2022,positive,0.205611111
4/21/2021,positive,0.20657
4/29/2022,positive,0.208366667
4/11/2021,positive,0.210844444
12/26/2020,positive,0.215344444
12/6/2020,positive,0.21655
4/17/2022,positive,0.21742
2/27/2021,positive,0.21845
2/1/2023,positive,0.21936
2/20/2021,positive,0.219988889
1/28/2022,positive,0.2285
10/15/2021,positive,0.22932
10/9/2022,positive,0.230077778
2/24/2021,positive,0.23304
4/23/2022,positive,0.236622222
4/1/2021,positive,0.23722
9/18/2021,positive,0.242828571
8/11/2022,positive,0.243788889
12/2/2020,positive,0.24724
1/26/2021,positive,0.25794
7/18/2021,positive,0.259
4/26/2021,positive,0.25906
11/24/2021,positive,0.2773
3/20/2022,positive,0.278728571
7/29/2022,positive,0.28493
11/16/2021,positive,0.2873
8/6/2022,positive,0.300766667
10/10/2021,positive,0.301742857
