Date,Bitcoin Market Cap,Bitcoin Price,Bitcoin Total Volume,Dogecoin Market Cap,Dogecoin Price,Dogecoin Total Volume
1/1/2020,130394101536,7195.153895,21187883711,249356786.8,0.00203106,53013466
1/2/2020,130422953818,7193.754668,18123516839,248529647.1,0.002025653,38576915
1/3/2020,126280790200,6963.853354,20313194628,247094892.4,0.002008393,46080313
1/4/2020,132766262579,7300.346935,31015776262,251527987.8,0.002048875,40863740
1/5/2020,133474716218,7351.377053,20611640058,268594298.7,0.002189336,46196903
1/6/2020,133388991087,7349.972248,21929224571,254259070.1,0.002070406,32539591
1/7/2020,140557168287,7734.675516,28148518762,261857064.7,0.002130012,38106371
1/8/2020,147798610896,8147.415238,34823187724,275004935.8,0.002234781,43529571
1/9/2020,146089575425,8045.789125,39971512000,267243278.2,0.002169824,43151513
1/10/2020,141913856953,7832.795644,29276053441,280642957.9,0.002289899,48004965
1/11/2020,146879934259,8180.51317,35777298156,277319085.4,0.002260418,53435759
1/12/2020,145561586659,8012.085782,31504583511,274549041.5,0.002218407,60455962
1/13/2020,148204228775,8171.401185,27533390876,278184999.8,0.002265322,52330282
1/14/2020,147446058196,8110.647965,27962176781,268905102.9,0.00215029,48689132
1/15/2020,159481192214,8801.871213,55384169406,285915720.2,0.002333217,86813590
1/16/2020,159960761752,8820.850106,48160401007,293219030.2,0.002398899,107025136
1/17/2020,158412991118,8720.919501,36462155571,287096649.1,0.002335595,79745347
1/18/2020,161848747742,8902.568995,41671910798,298313408.1,0.002426658,98670907
1/19/2020,161823609428,8906.902675,36801813632,307116384.3,0.002497897,91648034
1/20/2020,157906057309,8690.38057,39242297096,295309242.3,0.002408134,87205355
1/21/2020,156848009984,8631.253954,29527689343,294045586.6,0.00239105,73125411
1/22/2020,158564958351,8724.818623,27057681780,292003033,0.002373081,67442647
1/23/2020,157502652064,8665.436914,25628542095,291194286.1,0.002367334,68481208
1/24/2020,152984928859,8415.956027,30696020541,277076163.5,0.002240141,70446235
1/25/2020,153294353937,8432.096676,30691734305,279603078.3,0.002272587,67906670
1/26/2020,151794495723,8348.665665,26582198966,276253328.6,0.002245109,63624028
1/27/2020,156302144661,8595.728298,30241155463,282730605.1,0.002306448,57079681
1/28/2020,161473602737,8879.335549,39661537340,291169771.5,0.002365805,71267011
1/29/2020,169518428145,9320.805854,49812761504,300978822.3,0.002445227,73912107
1/30/2020,168738228802,9276.893821,47273353144,293720726.4,0.002389953,60908834
1/31/2020,172993102966,9509.805136,51037775415,299395266.3,0.002431817,68004035
2/1/2020,169340144566,9308.060286,50102814006,293883414.1,0.002386777,58805205
2/2/2020,170361167834,9363.224207,48307978234,296190766.4,0.002405246,61580812
2/3/2020,169926610304,9338.416632,55025402184,304050716.3,0.002468796,74934191
2/4/2020,169406963183,9308.912702,56824765308,300528804.9,0.002439925,64002051
2/5/2020,167075369075,9179.959281,55377658456,305127579.1,0.002476985,61160180
2/6/2020,174596806174,9592.183874,65675565621,317868370.3,0.002580121,74945449
2/7/2020,177388314198,9744.636578,71141695218,327915495,0.002661378,68693592
2/8/2020,178414902529,9799.448456,69495711756,341082966.9,0.002773357,74768228
2/9/2020,180081607384,9890.701658,71561797135,388530856.5,0.003152623,114237107
2/10/2020,184792100015,10148.37972,78110955305,396943068.5,0.003220522,122582884
2/11/2020,180145850760,9890.121224,81406687324,371749850.1,0.003015785,104681583
2/12/2020,186262984852,10226.92577,38930644712,376342792.7,0.003052701,152367638
2/13/2020,188132988213,10328.89757,45456624048,376172783.7,0.00305098,153307474
2/14/2020,186190344916,10221.26031,54151236618,373973425,0.0030328,146323761
2/15/2020,187680301471,10320.15714,50206573483,382529765.1,0.003102022,121465386
2/16/2020,180265718401,9894.136124,51460340289,365134652.2,0.00296046,118598158
2/17/2020,181221481669,9943.673603,42364906261,345487246.9,0.00283948,129451161
2/18/2020,176547652266,9723.605026,48517591137,330646020.9,0.002721719,121852389
2/19/2020,184918071499,10133.81742,54648014950,347694085.4,0.002844918,120924221
2/20/2020,175312937107,9618.409248,50502739124,329247157.1,0.002659017,120435361
2/21/2020,174871048291,9608.169181,53579139401,325132840.3,0.002640101,163959447
2/22/2020,176701844102,9673.0118,37678167401,328355983.4,0.002660476,139383776
2/23/2020,176097270350,9658.606058,32555342237,323020192.2,0.002616949,143129455
2/24/2020,181368043820,9946.716123,38743680759,331312903.2,0.002683834,167584709
2/25/2020,175872097740,9670.960806,41928789500,320780422.6,0.002598221,141406806
2/26/2020,170478976468,9345.342702,39441760776,307640834.5,0.002487692,159530094
2/27/2020,160731785488,8801.657129,45140119230,287388014,0.00232768,174293462
2/28/2020,160149975301,8781.175282,43045469001,288730742.6,0.00232974,138916300
2/29/2020,159030381910,8717.331431,41297721067,285088979.4,0.002308097,130103960
3/1/2020,156047250857,8552.989119,33291626663,277173142.3,0.00224376,122706371
3/2/2020,155934421965,8567.802249,34310775733,276525338.1,0.002242818,132312472
3/3/2020,162521881369,8905.876104,59776629743,292637623.9,0.002368422,141216615
3/4/2020,159816567727,8756.718577,68336042797,298013222.7,0.00241166,145310587
3/5/2020,159869936941,8758.646993,38832067217,304497587.3,0.00246386,130345674
3/6/2020,165070261613,9038.870323,38122635173,306300424.5,0.00247817,85693525
3/7/2020,166791067805,9135.845066,41388087588,307450941.5,0.002487201,81573108
3/8/2020,162543409238,8902.20195,36764763103,299943225.4,0.002426194,68887905
3/9/2020,147076617272,8041.365538,39132209138,269347499.6,0.002173767,79686705
3/10/2020,144664117909,7921.332007,45678665163,271554683.6,0.002196077,105653414
3/11/2020,144410718988,7906.731529,40882213634,272532064.6,0.002203736,88469387
3/12/2020,144948460093,7935.52204,38689036553,271034084.1,0.002191376,81850205
3/13/2020,93092131087,5142.990459,50009548492,183588292.1,0.001483468,110773264
3/14/2020,101262945297,5542.819542,74329688818,212660911.6,0.001719278,162397714
3/15/2020,95216478865,5214.189112,36054625747,205572589.6,0.001655465,83287640
3/16/2020,98632587514,5397.933357,32985693210,210527259,0.001696303,92079970
3/17/2020,91962797384,5032.501351,44034438468,197138248.8,0.001593021,100216040
3/18/2020,98079756007,5389.415775,36007089254,203980841.1,0.001633127,74523963
3/19/2020,98259998309,5376.280748,37618067230,199830238.3,0.001614417,74515511
3/20/2020,112778383593,6170.2006,48056214948,219296170.9,0.001771485,223278153
3/21/2020,113030383273,6195.603505,50936770688,222079539.3,0.001775731,158961780
3/22/2020,112349835902,6145.770891,40189198131,220571686,0.00178139,133056133
3/23/2020,107128564671,5859.64743,37255748385,213918482.2,0.001732532,135249014
3/24/2020,118046727573,6456.347486,45578824448,224695677,0.001816974,140961242
3/25/2020,123064256189,6730.173782,45846522059,231830875.3,0.001871697,153573606
3/26/2020,122445336599,6695.900618,42082295491,227289691.5,0.00183483,137546599
3/27/2020,123732739823,6765.562079,34840544710,230221150.2,0.001858288,129916987
3/28/2020,117019679178,6397.826328,32910551599,221042549.9,0.001784003,118486362
3/29/2020,114171796491,6255.000399,35231848359,221390520.7,0.001786612,139854382
3/30/2020,108551603304,5915.337155,25923471292,213173580.7,0.001720109,127824727
3/31/2020,117151628727,6403.141236,34907149978,224115611.1,0.001806671,130308976
4/1/2020,117750205634,6421.705414,32287674952,224694247.5,0.001808498,125018850
4/2/2020,120921617010,6640.797666,35886963978,231608793.2,0.001861275,133295930
4/3/2020,124719708454,6807.897018,47638672294,233977644.1,0.001890354,135883818
4/4/2020,123234164428,6732.852018,39867535857,229183776.2,0.001848268,130077705
4/5/2020,125564427826,6859.424924,35009177102,232243150.6,0.001872732,129554098
4/6/2020,124272363452,6788.048273,31885662165,230305063.6,0.001859239,123742387
4/7/2020,133484854333,7297.635558,45370138561,247255676.2,0.001995278,145502189
4/8/2020,131782164466,7196.782202,43386074291,248158953.8,0.002000403,141907834
4/9/2020,134518720640,7342.291601,38922547593,250042291.9,0.002013397,127878282
4/10/2020,133598651282,7294.488875,34921486435,251097766.9,0.002023642,123549292
4/11/2020,125740858699,6864.694257,37828011011,242951200.6,0.001955323,134671135
4/12/2020,125980543742,6878.781213,30280054180,247542049.6,0.001994547,128506938
4/13/2020,126655463658,6913.158787,34544392366,245455791.6,0.001975581,128335739
4/14/2020,125651103790,6857.538538,38062368291,243252945.8,0.001959548,129649088
4/15/2020,125713883016,6860.178536,33837365577,244175467.5,0.001966765,124216048
4/16/2020,121499498110,6629.431738,29692916171,241578570.5,0.001945633,131684089
4/17/2020,129402884478,7059.926225,45752002264,251193747.3,0.002022847,146472117
4/18/2020,128961704237,7035.261504,31701906840,248334766,0.001999602,121729853
4/19/2020,132775323305,7242.510929,30035235468,255976766.6,0.002060906,127629256
4/20/2020,130680700686,7127.51195,29714765522,253091749.6,0.002037452,127839053
4/21/2020,125724610428,6856.456278,35276609104,245311641.1,0.0019746,129791433
4/22/2020,125473149029,6842.038598,30093303601,243556559.8,0.001960256,124397420
4/23/2020,130398643209,7109.995291,30819547915,249659994.3,0.0020074,126033359
4/24/2020,135414822710,7382.793144,41032858925,254935165.8,0.002051379,140105892
4/25/2020,137493716065,7495.393587,33233126913,257168786.5,0.002069124,161596051
4/26/2020,138298135123,7538.557687,31610167152,263319084.6,0.002118373,179689638
4/27/2020,140977260141,7683.867415,33760863612,288757849.5,0.002322766,233725625
4/28/2020,142649802463,7774.281554,35205525352,296960896.5,0.002388485,224244999
4/29/2020,142370212777,7758.230255,32855687797,289030583.2,0.002324443,200283720
4/30/2020,160483573440,8744.430287,60399592066,318102189.9,0.00255796,242370966
5/1/2020,158042623264,8610.635804,65838312160,303753871.6,0.002442312,235092728
5/2/2020,161989355179,8824.818414,44773967198,309595787.5,0.002489004,219094154
5/3/2020,164603123456,8966.307015,39177855720,315929917.6,0.002532069,206828067
5/4/2020,163036842347,8888.671913,45617019157,312847194.5,0.002514702,206286035
5/5/2020,162341412440,8884.407814,44698213713,307805818.7,0.002485957,202161479
5/6/2020,165335617639,9003.240558,43436234292,310190099.2,0.00249268,191425230
5/7/2020,167950864937,9144.68704,48538811467,313109921,0.002515865,194670689
5/8/2020,182927847431,9959.166416,61712313965,333521246.8,0.002679576,231863022
5/9/2020,180421762956,9821.811315,50955646313,325727926.6,0.002610649,233587353
5/10/2020,175752574355,9566.777187,46706541180,321346729.7,0.002580034,232331570
5/11/2020,160814678354,8752.617088,61704475185,302726858.9,0.002431493,232503916
5/12/2020,158113540964,8604.751591,57996080837,300604019,0.002414175,225533470
5/13/2020,161474125336,8788.466749,39515455756,306504298.8,0.002464379,203607475
5/14/2020,170593350056,9283.086013,44239951917,317877729.4,0.002552333,211321833
5/15/2020,179398095871,9796.494527,52076585311,325137727.2,0.002608195,230680149
5/16/2020,170983863891,9309.295359,44866846516,308034839.8,0.002472756,198862295
5/17/2020,172309401207,9375.297108,34146492788,313347148.9,0.002515122,194713613
5/18/2020,177224284369,9666.327193,35650032954,318304381.8,0.002559785,198445362
5/19/2020,178446153576,9708.439859,38922896810,316949353.4,0.002544594,206083121
5/20/2020,179127815803,9760.198937,37077538115,317354537.7,0.002546438,122220132
5/21/2020,175227227253,9526.507593,34829170075,310868150.8,0.002492027,116334208
5/22/2020,166569335291,9059.962507,35965016694,302016245.6,0.002417489,135564016
5/23/2020,168309812993,9131.767275,27700943120,314467655.9,0.002521307,142767321
5/24/2020,168614573111,9170.361064,26159735072,315817593.9,0.002532384,139842300
5/25/2020,161407638875,8731.848526,29437505507,303756922.7,0.002425809,118180702
5/26/2020,163333743989,8883.69177,29130957734,311963042.2,0.002501259,150073654
5/27/2020,162547226897,8839.130663,26860828303,312807914.2,0.002507765,125833705
5/28/2020,168615778510,9174.118564,28916177010,318220492.4,0.002551119,135729334
5/29/2020,175534414971,9546.045635,31771100326,320030360.6,0.002565347,159726412
5/30/2020,173355014878,9427.120373,28880265575,312085297.5,0.002501384,135246773
5/31/2020,177978616383,9662.705873,30231487422,325041563.1,0.002604939,126050718
6/1/2020,174105710752,9466.961781,27396663221,319088845.3,0.002554858,121116975
6/2/2020,186932702066,10167.93069,33702539854,337261369,0.00270227,131305279
6/3/2020,175463166972,9515.243859,36841150779,315259162.2,0.002525698,131645487
6/4/2020,177416480473,9645.227869,25222025159,323695648.1,0.002592893,119884831
6/5/2020,179830985955,9776.202992,24903069188,325652126.6,0.002608096,123499973
6/6/2020,177373937377,9636.965527,23447982002,322847909.9,0.002585623,126285011
6/7/2020,177901732350,9662.858709,19374357195,322823373.2,0.002584373,113261242
6/8/2020,179167717944,9738.603357,23856639265,324470527.2,0.00259806,127789279
6/9/2020,179810911053,9773.029513,21154971285,322119177.6,0.002578948,116658893
6/10/2020,179709840754,9767.005317,22844271951,319414770.4,0.002557012,110545344
6/11/2020,181705166674,9874.898682,24398738300,322228412.2,0.002579249,120182403
6/12/2020,171615707160,9325.996856,31225155445,305790127.9,0.002447401,124324063
6/13/2020,174266571296,9469.533298,23601462338,313164051.2,0.002506142,139660383
6/14/2020,174275005803,9469.473456,19693461097,316032979,0.002528816,130467976
6/15/2020,172116372679,9345.960908,18836155989,311717946.8,0.002494016,114283772
6/16/2020,173598215784,9431.719262,29160908897,308939930.3,0.002471519,148884120
6/17/2020,175075304218,9524.926617,26391020757,310325685.8,0.002482315,144231710
6/18/2020,174231189757,9463.361414,23643218251,309629857.4,0.00247546,133883372
6/19/2020,173034439846,9399.767217,20601074386,307564709.1,0.002459697,116189638
6/20/2020,171101646024,9312.780104,23738525502,305034568.4,0.002444395,129030058
6/21/2020,172323213442,9360.247968,19774464253,306496993.6,0.002450615,111854350
6/22/2020,171192409474,9298.360829,18986237382,305662614.4,0.002443673,111928121
6/23/2020,178128652480,9678.683209,24768621257,309978338.1,0.002477902,130949234
6/24/2020,177187041227,9624.684292,17756804210,309300276.6,0.00247488,112014389
6/25/2020,171028279702,9288.061774,23183760292,302858875.2,0.002420458,131959062
6/26/2020,170495281892,9258.667161,23499175984,301536937.8,0.002409627,109759532
6/27/2020,168807143703,9166.48636,22429204011,295428579.1,0.002357859,108353615
6/28/2020,166004979430,9013.905565,21515626881,287701051.7,0.002298343,105652716
6/29/2020,168334049772,9139.903276,19665935217,289858452,0.002315533,126780704
6/30/2020,169175896894,9185.166541,19754459583,289081753.4,0.002309657,121204872
7/1/2020,168558715595,9149.721997,19741435780,289978285.4,0.002315974,124372837
7/2/2020,170031996603,9230.672999,20005031554,295473388.3,0.002358261,103350655
7/3/2020,167604994105,9094.318072,19379463385,291344439.5,0.002327179,63481908
7/4/2020,167116284671,9071.385043,17420495829,288759721.6,0.002305199,63141653
7/5/2020,168258822207,9132.90837,16643732673,289659524.7,0.002310605,66586116
7/6/2020,167429736493,9087.407313,17324463886,288823207.3,0.002305647,73147492
7/7/2020,172136257752,9342.376493,21987059042,324376835.9,0.002600865,87267638
7/8/2020,170510411872,9253.63098,18945747769,382479055.9,0.003052224,221702332
7/9/2020,173809293390,9432.172516,20708592426,594339744.7,0.00474406,1160341960
7/10/2020,170198606144,9235.716302,19480413474,548308638.7,0.004374596,430964505
7/11/2020,171104767642,9282.913639,18224423468,446234010.2,0.003544287,277250306
7/12/2020,170191069703,9234.314675,16167064476,476993604.7,0.003804777,201664365
7/13/2020,171364106456,9297.479636,17173962880,456300095.8,0.003639311,129403956
7/14/2020,170370727819,9240.76252,18245667827,393114320.5,0.003161029,179141962
7/15/2020,170451532162,9247.060696,19147263017,412799771.1,0.003291632,140953983
7/16/2020,169758848798,9203.371435,16565948995,387445086.6,0.003089114,109574219
7/17/2020,168496782961,9136.483376,18760484380,376069213,0.002993475,119584582
7/18/2020,168760444137,9156.276583,16500659022,384482519.6,0.003067465,120670354
7/19/2020,169031588403,9168.402737,15638459043,441694537.2,0.003497214,245241741
7/20/2020,169692625142,9202.61584,16085385662,425081838.3,0.003387694,183481048
7/21/2020,168936986921,9163.159655,17080393205,405839356.5,0.003233985,158255255
7/22/2020,173036757676,9384.379752,20048075731,414595539.2,0.003304789,150316469
7/23/2020,175370017197,9514.304988,19702428931,412054060.2,0.003282826,103035469
7/24/2020,176821599774,9589.817719,26966148756,413572228.8,0.003296238,108172720
7/25/2020,175865705418,9535.938796,35810926085,404728572.1,0.003223852,112909917
7/26/2020,178740874539,9691.825139,36726067828,410561866.7,0.003260945,111134959
7/27/2020,183064851468,9925.751397,19713211085,406154075,0.003234498,106754751
7/28/2020,202191797991,10962.25848,34694788844,392352069.9,0.003124243,116948210
7/29/2020,201144184191,10904.91653,27637575180,401849911.4,0.003190183,101675134
7/30/2020,204969785091,11093.61224,23642111784,398101909.3,0.003165246,96494495
7/31/2020,205200775318,11116.30716,22265381996,406372448.4,0.003236619,97619245
8/1/2020,208933774575,11325.55153,22329797905,402780720.3,0.003203694,87495379
8/2/2020,217741425309,11812.09431,26198946496,467039121.4,0.003706901,189722237
8/3/2020,204126077225,11066.30624,27584591853,420429350.2,0.003338535,134791620
8/4/2020,207218525402,11230.90776,20583344057,425536506.2,0.003383427,107337870
8/5/2020,206583502228,11181.91751,20527193171,444138455.1,0.003539728,119131130
8/6/2020,216249264844,11719.26352,22359870185,440880176.6,0.003506588,118440407
8/7/2020,217128467890,11768.12774,21793317051,446347339.2,0.003557507,106062512
8/8/2020,213579066889,11571.48798,21624736673,437682076.3,0.00348046,172595669
8/9/2020,216526346494,11739.13101,17286825185,440037973,0.003500841,174507223
8/10/2020,215621627428,11682.85147,17051550191,435018819.3,0.003459179,156911880
8/11/2020,218920276229,11862.93801,24145919191,438993651.6,0.003491412,165789779
8/12/2020,210825577055,11398.67106,24448699831,426851729.6,0.003392916,166589721
8/13/2020,213770877598,11579.86795,22803776235,435477570.9,0.003468203,192483773
8/14/2020,217185020505,11817.16404,24755770184,436270064.5,0.003475584,186884065
8/15/2020,216916952670,11777.39132,21650925952,448655549.2,0.003565642,168616113
8/16/2020,219049736823,11864.90581,21285690553,444957534.8,0.003535862,139339382
8/17/2020,219750735623,11901.77649,19209711614,444060855.3,0.003528348,153938645
8/18/2020,226536103502,12272.46581,25481896191,453754467.1,0.003604679,156313176
8/19/2020,220980135332,11949.61097,24825715159,441006364.9,0.003503307,164627570
8/20/2020,216660276173,11733.27897,23384200656,430662605.6,0.003420762,156615204
8/21/2020,219044968221,11861.83658,20353349055,433986248.3,0.003446781,173128139
8/22/2020,212896669546,11515.1243,23406354443,426368126.7,0.003384307,175010652
8/23/2020,215641597240,11676.38531,19572783954,433687186.9,0.003443644,159336753
8/24/2020,215347356765,11647.92812,18467219109,429382341.7,0.003411937,137749412
8/25/2020,217410678530,11758.82812,20061559392,427299862,0.00340308,155243881
8/26/2020,209658632328,11350.75347,23423332919,414344679,0.003288978,156830695
8/27/2020,211778947737,11465.00256,20869928786,414322072.1,0.003288437,170734081
8/28/2020,208747591910,11300.39836,21595917446,402012074.8,0.003190146,169144170
8/29/2020,212799723685,11519.11839,19271253871,411882061.8,0.003268351,183848936
8/30/2020,212114842612,11481.48182,18415439614,413541572.6,0.003281164,193821341
8/31/2020,216179629567,11701.00401,19909556667,414616017.2,0.003295589,176682136
9/1/2020,215921598551,11672.3241,21077276618,405652921.4,0.003215635,184353787
9/2/2020,221315690777,11895.22535,25232603062,410342291.9,0.003233402,188077468
9/3/2020,210746091570,11418.25476,26038738389,389604298.4,0.003091417,119362427
9/4/2020,188438095255,10197.45982,49411126241,351549697.7,0.002787694,138600098
9/5/2020,194040447576,10484.47039,27623487077,366711396.7,0.002897016,141872359
9/6/2020,188092098308,10177.78972,56430042199,346063586.9,0.002742094,138532133
9/7/2020,189621410257,10260.01773,28801019507,349731791.6,0.002772364,160023367
9/8/2020,191501904759,10359.44522,26560146962,356752788.8,0.002826473,169336091
9/9/2020,186825391249,10125.01496,47780699209,348215107.5,0.002769596,152411544
9/10/2020,188757938084,10230.1547,21357083446,350661184.8,0.002778821,115436170
9/11/2020,191180566587,10342.15939,77545788531,354979160.4,0.002812731,163488675
9/12/2020,192111562750,10378.22304,20796810116,352758323.6,0.002786621,150887311
9/13/2020,192997988416,10439.38467,19955498078,355632828.3,0.002820805,134048170
9/14/2020,190922719938,10328.86607,21057424433,350719443,0.002778062,132954530
9/15/2020,197010021430,10661.09624,23526143436,353129088.1,0.002794983,146588554
9/16/2020,199044338128,10787.58021,23802088944,357370626.1,0.002838068,130436953
9/17/2020,202524001250,10952.24997,24459086809,356002619,0.002820393,155392568
9/18/2020,202358479464,10937.9964,23547167125,355887623.2,0.002816493,170633292
9/19/2020,202091264905,10927.15031,20681771888,351370413.7,0.002780667,155984975
9/20/2020,204994315603,11083.99836,18334274060,352026916.8,0.002786582,157760533
9/21/2020,202032519471,10923.32667,20161733907,350172659.3,0.002771605,165563596
9/22/2020,193677795064,10439.52249,23757059692,332685818.3,0.002620975,129491987
9/23/2020,194731087415,10527.58785,19866578109,333107659.3,0.002646176,109840858
9/24/2020,189120580778,10223.78411,19981974722,321232114.9,0.002541716,87446068
9/25/2020,198514026300,10726.53008,21348447554,333546263.4,0.002634527,122307586
9/26/2020,197616950282,10681.99385,19119761059,340940106.6,0.002699482,133860799
9/27/2020,198687083452,10743.19288,16886146730,341467884,0.002701436,116122724
9/28/2020,199236216251,10765.30052,17639951628,342050718.1,0.00270402,85237004
9/29/2020,197720212771,10672.02854,19869963340,335439035.2,0.002652682,108007302
9/30/2020,200532996048,10837.51659,18308943801,337793589.4,0.002671013,117696788
10/1/2020,199310441689,10770.88135,18558607663,333197389.8,0.002630055,113949671
10/2/2020,196617081791,10627.97606,20889752500,332691524.3,0.002630094,125254206
10/3/2020,195660035180,10572.67484,21258724984,326849474.3,0.002583625,137496941
10/4/2020,195188285650,10546.65626,16039831145,328320976.9,0.002588335,127186814
10/5/2020,197494664454,10670.70081,16029160488,333330546.6,0.002636484,103115065
10/6/2020,199530129891,10784.9494,17853484006,330997825.2,0.002615562,141202489
10/7/2020,196314284797,10605.95779,19419734685,329890404.2,0.002606527,116780008
10/8/2020,197575523785,10668.01101,17222472600,327397083.3,0.002585136,126750695
10/9/2020,201518932274,10888.66655,19767968267,328086240.9,0.002593558,108287118
10/10/2020,204809205392,11063.25239,19254933802,335713884.7,0.00266176,102421985
10/11/2020,209268690953,11286.54194,19496631246,336574307.3,0.002655919,98879402
10/12/2020,210799352797,11377.81488,16270141990,337894411.1,0.002668313,105760362
10/13/2020,213726225963,11543.18376,20957733314,339394535.6,0.002679869,98587198
10/14/2020,211576163358,11426.10554,19556025069,334010355.2,0.002637402,81979158
10/15/2020,211756280001,11435.57244,20441486195,335281826.1,0.002648955,92411043
10/16/2020,212878404237,11495.585,20511481707,328138628.8,0.002590363,83563069
10/17/2020,209993205751,11319.09779,20436703034,330748499.6,0.002605701,114388487
10/18/2020,210421523307,11365.81413,15650920221,328237703.8,0.002594713,129773085
10/19/2020,212752326976,11495.89998,15569792414,329291126.4,0.002599566,74475417
10/20/2020,217391050813,11752.14686,18121468516,329815560.7,0.00260246,89163323
10/21/2020,220404884319,11908.70892,21431994056,328009972.9,0.002600124,59221115
10/22/2020,236717318526,12806.43573,29314287990,331735170.7,0.002622197,41535361
10/23/2020,240257678154,12951.04406,25070864647,336635193.7,0.002655021,44994738
10/24/2020,239590543524,12928.0723,21379873278,336385839.3,0.002647005,46544309
10/25/2020,242785151288,13106.04602,19302801175,334863453.2,0.002637384,46390497
10/26/2020,241326618199,13021.41084,18998745579,336656207.2,0.002653297,55959553
10/27/2020,242141178090,13060.79221,21507619986,339025558.4,0.002672886,102845432
10/28/2020,253004886697,13655.18542,23918511528,339492203.5,0.002676274,73738233
10/29/2020,245661872194,13282.99935,26825856788,328654738.8,0.00259056,74612874
10/30/2020,249545455596,13441.8785,22860841954,328650433.6,0.002585819,66466907
10/31/2020,250845436638,13537.17427,23482756915,328568259.1,0.002589971,59934493
11/1/2020,255329261021,13778.63764,22691200479,325251670.1,0.0025629,59252178
11/2/2020,254260250528,13720.36147,19771957708,326802903.1,0.002574845,53350848
11/3/2020,251266177558,13558.3618,22630851230,320474308.7,0.002524852,55521139
11/4/2020,259277183165,13989.97636,22602862338,319863845.1,0.002519626,68660360
11/5/2020,261103557611,14101.71605,25857225138,319758149.1,0.002520693,69983439
11/6/2020,288118007577,15553.3317,36313255719,336504090.4,0.002655216,70147423
11/7/2020,288563189165,15548.31215,34523587705,350155278.8,0.002757415,90412510
11/8/2020,274687727890,14818.45891,30369855795,336953267.1,0.002672199,69340167
11/9/2020,287116472704,15496.31615,24082570972,345344778.9,0.002681396,46106797
11/10/2020,284292217076,15335.3422,29501754043,339595730,0.002673317,54172574
11/11/2020,283242342239,15278.70966,21918753733,351265740.5,0.002764884,62506709
11/12/2020,291215273242,15686.90599,23990613793,351348658.4,0.002770092,55166843
11/13/2020,301529322417,16265.14925,28001128791,354103512.6,0.00278663,42492330
11/14/2020,302672502422,16326.81488,24826304420,360686896.3,0.002838131,49101076
11/15/2020,298290647831,16095.56151,22096608221,349939417.6,0.002753265,49169560
11/16/2020,296277008765,15984.67378,19184714603,353448378.8,0.002780403,43634951
11/17/2020,309857769717,16714.40386,24606359052,368108023.5,0.002895581,65269356
11/18/2020,327448838765,17651.82043,31572384446,374357159.7,0.002944599,66560629
11/19/2020,330792375072,17829.93496,40089857655,371288621.4,0.002919964,62937646
11/20/2020,330526082019,17819.75743,30586797552,369373741.7,0.002904592,74924639
11/21/2020,345552251091,18628.81349,28731271104,380219646.1,0.002989555,81530241
11/22/2020,346623937352,18689.52866,31201880852,446351399.6,0.003510111,185253838
11/23/2020,342078349285,18390.61184,33010231294,430016060.3,0.003346886,156220976
11/24/2020,340635146714,18360.6933,33389683851,456754683.8,0.003590159,132541741
11/25/2020,354209935574,19091.52418,49429532567,528521952.2,0.00415381,274092978
11/26/2020,348158099247,18753.28892,32146102840,473486067.8,0.003725841,188627821
11/27/2020,317999016791,17138.02951,48738957777,413451233,0.003248732,175112452
11/28/2020,318057301370,17140.27555,30680336583,417659896.3,0.003281445,113629478
11/29/2020,328812520406,17718.97283,24501260966,434604524.1,0.003414204,97440479
11/30/2020,336495192223,18169.95421,23940328529,434295427.6,0.003449534,84050076
12/1/2020,363927715779,19609.52144,36160827241,453349206.1,0.003560699,99796545
12/2/2020,349587593227,18857.41737,38614628144,427180905,0.003358532,109457481
12/3/2020,356517705143,19208.39819,28923102075,430431470.5,0.003379964,84065260
12/4/2020,360661550057,19435.20485,24342606871,436200080.3,0.003420637,79865144
12/5/2020,347850442857,18711.22655,26369871383,421462226.4,0.003308823,73957627
12/6/2020,355244908735,19139.11158,23333284386,432447333.4,0.003394701,71160004
12/7/2020,358762118305,19325.55412,21832193873,431572835.7,0.003387468,64970454
12/8/2020,356587934226,19198.80649,22034483384,426848799.3,0.003338012,66960747
12/9/2020,340435142948,18336.51458,26799991796,407375728.1,0.003184176,72979848
12/10/2020,344693077430,18564.98646,29806757749,402070260.7,0.003154872,74879642
12/11/2020,339714540194,18262.05838,24092658534,397073749.5,0.003116112,64835102
12/12/2020,335310805699,18058.02734,26080197328,392528272.5,0.003079334,72096645
12/13/2020,349235537026,18807.0954,21918803314,403838360.5,0.003167718,66469333
12/14/2020,355642790361,19151.13442,23550581096,416084732.4,0.00326343,64356677
12/15/2020,357681110300,19259.97047,21638023120,411207642.4,0.003224838,61430801
12/16/2020,360542942205,19432.36246,24173322660,409873944.7,0.00321581,66017116
12/17/2020,396179736656,21317.66214,39062639738,437240009.9,0.003423607,72803218
12/18/2020,423587689809,22805.65581,60693764159,475313350.5,0.003726364,180330384
12/19/2020,429459534590,23120.57055,37000188847,487874217.2,0.003843981,128526321
12/20/2020,443289431125,23863.85484,35252972900,500738033.8,0.003924839,126133587
12/21/2020,436893169133,23518.31842,32907758818,588981009.3,0.004615995,436625610
12/22/2020,424329939582,22840.99171,38423396405,612762329.8,0.004801855,582692436
12/23/2020,441752551013,23794.7933,38733771616,578585500.1,0.004533535,236179119
12/24/2020,433051601801,23308.12723,42917744240,493809267.6,0.00382649,185987455
12/25/2020,441614502954,23760.28705,36826373659,583605834.2,0.004587077,182926719
12/26/2020,458416319552,24671.10771,36622874230,585882282.2,0.00458921,154364516
12/27/2020,491978602970,26476.13014,41995154623,576604270.3,0.004516046,161587641
12/28/2020,493427450341,26423.22879,56654980596,587180822.8,0.004552182,165317271
12/29/2020,503712223154,27125.38412,42186521237,585343439.2,0.004603794,132681366
12/30/2020,509680257177,27424.53895,38081840206,571481132.3,0.004493495,137019168
12/31/2020,535967306918,28837.28853,43341140482,591471700.1,0.004656391,138903964
1/1/2021,539438036436,29022.4184,43503516563,597887560.8,0.004706605,127614764
1/2/2021,545593282215,29352.12679,34089717988,707576208,0.005538272,244607104
1/3/2021,597887713054,32163.82494,57273436641,1354819957,0.010603075,3117161274
1/4/2021,613616917626,33008.2262,178894000000,1288354839,0.010086682,2306838511
1/5/2021,585726270249,31515.57597,74657165356,1226307420,0.009591751,1238833461
1/6/2021,633651671519,34082.20605,67420500716,1257877104,0.009841172,643097358
1/7/2021,682743683563,36933.52014,71027195898,1331066851,0.010463465,699719978
1/8/2021,735339707368,39547.08408,78642959829,1249855747,0.009776329,505843513
1/9/2021,758971014787,40815.96185,82846468856,1264295436,0.009888197,423947677
1/10/2021,749347201463,40296.529,55921808672,1306799491,0.01021948,483402082
1/11/2021,714078952009,38397.89599,73381123613,1263664503,0.009881088,430989179
1/12/2021,663380898829,35669.90669,111692000000,1132719254,0.008856219,561767457
1/13/2021,629751630408,33938.33588,68954134557,1022224681,0.008067137,343428361
1/14/2021,696668634091,37456.00773,65278944794,1106626599,0.008650341,279274227
1/15/2021,729751433670,39232.74997,57519444622,1211261062,0.009467234,475592505
1/16/2021,684304915288,36787.52122,63450740093,1193371730,0.009326414,443710336
1/17/2021,674660879866,36254.71308,55054325262,1185636962,0.009264962,358598771
1/18/2021,672291934493,35804.26389,50749258739,1155387089,0.009027603,331381093
1/19/2021,682647247200,36595.46477,46769030147,1180603793,0.009161625,292476114
1/20/2021,671734819189,36104.86386,51736994549,1158893557,0.009053031,325744396
1/21/2021,662434464441,35587.4892,58406615612,1158148987,0.00904623,313732430
1/22/2021,575205510268,30913.69574,69415314298,1044842778,0.008160318,297156190
1/23/2021,613271077002,32957.90878,69549742252,1087438950,0.008516843,293811760
1/24/2021,596744391345,32068.08737,43575409685,1098138944,0.008574718,264407166
1/25/2021,600595408892,32273.51735,42810544126,1118023170,0.008729032,255272294
1/26/2021,602517850752,32375.32006,50410553261,1072613320,0.00837359,236268071
1/27/2021,606573549810,32582.10945,48489676580,1053619539,0.008276932,211765469
1/28/2021,566661443732,30445.52587,51514291052,948845594.2,0.007437339,221445010
1/29/2021,616625386428,33128.34753,51075972572,4182699293,0.032642559,14941040932
1/30/2021,635688668064,34150.81877,97468515525,6067971852,0.047350481,21756143388
1/31/2021,636624676861,34199.51981,52001249491,3654877537,0.028517121,7417688491
2/1/2021,615013848827,33064.78677,42488649643,4920829029,0.037988792,7755101292
2/2/2021,621908231690,33405.99036,49268860243,4433684616,0.03458624,4656523409
2/3/2021,660664104637,35485.98593,50730704377,4054295192,0.031623262,2444614955
2/4/2021,695794870716,37494.71762,49762137494,4699500064,0.037379014,2696782678
2/5/2021,686453802173,36816.50808,54494811707,6810395814,0.054284972,12004482930
2/6/2021,706320162929,38007.83223,47446256482,6033220883,0.04706214,5160805641
2/7/2021,732453192637,39279.41287,57076868562,7271788224,0.057875695,5679785681
2/8/2021,723434796638,38833.34026,53802559039,10271067765,0.079084665,13793129135
2/9/2021,862413737411,46307.57412,86994225365,10164021993,0.079227056,10823807112
2/10/2021,867164581003,46569.56483,78828431117,8978311026,0.06997689,6181134723
2/11/2021,839561451461,44848.69345,70000356396,9381046299,0.072987058,6304018582
2/12/2021,890629045244,47815.96176,66187179919,8951728841,0.069754701,3377206172
2/13/2021,880620921496,47414.18626,61942185129,8937647951,0.069474659,3548414349
2/14/2021,874425017687,46941.29209,55312381649,8583843026,0.066873675,2275047526
2/15/2021,905515462577,48607.87452,57738376570,7963525499,0.062034346,3318277601
2/16/2021,892345220938,47898.48703,61061855794,7306725578,0.056911821,4042454025
2/17/2021,917339726315,49238.13691,64141133354,6943871271,0.054079792,2717472447
2/18/2021,971516568848,52143.67884,68478739131,6256910636,0.049137409,2259698808
2/19/2021,963911356673,51733.07554,58486508606,7729583761,0.060186169,4660795048
2/20/2021,1044189900352,56038.72776,71397235197,7128326860,0.055498778,3048336602
2/21/2021,1050555931433,56377.63348,77351787996,7082310130,0.055134667,3342539176
2/22/2021,1075380337358,57669.30353,61223272211,7345301352,0.056612481,2723241990
2/23/2021,1012091985973,54410.85629,101532000000,6873239455,0.053531953,3430333609
2/24/2021,904133801445,48691.89483,116690000000,6103500677,0.047499554,2366851289
2/25/2021,929081504354,49849.37871,73140585469,7332961501,0.057061548,4399443853
2/26/2021,875883932252,46992.66545,60355381276,6454021312,0.050216802,2469967978
2/27/2021,869070614248,46551.48748,74357197464,6487737134,0.05054394,1862673178
2/28/2021,869649724201,46653.5264,50989764249,6538921364,0.050866474,1478258322
3/1/2021,838307614585,44970.16346,59679588927,6201387147,0.048235673,1576893241
3/2/2021,928146793676,49787.33996,63218569172,6561571713,0.051020626,1652399316
3/3/2021,905413239165,48532.23679,53499537417,6517554438,0.05056754,1424572957
3/4/2021,942969910364,50577.45747,59212268141,6527074840,0.050752633,1233795414
3/5/2021,908517236708,48727.4512,60749587836,6449361941,0.050143007,1337710788
3/6/2021,911379300053,49091.81488,56568112294,6421657994,0.049922268,1358502536
3/7/2021,916504852500,49019.36859,41478786533,6545855781,0.050882384,1561141044
3/8/2021,955040794770,51313.09262,46146324828,6657773356,0.051841258,1014195811
3/9/2021,974195000547,52328.53591,53568946626,7776184983,0.061684274,3627421089
3/10/2021,1018978819157,54700.27344,57418251743,7446831675,0.05786725,2529486918
3/11/2021,1044805904678,56020.48772,63560545037,7232723297,0.056197473,1677010512
3/12/2021,1077836070933,57788.8681,64605228618,7201587925,0.055949635,1390253343
3/13/2021,1069776383194,57353.86147,59984971692,7094349921,0.055110588,1349377295
3/14/2021,1145191373522,61315.19793,67332756651,7750447457,0.061927731,1908931774
3/15/2021,1111684638819,59428.96757,48104078384,7610317578,0.058827998,2759123152
3/16/2021,1049197142852,55805.32925,70594488700,7324737827,0.056882033,1743281980
3/17/2021,1060221966895,56830.25334,63219904254,7556337742,0.058674319,1451939103
3/18/2021,1101028543248,59014.92563,63368268626,7517749273,0.058368719,989940709
3/19/2021,1081065767946,57922.40959,58387006276,7429523848,0.057643589,990194954
3/20/2021,1086741150607,58243.27061,51948388931,7528469477,0.058439474,1081897762
3/21/2021,1090022321078,58376.15847,54549112636,7634534868,0.059155351,1130635906
3/22/2021,1074356788297,57573.53934,55664123838,7393832359,0.057382178,947849286
3/23/2021,1020641820439,54370.13756,62001716795,7186846706,0.055586302,895730940
3/24/2021,1017637245492,54584.86995,60383378707,6929411776,0.053766365,995604161
3/25/2021,982797427007,52526.8666,73029051195,6729987270,0.051798525,1043427664
3/26/2021,959155260367,51416.9083,63401640503,6575327768,0.051008122,1229615851
3/27/2021,1027209990795,55033.10048,55442557956,6940289325,0.053833612,834542001
3/28/2021,1042184275333,55832.41811,47285749219,6962666598,0.054787302,1017584672
3/29/2021,1039333584621,55728.10133,49315845081,7015286858,0.054403742,833678868
3/30/2021,1075942162537,57634.92869,57387039705,7079729288,0.054897617,933464548
3/31/2021,1095293012033,58668.62834,52387542501,7046811980,0.054648889,1141286834
4/1/2021,1098127310947,58817.37389,57495844478,7014689873,0.054381688,1042337641
4/2/2021,1098583823874,58801.19484,54320681401,7924888033,0.061592862,5955711022
4/3/2021,1103133931137,59060.02678,52224918752,7507812668,0.057867009,2448301265
4/4/2021,1067101827373,57060.40665,52067853988,7298466979,0.056190733,1457244564
4/5/2021,1087344280110,58228.80262,46156767978,7463266116,0.05789756,1303803800
4/6/2021,1096202611390,58706.81559,54670173277,7715037292,0.059815444,1822202973
4/7/2021,1084341670321,58062.17872,61497704158,8342298640,0.064632557,2979685711
4/8/2021,1050759681845,56134.41739,67617613532,7655108665,0.058961028,2977233569
4/9/2021,1083362883828,58065.64402,48714359354,7962866152,0.061679755,1254061265
4/10/2021,1085794662405,58152.99326,45880879042,7936596412,0.061538922,1235176274
4/11/2021,1116221525334,59979.39282,61788197399,8249317321,0.063882889,1492859570
4/12/2021,1120606689450,59988.02096,46792500387,9687276639,0.074646302,6594980841
4/13/2021,1118532902102,59911.02059,55994558889,9196724800,0.07102437,2913823059
4/14/2021,1187737045885,63576.67604,71993120011,12113258471,0.093778526,7372508507
4/15/2021,1173412921930,62807.12323,80157135508,15701118351,0.120172233,19595646414
4/16/2021,1179561609817,63179.77245,60495376851,22780764221,0.179861793,17675455194
4/17/2021,1149602869702,61497.29957,86260673270,48767205447,0.374160213,50960650647
4/18/2021,1125592412523,60273.86668,63808212133,37483584822,0.285109387,30301421158
4/19/2021,1053618163310,56288.94534,102066000000,41360056945,0.320030223,23753545992
4/20/2021,1043148020633,55721.16605,66156275210,53086953476,0.409410343,30847872454
4/21/2021,1055145534127,56294.72856,68166802216,43064103591,0.325695246,28256320647
4/22/2021,1012699264346,54190.07026,56115370322,39871679938,0.308414106,11245621591
4/23/2021,971174701493,51965.56643,77897442832,34105735063,0.263785389,12372638670
4/24/2021,956744203682,51191.1247,91138220375,32231128597,0.24925993,17283487906
4/25/2021,937014999515,50133.1074,49296256746,34979989822,0.270489192,10807971321
4/26/2021,915533819859,48981.44139,46233432154,33051358530,0.252541305,6742402257
4/27/2021,1008389773190,53978.80555,60226926860,35161130279,0.271831984,6413613557
4/28/2021,1027617870422,54991.81484,48468560013,35151669025,0.271730488,4324871047
4/29/2021,1024625833392,54810.61385,48072930663,41743974978,0.322656433,15310415976
4/30/2021,1001973605935,53596.70402,46958036373,39626179177,0.306254419,5635975307
5/1/2021,1082721727348,57828.51181,53879045974,43856109573,0.338776806,5791678086
5/2/2021,1080897634123,57812.96916,43967070046,50748955079,0.393403409,11619063047
5/3/2021,1057850321949,56600.74529,39072664394,49014916719,0.378687846,9009865375
5/4/2021,1069571255196,57200.3003,54132470274,57139646560,0.44141195,11357873988
5/5/2021,999775008412,53464.37022,71296763919,71252122862,0.543915076,39500407578
5/6/2021,1070969079354,57432.10023,72158368258,84871718670,0.655333177,44644519734
5/7/2021,1056801053575,56507.75944,87510802711,75249721643,0.581127759,19023046812
5/8/2021,1072831991777,57361.56904,68154805947,88794768977,0.681841637,31623843002
5/9/2021,1099271802311,58771.88169,66812167538,82064020248,0.633615145,29418365423
5/10/2021,1088903483393,58213.92629,67906284081,74368118240,0.57313597,49053292485
5/11/2021,1045714370754,55901.66759,76672978748,58441555673,0.451128903,17200364811
5/12/2021,1064993057464,56928.97236,67726708141,64355971521,0.496730844,15290083251
5/13/2021,935512493151,50004.76218,75523928654,53796102921,0.415191735,10742618800
5/14/2021,934964766186,49972.7954,104204000000,63357827990,0.488936267,20865846833
5/15/2021,935962705739,49913.26314,56820196965,73202813078,0.564850776,21034363818
5/16/2021,875321252276,46780.9023,62896879696,65685563368,0.506792372,10494108535
5/17/2021,871695620616,46585.06414,70636455914,66881415608,0.515315465,9989157880
5/18/2021,819256623329,43780.8256,84054878924,62893452096,0.485147399,8093369123
5/19/2021,800545278568,43091.04145,65037066859,62100584439,0.478976031,5522377790
5/20/2021,697785056488,37287.3914,141151000000,43923278363,0.338740126,15977305882
5/21/2021,759679496751,40437.7301,95001812131,51586844260,0.397799655,13713074556
5/22/2021,698762712554,37339.6342,88706010988,45925318262,0.35233064,8361664796
5/23/2021,702143968884,37520.31768,61178935274,44531404176,0.343086742,6521890070
5/24/2021,654558962028,34977.5278,84358034876,40114225403,0.309233279,8460153799
5/25/2021,723143072420,38642.4423,71163197727,47102789102,0.363068763,8184613093
5/26/2021,715248689990,38210.80522,48724794158,44763375248,0.344895727,6514659543
5/27/2021,737668726732,39406.93424,47026386118,45956150665,0.354155407,4005070154
5/28/2021,723137484747,38642.89555,40836817156,43320992018,0.333812321,3057688715
5/29/2021,668521654365,35710.22094,49991590068,40423846903,0.311455169,4023491238
5/30/2021,654239808357,34775.07941,43184025045,39595872238,0.302704437,3392384686
5/31/2021,668664301774,35714.75202,30650274658,39123526701,0.301428717,2927395692
6/1/2021,699138611681,37340.67927,37950798680,42392462477,0.326530712,2987098923
6/2/2021,688726381047,36680.0682,33536905028,48461329054,0.37323681,6733327602
6/3/2021,704531333543,37685.71798,31240691604,55454564159,0.427387884,12390396038
6/4/2021,733150718114,39151.31618,33396718845,51688479012,0.39800727,7531474357
6/5/2021,691747462828,36938.72031,39345490149,49058017296,0.377712701,6625853842
6/6/2021,662913486273,35546.98596,34068172836,48141414070,0.372906114,4141408440
6/7/2021,671131079524,35834.47447,27689283071,48392042544,0.372499308,2150393720
6/8/2021,626527049948,33451.38341,33345528753,43700362808,0.333076797,3149988271
6/9/2021,629018966290,33557.15068,46727462986,42547609072,0.327442037,4351006876
6/10/2021,705292677171,37553.64376,54511387836,44769090935,0.344502301,3815915048
6/11/2021,691681868464,36903.30491,42952476855,42852644186,0.329430085,2902010287
6/12/2021,698528023664,37289.43252,36358044263,41211526346,0.3170593,2552815813
6/13/2021,668148892256,35666.14978,35710196743,40697435028,0.31307115,2255997607
6/14/2021,733402631079,39147.70568,38185633278,42257825962,0.325040441,1933176774
6/15/2021,761104314502,40624.51305,45836408439,42647566148,0.32800349,2303945199
6/16/2021,756522207420,40378.20255,36706248352,41819458598,0.321600763,1827179805
6/17/2021,718016373177,38321.45466,36563438890,39959183235,0.30726067,1849556139
6/18/2021,715652442155,38193.61914,36330237284,39833096687,0.307648464,1374063218
6/19/2021,673761687974,35881.11137,35162612173,38143539822,0.293237442,2225163523
6/20/2021,666901325910,35581.64227,28858979692,37500205367,0.287834915,1435144271
6/21/2021,670634370557,35787.07741,35609127164,36753345057,0.282546584,2397238936
6/22/2021,598335733136,31711.93547,51873870277,23329004524,0.177158835,6017998979
6/23/2021,606580031923,32507.73871,57443014758,24507032193,0.189457008,6153862252
6/24/2021,631634847766,33702.61779,39798236962,30785375820,0.236763402,6409757149
6/25/2021,650340461976,34675.44911,31862051544,34365766689,0.264012844,4350232583
6/26/2021,598703019611,31943.13647,38635245431,31689044735,0.243412684,6643561020
6/27/2021,600235334321,32023.9739,36873109420,31477659181,0.241789155,3495938718
6/28/2021,649262127990,34607.29327,34335452117,34096779100,0.261878119,2743197485
6/29/2021,647741224117,34556.84213,32453802891,33435820028,0.257566982,2479287619
6/30/2021,674231340724,35968.99367,35121257876,34483021648,0.263482443,2762721209
7/1/2021,660200427590,35171.4863,31024153847,33047008786,0.253630327,2571421534
7/2/2021,629863895572,33677.56624,29129630236,32039826598,0.245758224,3268541857
7/3/2021,633684390026,33950.78656,25084046353,31898689669,0.245550248,1889927472
7/4/2021,650382046625,34729.89078,22986053605,32206556134,0.247191149,1227580789
7/5/2021,663571591568,35394.21307,22727930418,32158422617,0.246795791,992614864
7/6/2021,636061920915,33928.13422,25894820185,30340231062,0.232817536,1334518761
7/7/2021,640405812762,34149.98981,26106856612,30498108426,0.23396012,1337006930
7/8/2021,636246944189,33932.25464,23692220470,29283224579,0.225015104,1148728840
7/9/2021,617861633772,32933.5782,29065577052,26873301204,0.206084543,2153838621
7/10/2021,637000370375,33971.29775,24282108111,28480856790,0.218974078,3259713674
7/11/2021,632185737683,33704.53847,20558304484,27673709686,0.211767821,1746924474
7/12/2021,643335853171,34299.93802,17798828844,27911022096,0.214009787,913246174
7/13/2021,623350567667,33262.65435,21683885321,27090085304,0.207763816,1253672403
7/14/2021,613002045101,32676.3838,19932531700,25809414653,0.197754877,1334275683
7/15/2021,616691143980,32878.50187,21779069066,25714758614,0.197139179,1429641639
7/16/2021,595342431374,31726.03883,21557729227,24197694492,0.182761828,1161312534
7/17/2021,588495008676,31399.65313,22671859963,22412454428,0.174833571,1410700420
7/18/2021,592581931071,31588.67135,17715455995,23966076761,0.183675222,2708790554
7/19/2021,597872278369,31919.39392,17742105808,24010766980,0.184289571,1524012212
7/20/2021,580252472383,30928.21191,20095540828,22684031984,0.172887681,1157741992
7/21/2021,561743228117,29971.90378,23000299062,22548330103,0.172966487,1798516247
7/22/2021,605357009417,32383.78113,29070652060,24902296662,0.191587942,3663618236
7/23/2021,607621607805,32409.49977,19741588059,24989319857,0.191646989,1590344694
7/24/2021,627747173675,33455.55127,22937379735,25277663412,0.193612762,1382745729
7/25/2021,642012590041,34213.59993,22120323672,25869416922,0.198246459,1550001044
7/26/2021,664681184169,35456.12466,20929083221,26058519149,0.20232633,1651934670
7/27/2021,701921012035,37281.91809,53550491998,26908901181,0.206030214,4968959293
7/28/2021,732311951673,39076.59377,36401287454,26714978976,0.204539367,1943998807
7/29/2021,751371299911,40031.19824,41369107423,27225714557,0.20842544,2209278393
7/30/2021,750407963580,39977.75694,28717414113,27252959174,0.20861219,1730901237
7/31/2021,786531956384,41936.26148,35530501783,26938467544,0.206229723,1588419179
8/1/2021,784039345926,41754.1666,28437941447,27955385438,0.213086917,2028990907
8/2/2021,747403845432,39914.82976,28555173662,26416716627,0.206802445,1882827394
8/3/2021,737440183776,39278.76651,28057528866,26644210985,0.203867135,1012290886
8/4/2021,720835141114,38368.35401,28422901237,25785827888,0.196504346,1036830115
8/5/2021,747085951935,39751.58458,27751046040,26408177704,0.2016497,962533709
8/6/2021,768416417394,40825.38194,38527930905,26330675954,0.200606372,1109943587
8/7/2021,803853127161,42802.13717,40840608017,26821969245,0.205148462,1213952378
8/8/2021,838457486988,44647.5776,42725276705,33550668704,0.256836614,5055948133
8/9/2021,821704814136,43753.21786,39633218479,31238430538,0.238877349,5671545397
8/10/2021,861862844506,46311.0019,42726733998,33056644376,0.255657969,3847114816
8/11/2021,854344953099,45639.51402,35669862362,33601237795,0.25744876,2974048189
8/12/2021,857660568377,45652.06013,35679832771,34808796725,0.265928121,4170979331
8/13/2021,836054770492,44495.20979,35838614930,34729751177,0.265251612,4540100218
8/14/2021,895084141169,47717.27053,34320865037,37271229392,0.286497473,3060479635
8/15/2021,886593539913,47088.85313,33294851811,38430885600,0.292454426,3761196113
8/16/2021,882888202378,47025.00323,32863850458,44252032897,0.338200977,6519860020
8/17/2021,866391335029,46031.75754,34221605780,42269378095,0.320635588,5527423994
8/18/2021,836777066606,44534.45485,34488116651,38987523642,0.297851628,4619101460
8/19/2021,847143004615,45015.46555,34668999388,39924385528,0.304977109,5030258842
8/20/2021,867650725473,46745.03462,38434805723,40377081622,0.313909262,3314193220
8/21/2021,923013359587,49195.8786,36497089237,42757310851,0.327160139,3003645598
8/22/2021,920750216465,48933.68915,42147725293,41491614913,0.316850777,2219159989
8/23/2021,925630106451,49250.54487,27110183703,41187995247,0.314126562,1919024711
8/24/2021,930729196214,49518.57749,35800255386,41698354295,0.318051814,2493171819
8/25/2021,902489541308,47940.60791,38387146175,37922229343,0.289501625,2760490446
8/26/2021,921328247354,49002.70377,33517327124,38396676017,0.293073358,2155379874
8/27/2021,887832142450,47229.07065,33774857003,35773389027,0.273032397,2079136313
8/28/2021,922969799299,49083.10331,34607868773,38550123418,0.293720784,1989544801
8/29/2021,920017911099,48936.53725,28491785397,37470326302,0.285923568,1313330274
8/30/2021,919515378469,48907.27073,26244843558,36883310701,0.281765324,1282203149
8/31/2021,885729258053,47124.25422,32326073272,35462720002,0.272417043,1568735112
9/1/2021,890014982635,47335.4203,34868965959,36566091552,0.279037912,1560409724
9/2/2021,918058330851,48823.05521,39060601275,38342017497,0.293435076,1738116785
9/3/2021,927323146557,49338.78465,39362789535,38819265915,0.296201306,2699139125
9/4/2021,937295558515,49934.52828,42934455726,38818547694,0.296034319,2081922369
9/5/2021,940538655660,50013.02995,36985805207,39363399710,0.300158243,1964249166
9/6/2021,971284117138,51696.20643,31765191430,40951813826,0.312889033,2082920314
9/7/2021,992868819862,52739.80017,37532574717,40624959969,0.309712773,2245729272
9/8/2021,881943904969,46995.16417,64010507329,33371857563,0.255336743,4813878570
9/9/2021,866885887154,46085.02862,48151104381,33662035511,0.256569331,2760848634
9/10/2021,876179332244,46518.94119,38581092904,33171982000,0.252807623,1529800674
9/11/2021,842222636395,44802.6064,38051987740,31486963338,0.240179326,1562458807
9/12/2021,849828231596,45196.48828,34160277726,31643808716,0.241200814,1006708882
9/13/2021,869122611514,46195.2183,27585855039,33147948232,0.251408751,1276696517
9/14/2021,848992511474,45139.83397,40683028028,31092254136,0.237080977,1596229042
9/15/2021,886524004597,47135.432,38645575966,31648603798,0.241071959,872222557
9/16/2021,906727769791,48186.53276,30037816650,32473677223,0.247330191,898438546
9/17/2021,900990520812,47879.47344,31578783375,31853439636,0.242580852,1067493820
9/18/2021,892585184978,47228.65822,27731209179,31640998451,0.240937945,1986733762
9/19/2021,907957032341,48266.62707,27630476158,31788925028,0.241894865,912228844
9/20/2021,891560241243,47371.03933,26163167369,30802148835,0.234501026,820705632
9/21/2021,805826302811,42932.9466,41220025454,27179947492,0.20768232,1920244277
9/22/2021,760802031651,40386.62364,45940419565,26210995473,0.199616127,1556838499
9/23/2021,820460824051,43587.22305,36624234960,29476367021,0.224661112,1753590768
9/24/2021,846615719474,44980.89821,33594750550,29706605970,0.225537153,993468486
9/25/2021,809772498813,42752.16815,42973070343,27662713843,0.209120627,1650842494
9/26/2021,808279417023,42856.85516,30898116660,27568061035,0.210367602,941382052
9/27/2021,825341135636,43336.86123,30462815705,27453142737,0.205721486,1069225817
9/28/2021,794889951096,42247.35573,30483144439,26298507457,0.200310715,756949506
9/29/2021,775534111089,41010.3752,29691944223,25854555239,0.196651522,770680217
9/30/2021,782626384092,41587.66786,30068690312,26244810644,0.199598966,793650713
10/1/2021,827840965060,43859.32615,30859918335,26892267861,0.204667024,772968140
10/2/2021,906929641889,48181.87627,42089383190,29264176785,0.222705304,1253107757
10/3/2021,900582483713,47777.76202,29742127388,28843582962,0.219271788,1018419282
10/4/2021,910331395887,48282.97114,26034594562,29235159256,0.222176206,962415745
10/5/2021,927812140868,49260.23232,32691763060,32067553483,0.243219299,3200327908
10/6/2021,973040988103,51668.99422,35480330025,33115303228,0.251694135,4068637354
10/7/2021,1044675252844,55415.00574,48462388016,33034727303,0.25255072,4110248359
10/8/2021,1015246512239,53894.59599,36549815857,32035841670,0.243439044,2758950037
10/9/2021,1016650501581,54010.93747,33935485257,32012438945,0.242967933,1764985515
10/10/2021,1038524699061,55125.46034,31927344846,32546913547,0.247163561,1347892633
10/11/2021,1030788036762,54711.8696,38579271671,30206110262,0.229298522,1155512151
10/12/2021,1084736227838,57572.51086,41913482915,30419356234,0.231961298,1283161881
10/13/2021,1061829863954,56335.03546,40021384611,29817766316,0.22635153,1692336319
10/14/2021,1083366079899,57487.98588,41216945749,30638244804,0.232762912,1257916343
10/15/2021,1082900149763,57452.43179,35994603913,30658843961,0.232981578,1246214724
10/16/2021,1164782155730,61809.02394,53653355008,30955860407,0.235038164,1697000571
10/17/2021,1153847028825,61165.63564,35385452269,31422718667,0.238558225,1411776663
10/18/2021,1160650121142,61583.77444,29625957542,31344062761,0.237936342,1339251268
10/19/2021,1173944883530,62017.97273,39610183787,32573725269,0.24612225,4425113299
10/20/2021,1217582580303,64517.64856,42550624869,32512665553,0.246548509,1653401803
10/21/2021,1250376460616,66237.51755,40790757382,33806328665,0.254517509,1734041308
10/22/2021,1178926819141,62541.08693,48709960686,32093653209,0.243526637,1710214523
10/23/2021,1151508584005,61029.27093,40766460605,32506463987,0.246426476,1864736299
10/24/2021,1161166467847,61572.14043,28505039148,33061597043,0.251500062,1578066916
10/25/2021,1153315262663,61173.16639,29982535557,36687265385,0.278296551,4942300324
10/26/2021,1192131994833,63228.21383,30852852368,34941224252,0.265011276,3340089767
10/27/2021,1143497865065,60604.18889,33233702858,33859397597,0.256781259,2714016376
10/28/2021,1105754837661,58641.00147,43976252157,31540178380,0.239166526,4746122253
10/29/2021,1145912030969,60767.55585,52318597557,39511206991,0.299578968,18011898078
10/30/2021,1178047465292,62283.19806,38648967245,38184788655,0.288814074,5883306861
10/31/2021,1166423768410,61837.257,31810216330,35341200121,0.268298081,3599197250
11/1/2021,1159841954948,61471.86846,32494948461,36909621915,0.279767295,4382941811
11/2/2021,1152831210804,61121.8312,35834742028,35921018083,0.272081995,2938224696
11/3/2021,1186951581189,63247.20896,37335066460,36049337832,0.273880004,2448991837
11/4/2021,1187048124214,63130.94235,36561444797,35494937229,0.269688283,2283948676
11/5/2021,1157101738113,61601.74357,33152275947,34522303123,0.263609253,1890709185
11/6/2021,1154530569293,61247.38494,31182137448,34507961356,0.261807276,1653890893
11/7/2021,1162489871875,61661.35866,31423601393,34667024254,0.262512889,1589126693
11/8/2021,1191631271448,63153.23019,24877902990,35265876568,0.266590864,1309857042
11/9/2021,1278797895528,67617.01554,105426000000,37320250692,0.282271623,3923628087
11/10/2021,1268116896159,67145.37494,41207912438,36274785710,0.274161717,2342348652
11/11/2021,1221681091091,65061.05441,48648563669,33523008508,0.25573425,2821821733
11/12/2021,1228606858157,65005.64516,35457583783,34629265046,0.261400263,1818556218
11/13/2021,1215930166023,64432.04795,36872626218,34255307730,0.25935008,1686591915
11/14/2021,1220299721851,64660.33535,29677693457,34667769849,0.262435914,1344220250
11/15/2021,1239021452561,65648.97779,26088449437,34939809035,0.264467958,1614387238
11/16/2021,1206711952538,63933.83544,32107212452,34088301573,0.257996492,1025389485
11/17/2021,1141910823556,60448.56251,48978396011,31552704883,0.238781165,2041858402
11/18/2021,1138136620641,60603.65587,39200729529,31574976729,0.238872921,1412685827
11/19/2021,1075758915731,56987.32234,41828523862,29299038497,0.221680208,1731616054
11/20/2021,1103594176399,58459.25552,37851259606,30964779016,0.234259582,1333859590
11/21/2021,1134300362589,60082.91167,29676550712,31021026022,0.234661036,934351229
11/22/2021,1120610791476,59139.77928,25743426947,30345535042,0.228668851,919422181
11/23/2021,1064619437494,56386.85685,34001467919,29089986846,0.220222955,1071295453
11/24/2021,1090380950871,57748.79317,36421192857,29958889793,0.226555976,1769899579
11/25/2021,1080039673037,57198.18385,31695369988,28878915784,0.218280384,1252623948
11/26/2021,1112182356757,58897.84698,33721097081,29310587671,0.221607647,1199279937
11/27/2021,1016487054820,53827.79287,41325811946,26775845330,0.20242257,2369326533
11/28/2021,1030781591913,54533.40388,28256851068,26984855765,0.204382482,1226693533
11/29/2021,1080980050981,57237.66114,27659464987,27457594550,0.207533883,1316180058
11/30/2021,1092574224476,57848.77354,30985196647,28521528060,0.215240732,1884339529
12/1/2021,1076804436724,57011.28047,35723038604,28448975743,0.214982553,1703432997
12/2/2021,1079838995017,57169.37199,49383073891,27724567903,0.20948652,918544485
12/3/2021,1067406204923,56508.26805,36296342257,27757626765,0.209731994,1915107775
12/4/2021,1016040747070,53785.96717,39527112726,26624094017,0.20126151,1308763626
12/5/2021,930097457942,49161.99071,55941408415,23761598360,0.178986555,3753914609
12/6/2021,932015145132,49268.46989,32826574574,22688750945,0.171365283,1438723427
12/7/2021,953396710270,50461.57684,36126018722,23606751297,0.178280609,1840846269
12/8/2021,956961313926,50647.66341,30083305920,23471280982,0.177161065,1119995690
12/9/2021,954800139986,50530.45806,26590164539,23725166634,0.179138661,1015213141
12/10/2021,904878061657,47885.87199,27269362515,22610118287,0.170701745,936589839
12/11/2021,893919955030,47303.56415,29611257205,21900883983,0.165330522,780125454
12/12/2021,930603779264,49242.30232,24619129767,22378284973,0.168917181,756913416
12/13/2021,945932497231,50051.07835,19871029748,22512231326,0.169910635,643576077
12/14/2021,882570058437,46696.3047,29628245402,20939287872,0.157715181,901190677
12/15/2021,915015634617,48410.56466,30152105690,25340873990,0.191220695,5997692276
12/16/2021,925006387197,48936.86258,33782603071,24072429979,0.181630423,2223447704
12/17/2021,901558072619,47694.5305,24699414444,23088148035,0.174185987,1148546959
12/18/2021,875783175210,46328.69637,30617760444,22489472263,0.169651807,1704355984
12/19/2021,887944269264,46970.05705,23305069270,22867762956,0.172487647,783345233
12/20/2021,884905649264,46807.04862,23002876886,22540307352,0.170000088,497961559
12/21/2021,890808857615,47117.0082,29356191956,22398966536,0.168547646,1123058444
12/22/2021,929203956014,49145.21726,25764127608,22832852886,0.172171264,835995554
12/23/2021,921888029985,48755.89564,21887790446,23071668322,0.173954169,998599705
12/24/2021,960809259355,50900.61495,26419703745,24322792009,0.184049376,1305252644
12/25/2021,962312381228,50888.72104,22535489970,24945394836,0.188043998,1896373538
12/26/2021,958099737763,50663.4871,17235296606,25521478296,0.19236701,1207125375
12/27/2021,961723851972,50852.86026,19632044502,25325430350,0.190713426,937510553
12/28/2021,960280703700,50774.06781,22793878137,24978654683,0.188275502,907547868
12/29/2021,902655839568,47725.14805,29538983233,23197812335,0.174852481,1161635505
12/30/2021,874314106560,46506.99465,26348739119,22177073845,0.16821257,1126368147
12/31/2021,892648631306,47191.86839,23753871435,22763459511,0.171578566,876843164
1/1/2022,876192941903,46319.65109,25895349605,22624643574,0.170532247,903471965
1/2/2022,904551946917,47816.07768,18904585811,23034356104,0.173620437,700234105
1/3/2022,897536090321,47387.21217,33756128242,23189354836,0.174564854,767770586
1/4/2022,880330191985,46531.14086,21890019532,22621528777,0.170441422,719869624
1/5/2022,876242689666,45938.02427,24895990584,22445213953,0.168585704,733229309
1/6/2022,827723202715,43647.14751,31837641246,21240335819,0.159999734,1228155231
1/7/2022,819522879407,43216.45868,26366602397,21332694300,0.160486744,988297615
1/8/2022,787735561341,41527.19704,79685254648,20611402208,0.155263733,1156722902
1/9/2022,792892599976,41756.66232,23337017233,20139878464,0.151343759,758171230
1/10/2022,791648558215,41862.36099,18016718174,19964400634,0.150535911,574066365
1/11/2022,792407724468,41869.85906,27984634062,19012630702,0.14330686,827247231
1/12/2022,809621515508,42777.21102,22813557398,20385158638,0.153652229,1508969685
1/13/2022,832460077955,43981.87733,28250302540,21425878754,0.161496611,870150910
1/14/2022,806510860232,42608.41001,43905745871,22909383758,0.172678464,2164616563
1/15/2022,816129314317,43120.85451,20238314435,24358811362,0.18360346,5107792259
1/16/2022,816800318527,43226.65027,14651008625,24545157843,0.185008038,1719975696
1/17/2022,816325578941,43119.79214,14452346389,23590498626,0.177647682,1052464223
1/18/2022,800822650384,42298.34112,17694929626,22747552403,0.171458667,1063970349
1/19/2022,803962100418,42395.45879,18897950050,21963345669,0.165369336,942911904
1/20/2022,790507925309,41749.55143,19626113310,21552882774,0.162453898,842874980
1/21/2022,774235809673,40707.68241,20930163211,20710594132,0.15518206,749567508
1/22/2022,692855029163,36508.79979,38296960033,18923128291,0.142102136,1306756194
1/23/2022,666220701468,35180.43546,35517336417,17699687755,0.133410611,1895282614
1/24/2022,687575973800,36306.40944,22865032969,18771666643,0.141665047,1305187981
1/25/2022,696465421899,36774.00714,36385158449,18317867949,0.137861843,1427948964
1/26/2022,700571452649,36988.92851,46168918585,19074976247,0.143776787,1529788139
1/27/2022,700165819656,36870.44017,26756873750,19186152853,0.143977327,1192737504
1/28/2022,702311456033,37276.83956,22057410457,18831268316,0.141939849,683501521
1/29/2022,717026944843,37852.57903,19214103304,18841560676,0.142017428,428035001
1/30/2022,722829009646,38232.17873,14178650232,19007291975,0.143532114,427276092
1/31/2022,719570142322,37983.1515,11807185114,18537341641,0.13972439,324442352
2/1/2022,727905398096,38555.53446,17731563487,18798749874,0.142174726,624140939
2/2/2022,736102274237,38835.69494,17109120250,18951322312,0.142844751,450425345
2/3/2022,700645616424,37000.9825,16709908527,18236982942,0.137585395,521231759
2/4/2022,703003347952,37101.35159,16136299995,18289818473,0.137858695,494523648
2/5/2022,777355085536,41673.83955,25347215344,19456319030,0.14812714,595399581
2/6/2022,786295053042,41493.69005,16752051696,19551164887,0.147366038,617489173
2/7/2022,804942041477,42475.54322,13206494655,20429634387,0.153987463,672669138
2/8/2022,833392518215,43910.92999,24171856714,22036370847,0.165769673,1551929088
2/9/2022,837406846076,44184.44751,29024977265,21049874031,0.158662492,1056982570
2/10/2022,841339973339,44383.88806,19780565063,21149063223,0.159403355,833738752
2/11/2022,826942197610,43628.13953,27877618434,20203130340,0.15206771,849270507
2/12/2022,803706779792,42445.38877,23279080010,19250932075,0.145017224,670550572
2/13/2022,799547462143,42254.73812,15479727289,19167930603,0.144477427,553680889
2/14/2022,802059713029,42247.83595,12146423251,19756196188,0.14897609,1231414543
2/15/2022,808280617642,42634.57378,18090873763,19379828533,0.146074598,713209878
2/16/2022,848321283144,44574.32057,19801081789,20205513015,0.151772344,588779802
2/17/2022,836256083784,44063.28198,16847003857,19793161996,0.14919008,467063699
2/18/2022,770096677779,40562.98695,22270664615,18448059491,0.13900001,637195115
2/19/2022,759881874201,40073.49536,20130002755,18432330983,0.138932877,469164991
2/20/2022,761447243940,40192.75912,11735183838,18712230030,0.141454679,531005180
2/21/2022,730381814665,38514.00854,15998424231,18210299711,0.137259326,430709128
2/22/2022,703004241590,37059.9794,25174914104,17175378104,0.128526055,744028094
2/23/2022,727094284068,38337.20386,22212181617,17498675789,0.131737975,578514809
2/24/2022,708829287814,37372.29268,18507851468,17006796281,0.128187972,524745720
2/25/2022,727657714638,38363.34549,40839699481,16447954566,0.123975728,1555500389
2/26/2022,745763194704,39316.16208,22579249142,16970565180,0.127914882,633264429
2/27/2022,741083625918,39090.20215,14568201295,16904081015,0.127704768,425389399
2/28/2022,717619764688,37803.59016,19424397946,16368162697,0.123668534,821388957
3/1/2022,819019441072,43225.40468,30634280855,17644834542,0.133250198,647565472
3/2/2022,841254375272,44459.59163,27880763034,17792137068,0.134277966,663017829
3/3/2022,834437956672,43980.70738,25615956856,17671088755,0.133195048,551242877
3/4/2022,807454920682,42491.97839,22366184129,17232959905,0.129811813,453454367
3/5/2022,743810477766,39200.29974,25121267306,16270672606,0.122639473,570639214
3/6/2022,748197160856,39463.14681,14818212145,16633635746,0.125408312,357699961
3/7/2022,729501899968,38442.99175,16995562041,16022285140,0.120914751,450121951
3/8/2022,723198804468,38076.49382,24596395439,15550670944,0.117217609,508118704
3/9/2022,735453953726,38732.93701,22556397749,15509340477,0.116952145,552520191
3/10/2022,796849504897,41986.03445,29211702119,16125521634,0.121487427,557097207
3/11/2022,749384110700,39468.35477,27653455219,15513048239,0.116923404,602381397
3/12/2022,738267961693,38775.17559,23624165275,15378091511,0.115565104,425746732
3/13/2022,738456528058,38903.69355,12440826654,15292272005,0.115080802,262487964
3/14/2022,718551088031,37852.52514,14461647576,14829369300,0.111775713,370701437
3/15/2022,751354026219,39669.42381,21250969229,15094262969,0.113846995,749557340
3/16/2022,747642430664,39331.84654,20768829818,14976874937,0.112750372,404855073
3/17/2022,779761001844,41165.63506,34974203469,15312260998,0.116923667,454062363
3/18/2022,778474325710,41001.70958,18861644943,15455353267,0.11649404,345892789
3/19/2022,794378970588,41837.41314,30316128166,15840145555,0.119394394,360212718
3/20/2022,800887993391,42201.93992,16580741572,16406470451,0.123464222,545229696
3/21/2022,784054464872,41283.259,16856192302,15829078266,0.11916398,380998924
3/22/2022,779205413379,41061.81589,21335882483,15801818879,0.119245893,356391942
3/23/2022,803937099701,42401.8956,28688623151,16238962822,0.122376772,468365802
3/24/2022,810894331278,42802.15471,21851891599,17166493311,0.12956103,763388441
3/25/2022,834251096725,43936.09623,26212783704,18085352081,0.136226458,1502377900
3/26/2022,842031938722,44331.77796,26147756108,17372121466,0.130912554,843502489
3/27/2022,845235093873,44510.84422,13676534294,18037221359,0.135954756,679906093
3/28/2022,887283025181,46715.11762,22545392530,19159099441,0.144318533,1361751199
3/29/2022,892747620148,46994.87912,30051327357,18912086335,0.142549012,1362089565
3/30/2022,901430001889,47459.26124,26128040681,19156703511,0.144392803,915070192
3/31/2022,895356010541,47063.36585,24497248306,19046182054,0.143361061,1429100277
4/1/2022,865010142445,45528.40715,27736469646,18285023775,0.137822555,1171644436
4/2/2022,879144224206,46270.20071,32948605532,18736363430,0.141224508,864435180
4/3/2022,871050305859,45842.14476,24803837260,18434882794,0.138952111,669846330
4/4/2022,882346640419,46434.56298,21510196790,19342108551,0.146112979,1083257019
4/5/2022,885584977681,46622.63571,28019309651,19686180868,0.148490713,2197789074
4/6/2022,867247321783,45635.45438,25474063862,22841317362,0.172165416,4812898159
4/7/2022,820983263462,43198.77527,34113818642,19026950766,0.143414797,3516150439
4/8/2022,827032889945,43515.15032,22960138784,19384244138,0.14610788,1288347536
4/9/2022,804272478981,42315.70972,24202906401,18909602131,0.142530287,1515264410
4/10/2022,812734148493,42796.39748,13949535312,19165261252,0.144457306,661718415
4/11/2022,803574629065,42274.90737,14936318819,19987358571,0.150228725,1856658867
4/12/2022,752680814425,39603.96516,30168665078,17820159011,0.134318658,1415524659
4/13/2022,764314681923,40205.67794,27804694935,18332874080,0.138435306,1137782589
4/14/2022,783560801482,41205.16872,25453869986,18613255836,0.14029659,900497958
4/15/2022,759703443635,39959.45707,22744792147,19135452488,0.144111716,1696769110
4/16/2022,771666602548,40586.59731,22053774554,19399564922,0.14622336,1192127472
4/17/2022,770439827829,40450.37931,15777789210,19107457607,0.144021614,659526386
4/18/2022,755627152747,39739.11926,16627779442,18492097963,0.139383368,684215540
4/19/2022,776463403746,40833.53797,30617039400,18560726317,0.140221216,902124404
4/20/2022,789141783336,41498.12245,22717772925,18929050351,0.142694311,711538762
4/21/2022,787437397454,41397.22048,24937668255,18680026272,0.140838223,998383144
4/22/2022,770787243370,40528.54149,32131220616,18101102924,0.13643626,736241568
4/23/2022,756144456298,39756.84899,46022063019,18114700373,0.13653875,507868494
4/24/2022,752414150959,39561.78019,15010797472,17808846816,0.134233393,340031201
4/25/2022,752446283900,39469.04986,16778683768,17539092688,0.131901291,420602584
4/26/2022,770112436973,40488.87792,32883645914,20889819623,0.157456089,4527900913
4/27/2022,725434540422,38134.21545,31053018153,18349006708,0.138032121,4019215673
4/28/2022,746473028158,39237.94932,28170490246,18520301626,0.140246213,1661317303
4/29/2022,756090806421,39741.76665,31484572271,18195861479,0.137214428,1026788016
4/30/2022,735829877666,38650.55014,27758348826,17933830962,0.135080143,1405254789
5/1/2022,719611115951,37820.61177,20955789685,16949333837,0.127754852,852597770
5/2/2022,733294957353,38537.65477,24857664487,17649776135,0.133034405,923530249
5/3/2022,733787526678,38561.5654,29825308569,17399350034,0.131146829,717964011
5/4/2022,718542028696,37758.49611,23070122642,17210184950,0.12986094,515582301
5/5/2022,755764276889,39699.02404,31748901527,17998354159,0.135994524,761020547
5/6/2022,696020943882,36612.22955,37402043366,17071972004,0.128557047,1120915223
5/7/2022,687093350325,36116.39429,32223287014,17045855793,0.128090137,873092355
5/8/2022,678702448511,35573.3102,19130720395,16961587504,0.127792779,713079410
5/9/2022,648514321642,34070.3122,30810576502,16480886904,0.124223954,674369604
5/10/2022,576197842488,30269.58696,58369928594,13940613504,0.105076756,1201778223
5/11/2022,590644412747,31026.93387,54071363210,14356655182,0.108231888,1520357821
5/12/2022,549294001873,28913.48836,65985702702,11245628695,0.084254268,2304138532
5/13/2022,555266177877,29126.11598,61338080284,11029602362,0.08303075,2076228999
5/14/2022,558053182541,29310.72896,71541696924,11736356239,0.088462264,1164592183
5/15/2022,573777699744,30189.33318,25759546764,11957938634,0.090026208,669763902
5/16/2022,596346266889,31319.30911,22948123704,12361302619,0.09317277,523850917
5/17/2022,569801943005,29923.60699,28418179221,11674489610,0.087995948,542894377
5/18/2022,581272773176,30502.19328,24964703224,12003154911,0.090419134,534208060
5/19/2022,547927169401,28772.2005,26219431165,11164647985,0.083987406,440619370
5/20/2022,578678245848,30382.40624,29190056577,11561042354,0.087074053,498192660
5/21/2022,557201657281,29256.81337,25980877920,11219266964,0.084519413,404780037
5/22/2022,561696351559,29491.50795,13561006428,11215241587,0.084534386,255278029
5/23/2022,578090387085,30351.05042,17199930155,11454406400,0.08633708,361098076
5/24/2022,555459414424,29163.16778,26646754325,11128106600,0.08387761,455172446
5/25/2022,564885248022,29655.02613,23486436837,11102784069,0.083745481,348946028
5/26/2022,563577022958,29584.94985,23108764916,11141351866,0.08367456,340099057
5/27/2022,559066076344,29346.78144,31972044692,10456564437,0.078815891,549191029
5/28/2022,545752899522,28646.65218,31756305901,10820124404,0.081448196,1037545958
5/29/2022,554938694217,29088.23645,15406515373,10904312781,0.082190774,409235815
5/30/2022,561771345709,29492.50321,14496111398,11082758424,0.0835358,299563551
5/31/2022,604926607441,31740.94073,34891305295,11658820775,0.087926279,578346029
6/1/2022,607393396319,31865.74962,29770567353,11416191889,0.08604904,617942085
6/2/2022,569001624438,29833.45033,35553330792,10752855720,0.081461263,721694783
6/3/2022,580863150152,30481.014,24232399986,10985912220,0.082805826,379734810
6/4/2022,566275595800,29714.14349,21997859591,10664473289,0.080353664,341181329
6/5/2022,568340135127,29872.36031,12911383482,10827205169,0.081774758,283622298
6/6/2022,570209935092,29917.76405,13395229055,10875240300,0.081971641,250858983
6/7/2022,597966736177,31372.58476,27644798123,11024204529,0.083094453,462664806
6/8/2022,597205650753,31265.46928,36111325508,10723146656,0.080825242,444526892
6/9/2022,576238781341,30229.23684,27080284929,10618723154,0.080038155,301521979
6/10/2022,573819802895,30101.18752,18871591862,10585015677,0.08023514,266094986
6/11/2022,554622874799,29101.29826,25663085729,10033939051,0.07563037,386321802
6/12/2022,540789214974,28374.145,22518366770,9275458119,0.069770524,415742927
6/13/2022,514202090511,26767.26917,29834061116,8576903106,0.064154604,603194882
6/14/2022,429492202561,22525.76835,64852526179,7179763889,0.054117152,1229501458
6/15/2022,423044474597,22244.84897,47639470968,7345995694,0.055624792,751863077
6/16/2022,429887916885,22529.19811,52027211447,8327895937,0.063482269,1008539820
6/17/2022,389181727346,20408.69049,27449277946,7313202668,0.055164179,648436179
6/18/2022,391441740414,20473.05288,24232922585,7580103920,0.057134697,335465657
6/19/2022,362303884192,19047.41783,38920632524,7047151689,0.053117593,579005093
6/20/2022,390555374757,20516.41198,32488136326,8007123393,0.060556009,1109613196
6/21/2022,392793374516,20636.75891,28346447997,7993655910,0.060251827,436468680
6/22/2022,395059669321,20700.92393,25340643363,8712084255,0.065695756,955977409
6/23/2022,381616262301,19983.56648,24955466738,8191131933,0.061781447,556963292
6/24/2022,402495826231,21100.27053,23655104387,8511428607,0.064144274,380408945
6/25/2022,407086114490,21262.71348,21955656696,8972272680,0.067254214,457209214
6/26/2022,410110791491,21525.88036,16152442749,9079738837,0.068569461,376955331
6/27/2022,401645800330,21052.8054,15392697878,9782819383,0.073763459,805499569
6/28/2022,395914576106,20751.47753,17719011288,9593836484,0.072521691,879067303
6/29/2022,386606940573,20282.54248,18161209601,8744029011,0.066003486,472835705
6/30/2022,384067866466,20108.52947,20744333507,9229637614,0.069603241,527579478
7/1/2022,365984224323,19608.39749,22816515395,8694399568,0.065533651,493086895
7/2/2022,370916529919,19407.44743,28756781115,8872989716,0.066470922,407110435
7/3/2022,367706689138,19268.227,15601715001,8865691308,0.06681953,304929087
7/4/2022,368549364135,19310.23322,13976969844,8922904394,0.06734084,233745029
7/5/2022,386425176263,20257.01233,18634860046,9217441821,0.069629974,319012683
7/6/2022,385301783066,20188.77966,23623270106,8909201664,0.067156622,342321255
7/7/2022,392479833071,20566.68722,21755499642,9109241482,0.06869037,339248629
7/8/2022,414055638574,21660.59684,21927087503,9396286250,0.070737531,361760757
7/9/2022,417690286505,21858.81875,46645398901,9219076523,0.06948838,395359115
7/10/2022,412459838738,21589.6281,26211587452,9232778953,0.069517967,212337494
7/11/2022,398249545889,20859.81408,25037950754,8935615654,0.067351807,255195816
7/12/2022,382000290322,19998.46784,21319467249,8196600424,0.061828481,277744784
7/13/2022,370191767291,19350.73735,22074971578,8008745783,0.060100069,253102827
7/14/2022,385462566549,20225.23866,28560004361,8228984020,0.062012071,390711830
7/15/2022,393104346703,20574.84059,28732413537,8309308240,0.062493093,302864614
7/16/2022,397285233066,20794.81198,46542248374,8351796020,0.063034791,329590552
7/17/2022,404705642581,21193.08334,42051101695,8522238757,0.064280409,263564688
7/18/2022,397660610561,20824.36275,29615794461,8432377427,0.063315648,249817517
7/19/2022,425756736661,22395.36538,58636734705,8930944420,0.067574469,573376546
7/20/2022,445889013251,23366.9077,57338223362,9132582301,0.068990557,550953033
7/21/2022,446130012150,23313.29673,40775718994,9374126482,0.070409957,995016916
7/22/2022,442379611364,23155.20756,63224249258,9291828384,0.069974259,426258005
7/23/2022,433485926857,22696.90275,40304373301,8951022776,0.067691124,370742500
7/24/2022,429803379588,22506.19957,42519262113,9056463844,0.068326334,301861410
7/25/2022,433819662322,22613.71921,33108916659,9025129233,0.067963025,247480061
7/26/2022,407480099600,21330.29545,42667548129,8246745602,0.062159479,333100791
7/27/2022,405692421502,21235.61232,53995620035,8308332158,0.062623685,307682588
7/28/2022,437193517022,22908.88426,54498281944,8872417372,0.066957942,388423347
7/29/2022,454806622615,23822.0676,55609627981,9173564262,0.069145334,547333749
7/30/2022,459609388580,23847.58332,41089335196,9277500870,0.069284443,629340744
7/31/2022,451726702392,23653.45955,62102072347,9225640213,0.069672162,679109267
8/1/2022,447051019373,23379.70053,31786729326,9078991629,0.068336744,443178698
8/2/2022,445958949620,23333.74924,44489771147,9109746681,0.068705868,432136214
8/3/2022,440954684721,23053.84685,35151096517,8926613928,0.066897115,368445591
8/4/2022,437035641450,22860.42098,41334593234,8791246771,0.066350351,326157555
8/5/2022,432420621056,22678.36363,23624874220,8966335320,0.067583355,300218275
8/6/2022,443821669890,23225.0362,27040190910,9250357295,0.069691642,379389902
8/7/2022,439414782173,22984.57953,14439694271,9128364802,0.068820435,312552831
8/8/2022,442979379284,23197.60347,14324042469,9150526245,0.068980422,195760926
8/9/2022,455450642522,23823.67944,27756736787,9319536768,0.070211753,390176293
8/10/2022,443382534835,23203.6807,29738069338,9205241437,0.069443163,620538141
8/11/2022,457270455537,23948.82955,32215976526,9459742166,0.071351485,473787491
8/12/2022,458070674128,23948.7517,33892871244,9422635855,0.070983896,601345665
8/13/2022,466765701335,24411.37987,25195193357,9621615884,0.072533719,350055860
8/14/2022,467078368769,24433.65375,22240559960,9701462883,0.073157679,429531375
8/15/2022,464896345363,24312.54142,21287616856,10874183944,0.081907737,1472169165
8/16/2022,462437221425,24179.01465,33404812508,10220518297,0.076938941,881087003
8/17/2022,456791042838,23913.33373,24971300201,11613818652,0.087190551,1907992737
8/18/2022,447015816173,23359.41884,29567403252,10701430242,0.080599068,987896632
8/19/2022,444845955425,23248.38423,20228208349,9988654623,0.075108231,599180370
8/20/2022,400810425581,20945.83397,35142410593,9037215458,0.068219386,1015524096
8/21/2022,404924875534,21175.23273,23809679191,9234800247,0.069656718,597591678
8/22/2022,413578924866,21615.76169,20476237108,9255550222,0.069615412,481542621
8/23/2022,408409110510,21387.74711,28856912427,9072607016,0.068487385,583158080
8/24/2022,412338357271,21562.45154,29331102122,9142297929,0.068939876,361487551
8/25/2022,409503007623,21395.45847,26855905243,9008780616,0.068012136,399669534
8/26/2022,413843488596,21618.00902,26767966536,9196942478,0.06925042,481036165
8/27/2022,387215087167,20271.32295,34910727805,8396098649,0.06365921,566061466
8/28/2022,383790676114,20069.95333,24463219415,8455433466,0.063781217,335854088
8/29/2022,376180531071,19659.24671,19781826309,8270352628,0.062280707,243808043
8/30/2022,389119405471,20308.86145,28706315246,8499738684,0.064048662,304864566
8/31/2022,379555151405,19805.3507,30308993725,8196486025,0.061661836,296887635
9/1/2022,383348414529,20023.55444,27825786160,8122483672,0.061313826,273656560
9/2/2022,385027707311,20153.97598,25616737336,8272635723,0.062525366,303108119
9/3/2022,381788074512,19941.45137,24078042298,8167547569,0.061603677,248591514
9/4/2022,379422449024,19814.56425,20048153187,8322534579,0.062729622,276225702
9/5/2022,382421043401,19980.01322,21537524477,8391551746,0.063260978,233090074
9/6/2022,378685143698,19785.7335,23522961655,8330078667,0.062845479,219972072
9/7/2022,361210437264,18859.50009,39940310406,7855465844,0.059094417,438778366
9/8/2022,369340091983,19280.62548,30517907004,8145998398,0.061178417,321663514
9/9/2022,369723445425,19322.77775,28936941008,8092761865,0.061039794,268852122
9/10/2022,408976281845,21359.58253,42487059055,8484992702,0.063950151,474643808
9/11/2022,415974687298,21707.38732,35941349745,8611009375,0.064825943,418794909
9/12/2022,416073628622,21739.80438,31266252145,8445645424,0.063582902,332675349
9/13/2022,427473787888,22339.6705,44006486689,8455107514,0.063764772,387766691
9/14/2022,386529657259,20184.96749,46489890915,7920691089,0.059671037,449998707
9/15/2022,387486232250,20255.92298,35789015870,8109779593,0.061257564,357886371
9/16/2022,377719382182,19702.16989,33715957207,7828689975,0.058748595,309004228
9/17/2022,377988702162,19764.41171,30187737710,8025509528,0.060417319,238620017
9/18/2022,385486747327,20131.67531,23394494074,8261083771,0.062295992,205863084
9/19/2022,372598380208,19437.15787,28689764414,7648384736,0.057600801,250542351
9/20/2022,374524246937,19570.38671,39507938865,7795630785,0.058716688,288866041
9/21/2022,361980678159,18869.92881,33890591850,7767664167,0.058514626,278563168
9/22/2022,355194467886,18539.63524,41059997265,7619289351,0.057494115,379475189
9/23/2022,372075639498,19464.32266,37660914390,7928083166,0.059796875,235736293
9/24/2022,370913140448,19291.9048,35506139424,8434340931,0.063377325,650660229
9/25/2022,363168779956,18939.97058,24644354422,8417974025,0.063375709,895820729
9/26/2022,360256894978,18809.41144,21516374223,8117055566,0.061357988,348169164
9/27/2022,367613056759,19219.72778,42560193944,8087678346,0.061126676,302358419
9/28/2022,366383164264,19116.33116,52482615484,8058530116,0.060660066,313033547
9/29/2022,372892084645,19444.78777,47494258190,8061788536,0.060824325,252503709
9/30/2022,374830625220,19563.76516,37537716230,8045086931,0.060749245,213911928
10/1/2022,373222100681,19476.9266,37848666331,8209024026,0.061720408,328232925
10/2/2022,370204708063,19314.46384,15943514603,8057050261,0.060680223,324030704
10/3/2022,366195863791,19065.15384,17859684588,7896588807,0.059330879,190830665
10/4/2022,375767908259,19620.56754,26634227152,8009759688,0.060355304,187651277
10/5/2022,390177741507,20345.39852,30974520028,8772554762,0.066144527,692656669
10/6/2022,386368899196,20161.83061,29366342083,8557148775,0.064637868,550523066
10/7/2022,382505641462,19949.05104,31354758329,8662110963,0.063500329,369415330
10/8/2022,373170861484,19457.30895,25445042398,8440488409,0.061869836,317450232
10/9/2022,372391945609,19418.03799,12996183216,8403128639,0.061662867,164891130
10/10/2022,372264710552,19448.149,14404623229,8462620126,0.062138165,158892865
10/11/2022,367207056773,19142.69477,23743487601,8133435180,0.059535307,244030703
10/12/2022,365118514776,19058.62804,25102717821,8212902492,0.060282874,281768671
10/13/2022,367301644901,19153.03978,22339104401,8177056889,0.059937901,193764226
10/14/2022,371647189087,19383.94322,37194496438,8132911483,0.059689806,426926210
10/15/2022,367584653731,19198.10714,34806651159,7995514731,0.058687964,231426625
10/16/2022,365870425567,19072.78051,13103099352,8006729817,0.058606416,177653659
10/17/2022,369552982161,19272.92185,15683330320,8036025502,0.058895426,159217851
10/18/2022,375052275830,19557.89555,23713928578,8206828160,0.060081336,171266123
10/19/2022,371196833239,19348.02937,25848175159,8189804714,0.059919113,222137012
10/20/2022,367085331988,19134.24266,23047051893,8009860919,0.058719893,290797937
10/21/2022,365098952755,19031.15987,25712511232,8129093656,0.05952742,253745724
10/22/2022,367999082249,19173.28047,30297335038,8115899841,0.059403211,227709938
10/23/2022,368484939424,19203.86547,13362526958,8161270903,0.059750636,163636240
10/24/2022,375197423662,19574.82423,19928822961,8239241330,0.060366367,188777232
10/25/2022,370622833881,19316.94062,28657172009,8096764918,0.059466212,232530205
10/26/2022,385476931984,20095.15223,39846253139,8567647852,0.062738218,481962214
10/27/2022,398674628647,20774.2475,50667020408,9890040389,0.072728899,1460263300
10/28/2022,389238872376,20278.36623,41829789298,10571166183,0.077210174,3037886680
10/29/2022,395201306735,20591.24121,36165609165,11481459944,0.084122229,3786673894
10/30/2022,399135164712,20800.70709,32806216911,16183322186,0.119956154,13935323258
10/31/2022,395548335410,20623.8715,24707906149,15958157659,0.117565181,8902350483
11/1/2022,393311097044,20494.60121,37290619695,17350242400,0.126768295,6219458573
11/2/2022,393218202888,20489.6462,32262771911,19476760060,0.142498107,9174768571
11/3/2022,387015867490,20162.9809,44539856162,17514475424,0.127883542,5667544978
11/4/2022,387756249892,20210.91242,36562782564,16671815539,0.122486138,3211107642
11/5/2022,405987599945,21150.31558,33773463079,17202035207,0.125997588,3817976767
11/6/2022,408892506459,21282.98511,31061573101,17029136096,0.124334477,2316382678
11/7/2022,401869336200,20906.99793,50602704771,15624594032,0.114646601,1567432195
11/8/2022,395168506455,20597.75502,91750982446,15155921801,0.11107272,1632109436
11/9/2022,356871594632,18562.35322,92144963385,12203399129,0.088718891,4215412979
11/10/2022,301963847694,15742.44434,74978675391,10217787604,0.074808775,3287343241
11/11/2022,336597208100,17594.9235,65200666543,12314147542,0.090869839,3054987292
11/12/2022,325921112619,17080.21526,45030331311,11704145960,0.08637209,1607036179
11/13/2022,322330608513,16797.98748,21893997141,12138764774,0.088830879,2311140550
11/14/2022,313605586517,16344.34232,20411619109,11691228511,0.0857929,1218665500
11/15/2022,320598982525,16645.8285,37539226046,11883386303,0.086698285,1535609620
11/16/2022,324608360619,16890.52938,28676275679,11979702700,0.087441948,811355066
11/17/2022,320099234744,16689.39673,26922027947,11771080467,0.086159979,893959273
11/18/2022,321287480850,16718.36123,22011291267,11636529058,0.084961074,593843980
11/19/2022,320876918352,16707.02278,20942172141,11642131299,0.084986048,445190439
11/20/2022,321151208474,16712.72953,10844466290,11630176834,0.084955171,313829605
11/21/2022,313370674122,16304.07686,15680401750,10657646234,0.077732453,629718361
11/22/2022,303834128504,15814.33528,31057277097,10271252232,0.075124334,863184861
11/23/2022,311463297390,16171.62898,25091849199,10809596873,0.078689954,716889521
11/24/2022,319494112507,16608.00999,26858079944,11296925340,0.082337821,675945665
11/25/2022,318949911015,16596.03576,20949512927,11210620793,0.081834592,452911879
11/26/2022,317919884011,16524.44901,18933018588,12349962336,0.089851265,1404669778
11/27/2022,316206865320,16456.15606,18243019110,12245454607,0.089502401,1181965805
11/28/2022,316487666895,16459.14954,16551822516,13771779865,0.099258956,2700157366
11/29/2022,311810991501,16222.21073,24566056814,13062801104,0.095452167,1932188536
11/30/2022,316170903326,16441.97998,24663035431,14052919227,0.102481891,1853186882
12/1/2022,330763402607,17186.50257,30676053555,14807108805,0.107643566,1874725656
12/2/2022,326141917293,16972.73406,23319572025,13988085810,0.102084781,1252162119
12/3/2022,328178365692,17084.87334,20945433172,14073191534,0.102646035,1044631390
12/4/2022,326498242603,16923.38287,16931408154,13816546601,0.10023651,876240863
12/5/2022,329544949094,17149.93175,18214353301,14369691467,0.104638706,1062095113
12/6/2022,326635737516,16973.37258,23204017214,13979022126,0.101822925,1404188538
12/7/2022,328108161817,17085.64314,21026126511,13761039628,0.100453907,745835660
12/8/2022,324178677957,16851.30347,21192130006,13176366605,0.095999218,860167088
12/9/2022,331389860356,17235.01416,22674029585,13546283236,0.09862511,659285431
12/10/2022,329756788299,17149.8242,23179829829,13305920985,0.096954247,569868911
12/11/2022,329283186565,17125.36493,14234368490,13219648676,0.096491006,310835329
12/12/2022,328868814165,17101.03802,15681124919,12754643415,0.093035255,395111312
12/13/2022,330715694645,17179.59604,21633829199,12407843289,0.090431743,1005013159
12/14/2022,342102502915,17784.16289,28941242218,12499023448,0.091049267,990240811
12/15/2022,342692750075,17808.71617,27267536669,12154305343,0.088543322,720250506
12/16/2022,333854506371,17338.35813,22754686788,11617609255,0.084532314,531350811
12/17/2022,318992400742,16623.75783,22250411215,10433548970,0.076026897,861530985
12/18/2022,323096167354,16806.48559,15086383816,10907318051,0.079424939,678472328
12/19/2022,322740705485,16742.81666,11134054723,10851056656,0.07895193,343265210
12/20/2022,316270478164,16422.56227,17719672545,9830330548,0.071486871,730295388
12/21/2022,325120443530,16899.33197,24938219698,10303882842,0.075024133,585663564
12/22/2022,323127932459,16816.8537,16062767787,10126589197,0.07371771,466317121
12/23/2022,323519254393,16824.79016,17847826942,10594647210,0.077077349,760263580
12/24/2022,323013370317,16791.45544,16765392450,10615071684,0.077364394,531061748
12/25/2022,324072643386,16848.56871,10169853734,10690886551,0.077703652,213562358
12/26/2022,323868581953,16842.17704,12574453969,10436451548,0.076037499,537921732
12/27/2022,325036912915,16900.08187,12574997282,10392907088,0.0757306,331696409
12/28/2022,321351469137,16701.84021,17436062122,10121039938,0.073679505,371085800
12/29/2022,318288869205,16538.90609,19113614756,9666873797,0.070387974,642446113
12/30/2022,320297298176,16644.37909,15683731677,9782541119,0.071100644,368430088
12/31/2022,319722045805,16604.02052,17497327983,9407880206,0.068405914,544951269
1/1/2023,318278329992,16540.69362,12013247678,9675397665,0.070338308,379761024
1/2/2023,319832024055,16615.96932,9799252684,9642542405,0.070266036,238805279
1/3/2023,321486454934,16674.34254,13023861028,9837024174,0.071425886,494743006
1/4/2023,321080820418,16677.64619,15367167883,9697413277,0.070544132,361190006
1/5/2023,324397588037,16855.17474,20836560772,10031834935,0.073255892,417433287
1/6/2023,324138957221,16832.09899,14919039445,9842815302,0.071536741,553994284
1/7/2023,326571439012,16960.23206,19046576250,9990718873,0.072600034,417136865
1/8/2023,326371741274,16950.86152,9594456673,9950401474,0.07232639,232768646
1/9/2023,328470896861,17074.6154,11841041543,10112409623,0.073353571,333651623
1/10/2023,331158152699,17194.90933,25532751567,10460925447,0.075940014,1123978234
1/11/2023,335743942932,17436.90233,21858206845,10669415550,0.077641761,674692125
1/12/2023,345688973387,17996.83255,25439279073,10785447879,0.078301782,544151469
1/13/2023,363381125083,18866.81033,48025109150,11085178368,0.08030954,983751658
1/14/2023,382675302196,19941.78054,39514419053,11623302623,0.084315742,795233433
1/15/2023,405209898132,21019.20661,49498711312,12068323857,0.087553682,1496087122
1/16/2023,401697403587,20853.23057,23072133988,11856733529,0.08613572,681082187
1/17/2023,407760358639,21175.33774,34809391746,11528291217,0.083685447,723731414
1/18/2023,407405144843,21156.78393,33278841337,11449270580,0.083080869,460367915
1/19/2023,399349603616,20726.84497,40612056909,11067619778,0.08036921,1370974713
1/20/2023,406258441952,21081.67102,29144534678,11269006543,0.081723467,436877766
1/21/2023,436724993652,22705.83368,41321936669,11923758984,0.086466055,572892110
1/22/2023,438578588179,22771.02329,44077026804,11666628137,0.084708903,929640470
1/23/2023,438060367560,22736.66143,34124364415,12177828761,0.088499558,1036054579
1/24/2023,442926343073,22984.87498,36750647386,12249357530,0.088908196,858286766
1/25/2023,435679436196,22610.0106,35621897293,11564376184,0.084059554,703695713
1/26/2023,446715261349,23180.4227,42772537175,11983399576,0.087043637,688085210
1/27/2023,444005849172,23024.74618,37099702812,11936535129,0.086663695,563562892
1/28/2023,444898315874,23082.85838,36109035905,12060883629,0.087377817,531062209
1/29/2023,443702765526,23022.23299,19567219824,12129625117,0.088025398,874890208
1/30/2023,458368002026,23797.46089,38438621264,12456065692,0.090379286,639918205
1/31/2023,439295730927,22840.38586,38594596832,12117040177,0.088277734,1105547968
2/1/2023,445991168199,23137.32355,32683643418,13260998098,0.096450249,2150296358
2/2/2023,457383099383,23725.1618,37452064508,13026308149,0.094373882,1555755723
2/3/2023,453565018923,23539.67677,44735297657,12612886677,0.091485238,1050643814
2/4/2023,452312595756,23451.57765,41267040611,12873643301,0.093202168,746436869
2/5/2023,450197147855,23340.34959,21063097082,13238868374,0.095749432,1480204574
2/6/2023,442933975659,22946.28658,26678691425,12749259827,0.092267927,1040228846
2/7/2023,438726385719,22786.48301,33963650031,12372298654,0.08969516,625954709
2/8/2023,449391195299,23294.91365,38850594359,12794701928,0.092797283,590091624
2/9/2023,442518382692,22947.50783,34247782006,12479856710,0.090412747,545061812
2/10/2023,420790678628,21820.88651,51161546272,11275570527,0.081610088,1042038184
2/11/2023,417351358181,21630.13298,42389972640,11233854727,0.08129648,678395608
2/12/2023,422107650474,21889.43208,23574706406,11399795817,0.082495649,320110939
2/13/2023,420218240428,21779.8744,25877166001,11361782229,0.082156617,601012672
2/14/2023,420838871939,21807.83427,36761909546,11384581665,0.082437551,1026995109
2/15/2023,428649056118,22220.071,45363697020,11574352108,0.083789961,546678836
2/16/2023,468820317787,24307.8751,44336284482,12313840262,0.089223204,1141568616
2/17/2023,459293697175,23756.90728,48144978044,11770970763,0.085291707,1090286839
2/18/2023,475194230168,24628.82455,54200707341,12132650426,0.087802155,564836419
2/19/2023,475529620772,24642.79087,24900444765,12300072194,0.088926042,528974061
2/20/2023,470798520570,24284.478,33664683478,12051531173,0.086924225,640757357
2/21/2023,478236525470,24786.66594,38997046274,12177007505,0.088163122,561841993
2/22/2023,470623925511,24417.38704,41991954878,11787321159,0.085425698,640964752
2/23/2023,465998918250,24146.10136,40336608135,11851834270,0.085464516,1022368371
2/24/2023,461042830140,23951.11098,42356618035,11642613958,0.084374413,460638467
2/25/2023,447316067422,23172.28654,35081974267,11207403283,0.081024454,536406521
2/26/2023,447030240436,23157.03811,22999909593,11170741555,0.080886972,420127974
2/27/2023,454284528652,23541.11585,24469102669,11380915238,0.08229932,333273164
2/28/2023,454364917719,23518.12391,28832423816,11268832305,0.081467027,353862834
3/1/2023,446010055988,23155.54375,25534054046,11172473928,0.080951039,439789857
3/2/2023,456417315967,23634.33349,32507897259,11363080013,0.082126606,317649870
3/3/2023,453067155321,23464.33654,27432755758,11147375823,0.080563545,283250052
3/4/2023,431727585101,22367.43302,34239649135,10657992316,0.077032916,672759002
3/5/2023,431837491811,22348.32992,13392431932,10348419227,0.074843152,322885409
3/6/2023,433081135066,22421.88581,16080097920,10368669833,0.074964065,254948707
3/7/2023,432758824798,22415.11366,21124920006,10386575436,0.07500639,327375362
3/8/2023,427994888567,22217.20988,27780357943,10242010007,0.074202086,373091394
3/9/2023,419694984165,21712.65119,28493032425,9902129716,0.071316973,381442502
3/10/2023,392841773384,20376.32001,40173833478,9150289480,0.066159287,643797733
3/11/2023,390202255053,20195.22895,51593890225,9157983427,0.066105291,578747651
3/12/2023,394742728282,20521.55615,37746654240,9177744509,0.066470474,528901129
3/13/2023,425816781284,22095.7134,36639901909,9775566938,0.071011407,451877721
3/14/2023,466509005563,24178.95533,66799159802,10135594021,0.07309963,651342218
3/15/2023,478406045310,24758.76509,70714394276,10390264479,0.075018153,779326465
3/16/2023,472833547484,24470.88205,63107437929,9700933208,0.070145008,661636753
3/17/2023,486375597563,25161.27202,60688056875,10181289393,0.073333443,427937130
3/18/2023,530038219067,27466.67783,64617615618,10626304812,0.076734608,648610111
3/19/2023,523262280970,27107.79218,46473651091,10173655194,0.073425681,671540817
3/20/2023,546680822196,28186.84265,46394763656,10484931792,0.075276358,471382290
3/21/2023,538935400013,27929.16773,55315948514,9976458213,0.072128958,550862620
3/22/2023,545917428270,28264.23961,34430928756,10716612131,0.077333134,689179379
3/23/2023,530515158754,27449.25483,35394833934,10333565114,0.074535538,935108133
3/24/2023,549578396179,28459.73511,20360807195,10800257489,0.077960171,694493415
3/25/2023,533634255119,27595.49475,21551272690,10434826809,0.075243557,541178718
3/26/2023,534960802333,27670.1995,15053754845,10355761818,0.074670144,437394533
3/27/2023,542675619059,28048.46998,14450374261,10370382624,0.074611674,373620184
3/28/2023,525230880103,27182.29956,18519053232,10150577357,0.073234777,558909642
3/29/2023,528042785009,27291.35002,17658503319,10280589142,0.07414026,354545855
3/30/2023,548808373530,28394.99778,21097595427,10512259682,0.075837308,532403460
3/31/2023,542369769760,28041.12308,22702531379,10332262482,0.074472162,461942047
4/1/2023,551707238560,28516.78473,19112345640,10745789398,0.07722956,472513621
4/2/2023,550949831049,28498.94463,10085380789,11367807248,0.081863522,959436194
4/3/2023,545181408318,28236.50874,11682876587,11000084350,0.079327568,1141871238
4/4/2023,539350908802,27815.42653,19711493345,13367550790,0.096152063,4502654470
4/5/2023,544313567953,28175.33033,14871614373,13217875021,0.09518219,3935118206
4/6/2023,545409754929,28197.20034,16507617904,12983339803,0.093057981,1880641092
4/7/2023,542601176317,28042.98339,13079528995,11885393610,0.085513189,1719378593
4/8/2023,540432353743,27934.43871,10141276804,11468256137,0.082541713,1177183910
4/9/2023,541094458101,27968.12805,8844199146,11325381364,0.08146675,798153909
4/10/2023,548568597244,28351.23699,11429030270,11568385353,0.083368947,741649451
4/11/2023,574059578670,29657.97414,17475381731,11810686440,0.084850613,751797850
4/12/2023,585359301945,30260.93611,18320296515,11682111248,0.084253961,740780746
4/13/2023,578850627448,29904.13869,18407698928,11616879872,0.083523448,959521130
4/13/2023,586965711366,30335.40057,16208569697,11616879872,0.083523448,959521130
