,date,vader_prediction,sentiment,delta_close_price
0,2018-02-25,0.010649999999999993,neutral,7.1
1,2018-02-26,0.05579473684210525,positive,2.47
2,2018-02-27,-0.034722222222222224,neutral,0.83
3,2018-02-28,0.065192,positive,-1.57
4,2018-03-01,-0.015678260869565218,neutral,2.67
5,2018-03-02,0.0465047619047619,neutral,-0.33
6,2018-03-03,-0.035399999999999994,neutral,1.23
7,2018-03-04,0.055685000000000005,positive,0.47
8,2018-03-05,-0.03365652173913044,neutral,-0.9
9,2018-03-06,-0.10091578947368421,negative,-3.5
10,2018-03-07,-0.11500588235294117,negative,-5.53
11,2018-03-08,0.02447,neutral,-4.73
12,2018-03-09,-0.11936190476190475,negative,1.07
13,2018-03-10,-0.1909,negative,-3.87
14,2018-03-11,-0.06452916666666667,negative,4.4
15,2018-03-12,-0.03680952380952381,neutral,-2.6
16,2018-03-13,0.11746842105263158,positive,-0.27
17,2018-03-14,-0.045,neutral,-8.07
18,2018-03-15,0.013309523809523808,neutral,0.1
19,2018-03-16,0.07796842105263158,positive,-0.57
20,2018-03-17,0.06808333333333333,positive,-4.83
21,2018-03-18,-0.07078235294117648,negative,0.67
22,2018-03-19,0.019299999999999998,neutral,2.63
23,2018-03-20,-0.06298888888888889,negative,1.3
24,2018-03-21,-0.048135000000000004,neutral,0.03
25,2018-03-22,0.014910526315789473,neutral,-1.93
26,2018-03-23,0.08261111111111111,positive,1.03
27,2018-03-24,-0.05461111111111111,negative,-3.03
28,2018-03-25,0.03706153846153846,neutral,-0.07
29,2018-03-26,0.007804999999999995,neutral,-3.77
30,2018-03-27,-0.066212,negative,-4.33
31,2018-03-28,-0.043564,neutral,0.37
32,2018-03-29,-0.06737499999999999,negative,-9.37
33,2018-03-30,-0.11947500000000001,negative,-0.37
34,2018-03-31,0.151425,positive,0.47
35,2018-04-01,0.12140714285714285,positive,-1.9
36,2018-04-02,0.13667500000000002,positive,1.6
37,2018-04-03,-0.045131818181818176,neutral,4.13
38,2018-04-04,-0.01842857142857143,neutral,-6.33
39,2018-04-05,0.013131818181818189,neutral,0.2
40,2018-04-06,-0.09314090909090908,negative,-1.83
41,2018-04-07,0.1370909090909091,positive,2.63
42,2018-04-08,0.03476,neutral,1.87
43,2018-04-09,0.08509999999999998,positive,-1.37
44,2018-04-10,-0.012600000000000002,neutral,1.63
45,2018-04-11,-0.10184090909090909,negative,1.7
46,2018-04-12,-0.048088461538461545,neutral,8.4
47,2018-04-13,0.01013529411764705,neutral,-0.03
48,2018-04-14,-0.07985384615384614,negative,1.0
49,2018-04-15,0.07090909090909091,positive,3.37
50,2018-04-16,-0.03479565217391305,neutral,-2.7
51,2018-04-17,0.01891428571428571,neutral,-1.23
52,2018-04-18,-0.07698,negative,2.57
53,2018-04-19,-0.02245,neutral,2.87
54,2018-04-20,0.04007777777777778,neutral,4.9
55,2018-04-21,0.01465,neutral,-0.43
56,2018-04-22,0.1081142857142857,positive,0.4
57,2018-04-23,-0.046535999999999994,neutral,1.7
58,2018-04-24,-0.13710344827586207,negative,5.27
59,2018-04-25,0.05369230769230769,positive,-7.6
60,2018-04-26,0.09111599999999999,positive,3.7
61,2018-04-27,0.13867826086956522,positive,-2.2
62,2018-04-28,0.14412666666666665,positive,3.43
63,2018-04-29,0.009968421052631574,neutral,0.53
64,2018-04-30,0.010317391304347829,neutral,-1.5
65,2018-05-01,0.06395500000000001,positive,-0.67
66,2018-05-02,0.07075454545454546,positive,1.37
67,2018-05-03,0.04379130434782609,neutral,5.63
68,2018-05-04,0.06007142857142857,positive,0.2
69,2018-05-05,0.1323294117647059,positive,1.77
70,2018-05-06,-0.1443125,negative,-1.87
71,2018-05-07,0.09925238095238094,positive,-2.57
72,2018-05-08,0.13087777777777776,positive,-0.83
73,2018-05-09,0.13740999999999998,positive,0.6
74,2018-05-10,0.05001739130434782,positive,-2.3
75,2018-05-11,-0.11721428571428572,negative,-4.67
76,2018-05-12,0.0029058823529411765,neutral,0.57
77,2018-05-13,-0.061799999999999994,negative,2.9
78,2018-05-14,-0.04440500000000001,neutral,-0.17
79,2018-05-15,-0.01674545454545454,neutral,-1.83
80,2018-05-16,-0.09219545454545454,negative,-0.47
81,2018-05-17,0.014214999999999995,neutral,-3.1
82,2018-05-18,0.06259523809523809,positive,1.93
83,2018-05-19,0.09830588235294117,positive,0.03
84,2018-05-20,0.15306499999999998,positive,2.03
85,2018-05-21,0.084215,positive,-1.33
86,2018-05-22,0.18089545454545455,positive,-4.67
87,2018-05-23,0.008405263157894735,neutral,-5.8
88,2018-05-24,-0.020604761904761904,neutral,1.73
89,2018-05-25,0.15323000000000003,positive,-1.5
90,2018-05-26,0.05908888888888889,positive,-0.57
91,2018-05-27,0.13125217391304347,positive,-0.8
92,2018-05-28,-0.11752631578947369,negative,-4.9
93,2018-05-29,0.0852157894736842,positive,4.87
94,2018-05-30,-0.10958333333333332,negative,-0.97
95,2018-05-31,0.049447619047619046,neutral,1.87
96,2018-06-01,0.14040476190476192,positive,0.0
97,2018-06-02,0.131,positive,1.2
98,2018-06-03,-0.043546666666666664,neutral,1.83
99,2018-06-04,0.04653333333333333,neutral,-2.47
100,2018-06-05,0.02728333333333333,neutral,1.4
101,2018-06-06,0.17523333333333332,positive,0.1
102,2018-06-07,0.06925,positive,0.03
103,2018-06-08,0.09192399999999999,positive,-0.57
104,2018-06-09,0.046794444444444444,neutral,-0.83
105,2018-06-10,0.14659411764705885,positive,-7.97
106,2018-06-11,0.07381428571428572,positive,0.97
107,2018-06-12,0.11090526315789473,positive,-4.17
108,2018-06-13,0.10072222222222221,positive,-2.6
109,2018-06-14,0.012395833333333333,neutral,4.47
110,2018-06-15,0.07787142857142856,positive,-3.47
111,2018-06-16,0.0025764705882352977,neutral,1.13
112,2018-06-17,0.056411764705882356,positive,-0.27
113,2018-06-18,0.10131363636363636,positive,2.63
114,2018-06-19,0.14046190476190476,positive,1.43
115,2018-06-20,-0.031027272727272726,neutral,-0.03
116,2018-06-21,-0.015847619047619048,neutral,-0.87
117,2018-06-22,-0.08814615384615385,negative,-8.23
118,2018-06-23,0.06705333333333334,positive,1.5
119,2018-06-24,-0.09015000000000001,negative,-1.53
120,2018-06-25,-0.0025700000000000002,neutral,0.77
121,2018-06-26,0.11574500000000001,positive,-3.23
122,2018-06-27,-0.025725000000000005,neutral,1.2
123,2018-06-28,0.03265714285714286,neutral,-3.3
124,2018-06-29,-0.005223809523809517,neutral,3.07
125,2018-06-30,-0.09975384615384615,negative,2.3
126,2018-07-01,0.20523913043478262,positive,-0.33
127,2018-07-02,0.06065909090909091,positive,3.07
128,2018-07-03,-0.014505263157894738,neutral,-1.6
129,2018-07-04,-0.0032684210526315815,neutral,0.77
130,2018-07-05,0.13655263157894737,positive,-0.23
131,2018-07-06,-0.02251666666666667,neutral,0.53
132,2018-07-07,0.07618888888888889,positive,1.87
133,2018-07-08,-0.11873750000000002,negative,-0.27
134,2018-07-09,0.07073636363636364,positive,-1.17
135,2018-07-10,-0.034835,neutral,-4.93
136,2018-07-11,-0.053465000000000006,negative,1.37
137,2018-07-12,0.05749090909090908,positive,-1.87
138,2018-07-13,0.0691590909090909,positive,-0.03
139,2018-07-14,0.21506874999999998,positive,0.27
140,2018-07-15,-0.06571764705882353,negative,1.7
141,2018-07-16,0.24461052631578947,positive,3.87
142,2018-07-17,0.050704761904761905,positive,4.07
143,2018-07-18,-0.03937619047619047,neutral,-1.07
144,2018-07-19,0.09030952380952381,positive,-0.4
145,2018-07-20,0.07034583333333333,positive,-2.07
146,2018-07-21,0.021095238095238094,neutral,1.23
147,2018-07-22,0.12385882352941176,positive,-0.33
148,2018-07-23,0.17346842105263158,positive,0.8
149,2018-07-24,0.11086190476190476,positive,4.8
150,2018-07-25,-0.026332000000000005,neutral,-1.5
151,2018-07-26,-0.015404545454545449,neutral,-1.7
152,2018-07-27,-0.0890235294117647,negative,1.63
153,2018-07-28,-0.1189125,negative,0.07
154,2018-07-29,0.0020125000000000073,neutral,-0.23
155,2018-07-30,0.130505,positive,-0.87
156,2018-07-31,0.09416666666666668,positive,-3.8
157,2018-08-01,0.027641176470588242,neutral,-1.53
158,2018-08-02,0.17808518518518518,positive,-1.03
159,2018-08-03,-0.00524,neutral,0.03
160,2018-08-04,-0.026417647058823518,neutral,-2.8
161,2018-08-05,0.023584615384615374,neutral,0.17
162,2018-08-06,-0.08571666666666666,negative,-0.73
163,2018-08-07,0.10941481481481483,positive,-3.33
164,2018-08-08,0.160325,positive,-4.4
165,2018-08-09,0.019235000000000006,neutral,2.03
166,2018-08-10,-0.024823809523809522,neutral,-5.6
167,2018-08-11,-0.02004,neutral,-0.77
168,2018-08-12,0.24578,positive,0.43
169,2018-08-13,0.0009761904761904797,neutral,-4.33
170,2018-08-14,-0.090615,negative,-0.93
171,2018-08-15,0.016575,neutral,0.67
172,2018-08-16,-0.058404761904761904,negative,0.93
173,2018-08-17,0.028082352941176475,neutral,4.57
174,2018-08-18,0.039769230769230765,neutral,-3.47
175,2018-08-19,0.23375454545454544,positive,0.9
176,2018-08-20,0.06686363636363636,positive,-4.67
177,2018-08-21,-0.06377619047619047,negative,2.27
178,2018-08-22,-0.0055136363636363594,neutral,-1.9
179,2018-08-23,-0.11956842105263159,negative,1.47
180,2018-08-24,-0.03574375,neutral,1.43
181,2018-08-25,0.02549411764705882,neutral,-0.17
182,2018-08-26,-0.0092625,neutral,-0.53
183,2018-08-27,-0.012091304347826083,neutral,2.53
184,2018-08-28,-0.020654545454545453,neutral,1.63
185,2018-08-29,0.08399565217391303,positive,-0.97
186,2018-08-30,-0.05323043478260869,negative,-0.8
187,2018-08-31,-0.0838157894736842,negative,-0.13
188,2018-09-01,0.039127272727272726,neutral,2.37
189,2018-09-02,-0.1634263157894737,negative,0.47
190,2018-09-03,-0.04562,neutral,-0.77
191,2018-09-04,-0.031885,neutral,-0.1
192,2018-09-05,-0.06825263157894737,negative,-11.63
193,2018-09-06,0.036663157894736835,neutral,-0.7
194,2018-09-07,0.07201428571428571,positive,-2.83
195,2018-09-08,-0.014794736842105262,neutral,-4.2
196,2018-09-09,-0.0697,negative,0.03
197,2018-09-10,0.06277083333333333,positive,0.53
198,2018-09-11,-0.16277142857142857,negative,-2.4
199,2018-09-12,0.09343,positive,0.03
200,2018-09-13,0.017083333333333332,neutral,5.23
201,2018-09-14,0.2007,positive,0.1
202,2018-09-15,0.19158333333333336,positive,1.7
203,2018-09-16,0.09310869565217392,positive,-0.43
204,2018-09-17,0.05168333333333333,positive,-5.2
205,2018-09-18,-0.027723809523809522,neutral,2.33
206,2018-09-19,0.009478947368421054,neutral,0.37
207,2018-09-20,0.05764761904761905,positive,2.7
208,2018-09-21,-0.017952380952380952,neutral,4.47
209,2018-09-22,0.1132111111111111,positive,-1.23
210,2018-09-23,-0.038115384615384613,neutral,0.47
211,2018-09-24,0.04071904761904762,neutral,-2.93
212,2018-09-25,0.05862916666666668,positive,-2.0
213,2018-09-26,0.04621818181818182,neutral,-0.7
214,2018-09-27,0.04057,neutral,3.13
215,2018-09-28,-0.05164761904761904,negative,-1.37
216,2018-09-29,0.06605000000000001,positive,1.27
217,2018-09-30,0.1124,positive,0.07
218,2018-10-01,0.023038888888888883,neutral,-0.37
219,2018-10-02,0.11026,positive,-1.13
220,2018-10-03,0.017183333333333342,neutral,-1.03
221,2018-10-04,0.025641666666666663,neutral,0.67
222,2018-10-05,-0.025868000000000013,neutral,1.07
223,2018-10-06,0.05557857142857143,positive,-0.73
224,2018-10-07,-0.23787692307692307,negative,0.3
225,2018-10-08,0.14672222222222223,positive,0.57
226,2018-10-09,0.10124761904761904,positive,-0.27
227,2018-10-10,-0.01012631578947368,neutral,-0.7
228,2018-10-11,0.004295238095238095,neutral,-8.17
229,2018-10-12,-0.10927727272727271,negative,1.23
230,2018-10-13,-0.08600000000000001,negative,0.4
231,2018-10-14,0.06590000000000001,positive,-0.8
232,2018-10-15,-0.13151666666666667,negative,3.23
233,2018-10-16,-0.04523636363636364,neutral,0.23
234,2018-10-17,0.10816071428571429,positive,-0.47
235,2018-10-18,0.04772962962962963,neutral,-0.8
236,2018-10-19,-0.07996086956521739,negative,0.03
237,2018-10-20,0.04129166666666665,neutral,0.5
238,2018-10-21,0.019146153846153844,neutral,-0.07
239,2018-10-22,0.009979166666666671,neutral,-0.1
240,2018-10-23,0.033335,neutral,-0.17
241,2018-10-24,0.14531999999999998,positive,0.03
242,2018-10-25,-0.11250769230769232,negative,-0.17
243,2018-10-26,0.05107999999999999,positive,0.13
244,2018-10-27,0.16883529411764706,positive,0.27
245,2018-10-28,0.08114166666666667,positive,0.03
246,2018-10-29,0.018600000000000002,neutral,-2.0
247,2018-10-30,0.047813043478260875,neutral,0.13
248,2018-10-31,0.07326315789473684,positive,0.53
249,2018-11-01,0.05676842105263158,positive,0.23
250,2018-11-02,0.0018571428571428576,neutral,0.43
251,2018-11-03,0.07438571428571429,positive,-0.3
252,2018-11-04,-0.032100000000000004,neutral,2.27
253,2018-11-05,0.08322608695652174,positive,-0.43
254,2018-11-06,-0.03306666666666666,neutral,1.87
255,2018-11-07,0.10958636363636363,positive,-0.07
256,2018-11-08,0.07638095238095238,positive,-1.5
257,2018-11-09,0.07368095238095237,positive,-0.67
258,2018-11-10,-0.073075,negative,0.37
259,2018-11-11,0.019237500000000005,neutral,-0.03
260,2018-11-12,-0.009890000000000001,neutral,-0.27
261,2018-11-13,-0.10921666666666667,negative,-1.4
262,2018-11-14,0.04304782608695652,neutral,-8.5
263,2018-11-15,-0.165515,negative,-0.13
264,2018-11-16,-0.10602272727272727,negative,-1.5
265,2018-11-17,-0.02032941176470589,neutral,-0.1
266,2018-11-18,-0.09803636363636362,negative,1.0
267,2018-11-19,0.03565555555555555,neutral,-12.9
268,2018-11-20,0.031241666666666664,neutral,-7.6
269,2018-11-21,-0.022170000000000002,neutral,3.23
270,2018-11-22,0.077695,positive,-5.1
271,2018-11-23,-0.05391111111111111,negative,-0.5
272,2018-11-24,0.21251874999999998,positive,-7.77
273,2018-11-25,-0.1010625,negative,2.47
274,2018-11-26,-0.06037826086956521,negative,-4.1
275,2018-11-27,0.006495833333333328,neutral,0.87
276,2018-11-28,0.06543809523809524,positive,7.17
277,2018-11-29,0.16838999999999998,positive,-1.4
278,2018-11-30,0.0059900000000000005,neutral,-3.6
279,2018-12-01,0.08192105263157895,positive,2.83
280,2018-12-02,-0.09960833333333334,negative,-0.9
281,2018-12-03,0.08800909090909091,positive,-4.87
282,2018-12-04,-0.14412857142857144,negative,1.27
283,2018-12-05,-0.004776470588235297,neutral,-4.67
284,2018-12-06,-0.052095,negative,-6.8
285,2018-12-07,0.07148421052631579,positive,0.67
286,2018-12-08,0.050383333333333336,positive,-0.9
287,2018-12-09,0.12459999999999997,positive,2.33
288,2018-12-10,0.13662105263157892,positive,-2.4
289,2018-12-11,0.07136,positive,-1.53
290,2018-12-12,-0.009404347826086961,neutral,1.7
291,2018-12-13,-0.07401818181818182,negative,-3.27
292,2018-12-14,-0.03888181818181818,neutral,-1.73
293,2018-12-15,0.26422222222222225,positive,-0.13
294,2018-12-16,-0.09652,negative,0.43
295,2018-12-17,-0.0036111111111111096,neutral,6.43
296,2018-12-18,-0.013404761904761905,neutral,4.0
297,2018-12-19,0.01712631578947369,neutral,-0.57
298,2018-12-20,-0.105765,negative,7.77
299,2018-12-21,-0.00911428571428571,neutral,-4.17
300,2018-12-22,0.2044,positive,3.53
301,2018-12-23,-0.03902941176470588,neutral,3.23
302,2018-12-24,-0.04917777777777778,neutral,2.93
303,2018-12-25,0.1364,positive,-4.8
304,2018-12-26,0.12601428571428572,positive,0.6
305,2018-12-27,-0.13172631578947366,negative,-6.77
306,2018-12-28,-0.100795,negative,8.1
307,2018-12-29,-0.03617222222222222,neutral,-2.2
308,2018-12-30,0.045191666666666665,neutral,1.87
309,2018-12-31,0.06584137931034484,positive,-3.17
310,2019-01-01,0.021175,neutral,3.27
311,2019-01-02,-0.03332500000000001,neutral,3.43
312,2019-01-03,0.17325000000000002,positive,-2.17
313,2019-01-04,0.08065999999999998,positive,1.57
314,2019-01-05,0.1650521739130435,positive,0.07
315,2019-01-06,0.02467692307692308,neutral,2.3
316,2019-01-07,0.08232,positive,-1.5
317,2019-01-08,-0.04234,neutral,-0.3
318,2019-01-09,-0.017515,neutral,0.0
319,2019-01-10,-0.0263037037037037,neutral,-9.37
320,2019-01-11,-0.0396,neutral,-0.13
321,2019-01-12,0.14435294117647057,positive,-0.37
322,2019-01-13,0.33334545454545456,positive,-3.7
323,2019-01-14,-0.001857894736842108,neutral,4.67
324,2019-01-15,-0.12974999999999998,negative,-3.1
325,2019-01-16,-0.1001913043478261,negative,0.93
326,2019-01-17,0.094265,positive,0.33
327,2019-01-18,-0.07645172413793103,negative,-1.07
328,2019-01-19,0.042477777777777774,neutral,1.63
329,2019-01-20,-0.11843333333333333,negative,-2.97
330,2019-01-21,0.05080869565217392,positive,-0.63
331,2019-01-22,0.12980625,positive,1.1
332,2019-01-23,0.09532631578947369,positive,-0.73
333,2019-01-24,0.01088571428571429,neutral,0.23
334,2019-01-25,0.04099615384615384,neutral,-0.6
335,2019-01-26,0.13641,positive,0.13
336,2019-01-27,-0.06039285714285714,negative,-1.43
337,2019-01-28,0.07865833333333334,positive,-2.77
338,2019-01-29,0.054786363636363626,positive,-0.97
339,2019-01-30,0.056509090909090905,positive,1.6
340,2019-01-31,0.10047407407407408,positive,-0.73
341,2019-02-01,0.15000526315789472,positive,0.13
342,2019-02-02,0.026242857142857148,neutral,1.3
343,2019-02-03,-0.12123076923076924,negative,-1.43
344,2019-02-04,0.094015,positive,0.07
345,2019-02-05,-0.014640909090909095,neutral,0.2
346,2019-02-06,0.120465,positive,-1.6
347,2019-02-07,-0.054068421052631585,negative,0.0
348,2019-02-08,-0.07156,negative,6.5
349,2019-02-09,-0.005709090909090911,neutral,0.03
350,2019-02-10,0.11750000000000001,positive,1.8
351,2019-02-11,0.01565555555555555,neutral,-1.8
352,2019-02-12,0.0372388888888889,neutral,0.43
353,2019-02-13,-0.007937931034482749,neutral,-0.1
354,2019-02-14,0.06672272727272728,positive,-0.57
355,2019-02-15,-0.061829999999999996,negative,0.3
356,2019-02-16,0.04526818181818182,neutral,0.53
357,2019-02-17,0.26533636363636365,positive,2.77
358,2019-02-18,0.08086363636363636,positive,5.03
359,2019-02-19,0.044585,neutral,-0.23
360,2019-02-20,-0.012168421052631573,neutral,1.57
361,2019-02-21,0.13802380952380952,positive,-1.1
362,2019-02-22,0.09425909090909092,positive,1.07
363,2019-02-23,0.10487333333333333,positive,3.67
364,2019-02-24,0.04245333333333333,neutral,-10.13
365,2019-02-25,0.030905000000000005,neutral,2.23
366,2019-02-26,0.107715,positive,-0.63
367,2019-02-27,0.031385,neutral,-0.3
368,2019-02-28,-0.05743333333333333,negative,0.03
369,2019-03-01,-0.05254210526315789,negative,0.27
370,2019-03-02,0.07068749999999999,positive,-0.67
371,2019-03-03,-0.019730769230769225,neutral,-0.97
372,2019-03-04,0.027654999999999996,neutral,-1.87
373,2019-03-05,-0.0012090909090909133,neutral,3.9
374,2019-03-06,0.09892272727272727,positive,0.3
375,2019-03-07,-0.016484210526315785,neutral,-0.1
376,2019-03-08,-0.043769999999999996,neutral,-1.0
377,2019-03-09,-0.12597142857142857,negative,1.43
378,2019-03-10,0.06669411764705882,positive,-0.67
379,2019-03-11,0.045340000000000005,neutral,-0.93
380,2019-03-12,0.002400000000000005,neutral,0.13
381,2019-03-13,0.0018842105263157953,neutral,-0.4
382,2019-03-14,-0.049395454545454534,neutral,0.13
383,2019-03-15,0.10540000000000001,positive,1.47
384,2019-03-16,0.03014736842105264,neutral,1.77
385,2019-03-17,-0.10852857142857143,negative,-0.77
386,2019-03-18,0.1043,positive,-0.2
387,2019-03-19,0.186085,positive,0.57
388,2019-03-20,0.058411111111111115,positive,0.4
389,2019-03-21,-0.029823809523809527,neutral,-1.5
390,2019-03-22,0.07647777777777777,positive,0.3
391,2019-03-23,-0.00010625000000000218,neutral,0.17
392,2019-03-24,0.10676250000000001,positive,-0.3
393,2019-03-25,-0.1549952380952381,negative,-1.33
394,2019-03-26,-0.035281818181818185,neutral,0.27
395,2019-03-27,0.03715789473684211,neutral,2.27
396,2019-03-28,0.0854904761904762,positive,-0.5
397,2019-03-29,0.14492083333333333,positive,1.97
398,2019-03-30,-0.044833333333333336,neutral,-0.17
399,2019-03-31,0.03087333333333333,neutral,-0.23
400,2019-04-01,0.08731304347826087,positive,0.23
401,2019-04-02,0.087615,positive,10.07
402,2019-04-03,0.2403272727272727,positive,-0.23
403,2019-04-04,-0.06057,negative,-1.23
404,2019-04-05,0.04311,neutral,2.53
405,2019-04-06,0.014613333333333332,neutral,0.03
406,2019-04-07,-0.06760952380952381,negative,2.63
407,2019-04-08,-0.043190476190476196,neutral,1.77
408,2019-04-09,0.043042105263157895,neutral,-1.67
409,2019-04-10,0.039950000000000006,neutral,1.3
410,2019-04-11,0.14593333333333333,positive,-4.57
411,2019-04-12,0.02683157894736842,neutral,0.17
412,2019-04-13,-0.021916666666666657,neutral,-0.2
413,2019-04-14,0.17730714285714286,positive,1.47
414,2019-04-15,0.051268,positive,-2.37
415,2019-04-16,0.08044761904761905,positive,2.23
416,2019-04-17,0.06049545454545453,positive,0.27
417,2019-04-18,0.07979259259259258,positive,1.83
418,2019-04-19,-0.038775,neutral,-0.1
419,2019-04-20,-0.18262857142857142,negative,0.13
420,2019-04-21,0.08534117647058824,positive,-0.9
421,2019-04-22,-0.014240740740740745,neutral,1.0
422,2019-04-23,0.05826818181818182,positive,0.7
423,2019-04-24,0.08753999999999999,positive,-1.6
424,2019-04-25,-0.04070833333333333,neutral,-4.77
425,2019-04-26,-0.0025350000000000012,neutral,0.37
426,2019-04-27,-0.013508333333333336,neutral,0.47
427,2019-04-28,-0.1642823529411765,negative,-0.57
428,2019-04-29,0.12027777777777778,positive,-0.2
429,2019-04-30,0.013120000000000007,neutral,2.3
430,2019-05-01,0.04784000000000001,neutral,0.07
431,2019-05-02,-0.007172222222222222,neutral,0.37
432,2019-05-03,0.0013263157894736841,neutral,2.97
433,2019-05-04,-0.05412,negative,-0.1
434,2019-05-05,0.019988888888888882,neutral,-0.37
435,2019-05-06,-0.07394545454545455,negative,1.67
436,2019-05-07,-0.03696363636363636,neutral,-0.4
437,2019-05-08,0.013962068965517235,neutral,1.67
438,2019-05-09,-0.051213636363636364,negative,1.13
439,2019-05-10,0.11613333333333332,positive,1.5
440,2019-05-11,0.012086666666666667,neutral,7.5
441,2019-05-12,-0.11219090909090909,negative,-1.9
442,2019-05-13,0.21303636363636363,positive,5.13
443,2019-05-14,0.1038142857142857,positive,3.67
444,2019-05-15,0.06047,positive,5.23
445,2019-05-16,0.002761904761904762,neutral,0.47
446,2019-05-17,0.0855909090909091,positive,-4.77
447,2019-05-18,-0.020281249999999994,neutral,-2.07
448,2019-05-19,0.04080555555555557,neutral,7.07
449,2019-05-20,-0.0005250000000000116,neutral,-1.87
450,2019-05-21,0.023633333333333333,neutral,0.2
451,2019-05-22,0.024704166666666662,neutral,-3.07
452,2019-05-23,0.1248318181818182,positive,1.3
453,2019-05-24,0.08992380952380952,positive,1.17
454,2019-05-25,0.12636363636363634,positive,0.57
455,2019-05-26,-0.06913888888888889,negative,4.5
456,2019-05-27,0.021529999999999997,neutral,0.57
457,2019-05-28,-0.020941666666666664,neutral,-0.1
458,2019-05-29,0.04456666666666667,neutral,-0.73
459,2019-05-30,0.018645454545454545,neutral,-3.17
460,2019-05-31,0.033525925925925924,neutral,2.6
461,2019-06-01,0.1071,positive,-0.3
462,2019-06-02,0.04671818181818182,neutral,1.13
463,2019-06-03,-0.04840499999999999,neutral,-5.1
464,2019-06-04,-0.00735555555555556,neutral,-3.13
465,2019-06-05,0.028715,neutral,1.2
466,2019-06-06,-0.019479310344827586,neutral,0.53
467,2019-06-07,0.03987142857142857,neutral,0.87
468,2019-06-08,-0.058427272727272724,negative,-0.97
469,2019-06-09,0.14905000000000002,positive,-3.0
470,2019-06-10,0.21877499999999997,positive,3.47
471,2019-06-11,-0.031044444444444444,neutral,-0.63
472,2019-06-12,-0.013370588235294105,neutral,3.27
473,2019-06-13,0.0364235294117647,neutral,-0.7
474,2019-06-14,0.02497894736842106,neutral,2.8
475,2019-06-15,-0.12398571428571427,negative,1.23
476,2019-06-16,0.06699999999999999,positive,0.4
477,2019-06-17,0.018347619047619047,neutral,1.97
478,2019-06-18,-0.08457,negative,-2.17
479,2019-06-19,0.10403333333333335,positive,1.23
480,2019-06-20,0.0855,positive,1.23
481,2019-06-21,0.048499999999999995,neutral,5.2
482,2019-06-22,0.0,neutral,2.53
483,2019-06-23,-0.03263333333333333,neutral,0.57
484,2019-06-24,-0.037755000000000004,neutral,0.67
485,2019-06-25,0.04651199999999999,neutral,2.77
486,2019-06-26,-0.07897407407407407,negative,4.87
487,2019-06-27,0.1202611111111111,positive,-10.03
488,2019-06-28,-0.008104999999999998,neutral,4.6
489,2019-06-29,0.10768124999999999,positive,-0.13
490,2019-06-30,0.08046315789473685,positive,-6.53
491,2019-07-01,0.05804210526315791,positive,-0.23
492,2019-07-02,0.011221052631578944,neutral,0.47
493,2019-07-03,-0.14235,negative,4.43
494,2019-07-04,0.13154444444444444,positive,-4.63
495,2019-07-05,0.12355000000000001,positive,0.03
496,2019-07-06,-0.0972875,negative,0.9
497,2019-07-07,0.06887727272727272,positive,2.5
498,2019-07-08,-0.018915,neutral,2.97
499,2019-07-09,0.08439500000000001,positive,0.23
500,2019-07-10,0.09094545454545454,positive,-3.5
501,2019-07-11,0.054752631578947365,positive,-4.67
502,2019-07-12,-0.10197,negative,2.1
503,2019-07-13,0.006754545454545455,neutral,-2.03
504,2019-07-14,0.13685,positive,-10.17
505,2019-07-15,-0.056005263157894725,negative,2.37
506,2019-07-16,-0.002834999999999998,neutral,-10.0
507,2019-07-17,0.17593103448275862,positive,2.93
508,2019-07-18,-0.0005631578947368385,neutral,5.2
509,2019-07-19,0.10435000000000001,positive,-1.17
510,2019-07-20,0.04747857142857143,neutral,1.77
511,2019-07-21,-0.2733909090909091,negative,-1.03
512,2019-07-22,-0.11671851851851851,negative,-2.1
513,2019-07-23,0.01635263157894737,neutral,-2.47
514,2019-07-24,0.12605555555555556,positive,0.43
515,2019-07-25,0.18535789473684208,positive,0.8
516,2019-07-26,-0.07908799999999999,negative,-0.17
517,2019-07-27,0.18198999999999999,positive,-3.27
518,2019-07-28,0.013131578947368413,neutral,0.87
519,2019-07-29,0.07532631578947369,positive,-0.23
520,2019-07-30,0.014386206896551722,neutral,0.23
521,2019-07-31,0.06015238095238096,positive,3.0
522,2019-08-01,0.03984736842105264,neutral,0.83
523,2019-08-02,0.07566842105263158,positive,0.43
524,2019-08-03,0.0,neutral,1.57
525,2019-08-04,-0.029369230769230766,neutral,0.57
526,2019-08-05,-0.0006949999999999984,neutral,3.83
527,2019-08-06,0.03510344827586208,neutral,-2.03
528,2019-08-07,0.05698947368421053,positive,1.37
529,2019-08-08,-0.03383157894736842,neutral,-0.7
530,2019-08-09,-0.055363636363636365,negative,-2.07
531,2019-08-10,-0.03614166666666667,neutral,-2.33
532,2019-08-11,-0.08385555555555554,negative,2.27
533,2019-08-12,-0.001292307692307693,neutral,-1.2
534,2019-08-13,0.08001052631578946,positive,-2.1
535,2019-08-14,0.026203846153846157,neutral,-6.73
536,2019-08-15,-0.04121999999999999,neutral,1.2
537,2019-08-16,-0.049016666666666674,neutral,-0.33
538,2019-08-17,-0.10533999999999999,negative,-0.3
539,2019-08-18,0.11155000000000001,positive,1.87
540,2019-08-19,0.11754500000000001,positive,3.13
541,2019-08-20,0.13683499999999998,positive,-1.53
542,2019-08-21,0.09584285714285715,positive,-3.77
543,2019-08-22,0.008171428571428566,neutral,0.53
544,2019-08-23,0.13325714285714285,positive,1.67
545,2019-08-24,-0.0212,neutral,-1.47
546,2019-08-25,0.12894117647058825,positive,-0.77
547,2019-08-26,0.014876470588235302,neutral,1.0
548,2019-08-27,-0.01189523809523809,neutral,-0.87
549,2019-08-28,0.060968421052631575,positive,-4.27
550,2019-08-29,0.12458095238095239,positive,-1.63
551,2019-08-30,0.043207692307692315,neutral,0.23
552,2019-08-31,0.11540769230769232,positive,0.8
553,2019-09-01,-0.18119999999999997,negative,0.43
554,2019-09-02,-0.031299999999999994,neutral,3.4
555,2019-09-03,0.14533157894736842,positive,0.8
556,2019-09-04,0.060458823529411766,positive,-0.97
557,2019-09-05,0.0071611111111111085,neutral,-0.13
558,2019-09-06,0.0005105263157894671,neutral,-1.87
559,2019-09-07,0.130575,positive,2.3
560,2019-09-08,0.2298941176470588,positive,0.3
561,2019-09-09,-0.01427142857142857,neutral,-0.43
562,2019-09-10,0.16457777777777777,positive,-0.93
563,2019-09-11,0.004405000000000004,neutral,-0.03
564,2019-09-12,-0.058155555555555564,negative,1.37
565,2019-09-13,0.03291904761904762,neutral,-0.13
566,2019-09-14,0.03342500000000001,neutral,1.23
567,2019-09-15,0.052464285714285706,positive,-0.07
568,2019-09-16,0.059085,positive,1.23
569,2019-09-17,0.01050833333333333,neutral,1.4
570,2019-09-18,0.197025,positive,0.3
571,2019-09-19,-0.050085000000000005,negative,1.93
572,2019-09-20,0.2157111111111111,positive,-0.73
573,2019-09-21,0.06095294117647059,positive,-1.2
574,2019-09-22,-0.07582727272727272,negative,-0.37
575,2019-09-23,0.010552631578947369,neutral,-2.87
576,2019-09-24,-0.07462105263157896,negative,-11.43
577,2019-09-25,0.08599473684210528,positive,0.37
578,2019-09-26,-0.12639999999999998,negative,-2.43
579,2019-09-27,-0.036146666666666674,neutral,2.17
580,2019-09-28,0.17087142857142856,positive,0.0
581,2019-09-29,0.12312631578947368,positive,-1.53
582,2019-09-30,-0.003769999999999997,neutral,3.17
583,2019-10-01,-0.048279999999999997,neutral,-0.83
584,2019-10-02,-0.0014190476190476201,neutral,1.1
585,2019-10-03,-0.0736962962962963,negative,-1.67
586,2019-10-04,0.039376190476190474,neutral,-0.2
587,2019-10-05,0.09525294117647058,positive,0.1
588,2019-10-06,0.0707875,positive,-2.47
589,2019-10-07,0.14131428571428573,positive,3.27
590,2019-10-08,-0.024278260869565218,neutral,0.0
591,2019-10-09,0.03337142857142857,neutral,3.73
592,2019-10-10,-0.05386818181818182,negative,-0.3
593,2019-10-11,-0.06096666666666666,negative,-3.3
594,2019-10-12,-0.018142857142857134,neutral,0.03
595,2019-10-13,0.02431111111111111,neutral,0.07
596,2019-10-14,0.013959999999999995,neutral,1.37
597,2019-10-15,-0.06611904761904762,negative,-2.0
598,2019-10-16,0.018960869565217402,neutral,-1.83
599,2019-10-17,0.05341,positive,0.87
600,2019-10-18,-0.03766666666666667,neutral,-1.33
601,2019-10-19,0.07624375000000001,positive,-0.13
602,2019-10-20,0.08055,positive,1.7
603,2019-10-21,0.06138260869565217,positive,-0.17
604,2019-10-22,-0.129645,negative,-1.4
605,2019-10-23,0.0031052631578947394,neutral,-4.37
606,2019-10-24,0.04930952380952382,neutral,-0.57
607,2019-10-25,-0.053094444444444444,negative,8.63
608,2019-10-26,-0.10724615384615385,negative,1.73
609,2019-10-27,0.08897857142857143,positive,1.87
610,2019-10-28,0.04555,neutral,-1.67
611,2019-10-29,0.050504761904761906,positive,2.33
612,2019-10-30,0.046854999999999994,neutral,-2.4
613,2019-10-31,-0.002087500000000004,neutral,-0.1
614,2019-11-01,-0.015719047619047622,neutral,0.4
615,2019-11-02,0.01075384615384616,neutral,0.2
616,2019-11-03,-0.06835333333333334,negative,-0.6
617,2019-11-04,0.08909500000000001,positive,1.57
618,2019-11-05,0.10656363636363637,positive,0.1
619,2019-11-06,0.07982727272727273,positive,0.5
620,2019-11-07,0.0986857142857143,positive,-1.33
621,2019-11-08,-0.06457222222222223,negative,-2.23
622,2019-11-09,0.09946666666666666,positive,0.4
623,2019-11-10,0.10581904761904762,positive,1.6
624,2019-11-11,-0.04174761904761905,neutral,-1.97
625,2019-11-12,0.022712499999999997,neutral,0.7
626,2019-11-13,0.01477619047619048,neutral,0.03
627,2019-11-14,0.11267142857142859,positive,-1.13
628,2019-11-15,0.0082764705882353,neutral,-1.53
629,2019-11-16,-0.02371666666666668,neutral,0.57
630,2019-11-17,-0.036425000000000006,neutral,0.4
631,2019-11-18,-0.018123809523809518,neutral,-2.53
632,2019-11-19,0.06360833333333332,positive,-0.63
633,2019-11-20,0.08006190476190476,positive,-0.4
634,2019-11-21,0.14777142857142858,positive,-4.83
635,2019-11-22,-0.07587200000000001,negative,-3.93
636,2019-11-23,0.09230000000000001,positive,0.67
637,2019-11-24,-0.013450000000000009,neutral,-4.87
638,2019-11-25,-0.01424545454545454,neutral,2.4
639,2019-11-26,0.00011500000000000052,neutral,0.53
640,2019-11-27,-0.0812888888888889,negative,2.7
641,2019-11-28,-0.05825263157894737,negative,-0.83
642,2019-11-29,-0.004489473684210522,neutral,2.2
643,2019-11-30,0.009323076923076925,neutral,-1.57
644,2019-12-01,-0.055362499999999995,negative,-0.9
645,2019-12-02,0.08073500000000002,positive,-0.83
646,2019-12-03,0.019952631578947375,neutral,-0.37
647,2019-12-04,-0.04917,neutral,-0.87
648,2019-12-05,-0.11197058823529411,negative,1.47
649,2019-12-06,-0.004629999999999995,neutral,0.77
650,2019-12-07,-0.08317999999999999,negative,-0.5
651,2019-12-08,0.03771666666666667,neutral,0.83
652,2019-12-09,0.02277586206896552,neutral,-1.57
653,2019-12-10,0.17251904761904763,positive,-0.97
654,2019-12-11,0.19142499999999998,positive,-0.6
655,2019-12-12,-0.04218500000000001,neutral,0.27
656,2019-12-13,0.07487272727272727,positive,0.27
657,2019-12-14,0.028900000000000002,neutral,-1.57
658,2019-12-15,-0.017036363636363638,neutral,0.37
659,2019-12-16,0.0018478260869565246,neutral,-3.63
660,2019-12-17,-0.16562000000000002,negative,-4.23
661,2019-12-18,0.0846076923076923,positive,5.87
662,2019-12-19,-0.025217647058823536,neutral,-1.9
663,2019-12-20,-0.04398571428571428,neutral,0.2
664,2019-12-21,0.08169047619047619,positive,-0.53
665,2019-12-22,-0.03786249999999999,neutral,2.97
666,2019-12-23,0.08548095238095238,positive,-2.03
667,2019-12-24,0.14400588235294118,positive,-0.33
668,2019-12-25,0.0,neutral,-1.0
669,2019-12-26,0.05748333333333333,positive,0.13
670,2019-12-27,-0.020673333333333332,neutral,0.4
671,2019-12-28,0.0631090909090909,positive,0.77
672,2019-12-29,0.10455833333333335,positive,1.83
673,2019-12-30,-0.017893333333333337,neutral,-1.47
674,2019-12-31,0.05096875,positive,-0.8
675,2020-01-01,-0.1742111111111111,negative,0.4
676,2020-01-02,0.07090714285714286,positive,-2.07
677,2020-01-03,0.043813333333333336,neutral,3.57
678,2020-01-04,0.06949230769230769,positive,0.1
679,2020-01-05,0.02064,neutral,0.3
680,2020-01-06,-0.05204285714285714,negative,3.8
681,2020-01-07,0.03428888888888889,neutral,1.37
682,2020-01-08,-0.05600625000000001,negative,-1.0
683,2020-01-09,0.10171,positive,-1.7
684,2020-01-10,0.05614444444444444,positive,3.2
685,2020-01-11,0.1416,positive,-1.33
686,2020-01-12,0.07969285714285715,positive,1.53
687,2020-01-13,0.17312105263157895,positive,-0.93
688,2020-01-14,0.09705217391304347,positive,7.27
689,2020-01-15,0.041194999999999996,neutral,-0.1
690,2020-01-16,0.12769999999999998,positive,-0.8
691,2020-01-17,-0.04719999999999999,neutral,1.8
692,2020-01-18,0.049138461538461534,neutral,0.83
693,2020-01-19,0.05365833333333334,positive,-2.13
694,2020-01-20,0.14265238095238095,positive,-0.4
695,2020-01-21,0.18265238095238095,positive,0.9
696,2020-01-22,0.0941608695652174,positive,-0.53
697,2020-01-23,0.006225000000000001,neutral,-2.17
698,2020-01-24,-0.0008476190476190468,neutral,0.13
699,2020-01-25,0.035485,neutral,-0.9
700,2020-01-26,-0.248895,negative,2.53
701,2020-01-27,-0.08787142857142857,negative,1.57
702,2020-01-28,0.005604545454545453,neutral,3.0
703,2020-01-29,0.143565,positive,-0.83
704,2020-01-30,0.04702142857142856,neutral,2.7
705,2020-01-31,0.028525000000000002,neutral,-1.53
706,2020-02-01,-0.021107692307692306,neutral,0.8
707,2020-02-02,0.052399999999999995,positive,0.7
708,2020-02-03,0.1450142857142857,positive,0.1
709,2020-02-04,0.08913809523809524,positive,-0.63
710,2020-02-05,0.02457,neutral,4.2
711,2020-02-06,0.07354,positive,1.8
712,2020-02-07,-0.00510625,neutral,1.77
713,2020-02-08,-0.2897285714285714,negative,0.27
714,2020-02-09,0.09744545454545453,positive,1.63
715,2020-02-10,0.074655,positive,-1.9
716,2020-02-11,-0.10988636363636363,negative,3.47
717,2020-02-12,0.13255999999999998,positive,3.83
718,2020-02-13,-0.10990454545454545,negative,-0.07
719,2020-02-14,-0.052205263157894734,negative,2.4
720,2020-02-15,0.27038333333333336,positive,-4.23
721,2020-02-16,-0.020853846153846153,neutral,-0.57
722,2020-02-17,0.09693500000000001,positive,0.27
723,2020-02-18,-0.019523809523809527,neutral,3.4
724,2020-02-19,-0.0043392857142857165,neutral,-5.23
725,2020-02-20,-0.0443909090909091,neutral,-0.2
726,2020-02-21,-0.131635,negative,1.37
727,2020-02-22,-0.1032,negative,-0.5
728,2020-02-23,0.08611666666666666,positive,2.73
729,2020-02-24,0.024218181818181816,neutral,-2.47
730,2020-02-25,-0.08344499999999999,negative,-3.77
731,2020-02-26,-0.08300526315789475,negative,-5.53
732,2020-02-27,0.08647894736842106,positive,0.77
733,2020-02-28,-0.09089545454545456,negative,-0.5
734,2020-02-29,0.054781818181818195,positive,-2.2
735,2020-03-01,-0.017330769230769243,neutral,0.13
736,2020-03-02,0.04513333333333333,neutral,3.4
737,2020-03-03,-0.09424285714285714,negative,-1.77
738,2020-03-04,0.015215000000000001,neutral,0.07
739,2020-03-05,0.037144444444444445,neutral,1.77
740,2020-03-06,-0.062154999999999995,negative,2.53
741,2020-03-07,0.0915076923076923,positive,-2.07
742,2020-03-08,-0.016094117647058825,neutral,-9.83
743,2020-03-09,0.00798888888888889,neutral,0.13
744,2020-03-10,0.02494444444444446,neutral,-0.57
745,2020-03-11,-0.07349999999999998,negative,-0.83
746,2020-03-12,-0.09711428571428572,negative,-47.53
747,2020-03-13,-0.059669565217391314,negative,11.07
748,2020-03-14,-0.021523076923076926,neutral,-6.57
749,2020-03-15,-0.14021333333333333,negative,1.47
750,2020-03-16,0.034485714285714286,neutral,-5.7
751,2020-03-17,-0.0724318181818182,negative,3.43
752,2020-03-18,0.11227058823529412,positive,1.13
753,2020-03-19,-0.0006199999999999984,neutral,8.63
754,2020-03-20,0.055296296296296295,positive,-0.77
755,2020-03-21,0.024092307692307684,neutral,-0.2
756,2020-03-22,-0.047593333333333335,neutral,-4.9
757,2020-03-23,0.03884736842105263,neutral,6.87
758,2020-03-24,0.06544444444444444,positive,1.83
759,2020-03-25,-0.02128888888888889,neutral,-0.93
760,2020-03-26,-0.11074782608695653,negative,0.97
761,2020-03-27,0.11268636363636363,positive,-3.97
762,2020-03-28,-0.20030909090909088,negative,-0.67
763,2020-03-29,0.033845,neutral,-3.93
764,2020-03-30,0.08876315789473684,positive,4.67
765,2020-03-31,-0.07386315789473684,negative,0.43
766,2020-04-01,0.013872222222222222,neutral,1.77
767,2020-04-02,0.082,positive,2.0
768,2020-04-03,-0.06235238095238096,negative,-0.3
769,2020-04-04,-0.10718666666666668,negative,1.3
770,2020-04-05,-0.1272727272727273,negative,-0.8
771,2020-04-06,0.031189473684210527,neutral,8.2
772,2020-04-07,0.10997368421052632,positive,-2.1
773,2020-04-08,-0.0445,neutral,2.37
774,2020-04-09,0.05286666666666666,positive,-0.97
775,2020-04-10,-0.023611111111111114,neutral,-4.5
776,2020-04-11,0.06166666666666667,positive,0.2
777,2020-04-12,-0.0443,neutral,0.17
778,2020-04-13,0.03328235294117648,neutral,-0.73
779,2020-04-14,0.013859999999999999,neutral,0.47
780,2020-04-15,-0.018984210526315777,neutral,-2.5
781,2020-04-16,0.04208125,neutral,6.13
782,2020-04-17,0.0047272727272727215,neutral,-0.77
783,2020-04-18,-0.07696,negative,4.0
784,2020-04-19,-0.04612727272727273,neutral,-1.87
785,2020-04-20,0.034641176470588245,neutral,-3.33
786,2020-04-21,-0.0351736842105263,neutral,0.13
787,2020-04-22,0.031611764705882346,neutral,3.43
788,2020-04-23,0.06973333333333333,positive,2.03
789,2020-04-24,0.08033333333333334,positive,0.47
790,2020-04-25,0.0964,positive,1.3
791,2020-04-26,0.08170555555555555,positive,1.2
792,2020-04-27,-0.08791500000000001,negative,0.37
793,2020-04-28,0.06894,positive,-0.2
794,2020-04-29,0.012381818181818181,neutral,6.8
795,2020-04-30,0.12415333333333332,positive,-2.1
796,2020-05-01,0.07336666666666666,positive,1.63
797,2020-05-02,-0.09798888888888888,negative,0.87
798,2020-05-03,-0.04070000000000001,neutral,-0.9
799,2020-05-04,0.08565263157894737,positive,-0.6
800,2020-05-05,0.14216666666666666,positive,0.33
801,2020-05-06,0.0637611111111111,positive,-0.57
802,2020-05-07,0.010077777777777778,neutral,4.9
803,2020-05-08,-0.028994444444444448,neutral,-0.77
804,2020-05-09,0.14302777777777778,positive,-1.2
805,2020-05-10,-0.0880909090909091,negative,-7.0
806,2020-05-11,0.06721333333333333,positive,-0.87
807,2020-05-12,0.12424736842105263,positive,1.5
808,2020-05-13,-0.04712222222222222,neutral,3.4
809,2020-05-14,-0.011915384615384609,neutral,2.17
810,2020-05-15,0.06049000000000001,positive,-3.13
811,2020-05-16,0.15816000000000002,positive,1.13
812,2020-05-17,-0.10245714285714284,negative,2.07
813,2020-05-18,0.18000714285714287,positive,1.37
814,2020-05-19,0.06566538461538461,positive,0.13
815,2020-05-20,0.030293749999999998,neutral,-1.63
816,2020-05-21,0.025179999999999998,neutral,-3.67
817,2020-05-22,0.07825384615384616,positive,1.9
818,2020-05-23,-0.09261,negative,-0.07
819,2020-05-24,-0.15293333333333334,negative,-2.83
820,2020-05-25,-0.033081250000000006,neutral,1.33
821,2020-05-26,0.048476470588235294,neutral,-0.83
822,2020-05-27,0.023005555555555557,neutral,2.5
823,2020-05-28,0.052039999999999996,positive,3.17
824,2020-05-29,0.033850000000000005,neutral,-0.47
825,2020-05-30,0.05554,positive,4.07
826,2020-05-31,-0.0179625,neutral,-2.57
827,2020-06-01,-0.13776666666666668,negative,4.77
828,2020-06-02,0.16703157894736842,positive,-3.87
829,2020-06-03,-0.07268823529411764,negative,1.4
830,2020-06-04,-0.07925263157894735,negative,0.2
831,2020-06-05,-0.051923809523809525,negative,-1.0
832,2020-06-06,-0.013431250000000002,neutral,0.4
833,2020-06-07,-0.0019299999999999983,neutral,0.67
834,2020-06-08,-0.05151052631578947,negative,0.27
835,2020-06-09,0.09677894736842105,positive,-0.23
836,2020-06-10,0.041555555555555554,neutral,0.9
837,2020-06-11,-0.0039052631578947393,neutral,-4.87
838,2020-06-12,0.01659523809523809,neutral,1.8
839,2020-06-13,-0.05320833333333332,negative,0.07
840,2020-06-14,0.09233333333333332,positive,-1.4
841,2020-06-15,0.039134999999999996,neutral,0.13
842,2020-06-16,-0.12479999999999998,negative,1.0
843,2020-06-17,-0.00396818181818182,neutral,-0.47
844,2020-06-18,-0.07688823529411765,negative,-0.67
845,2020-06-19,-0.013194736842105259,neutral,-0.6
846,2020-06-20,-0.100975,negative,0.23
847,2020-06-21,-0.19765,negative,-0.37
848,2020-06-22,-0.060373684210526316,negative,3.53
849,2020-06-23,0.057417647058823525,positive,-0.27
850,2020-06-24,0.08327058823529411,positive,-2.5
851,2020-06-25,0.12971304347826088,positive,-0.4
852,2020-06-26,-0.019406250000000003,neutral,-0.7
853,2020-06-27,0.1761625,positive,-1.87
854,2020-06-28,-0.020311111111111096,neutral,1.0
855,2020-06-29,0.02638888888888889,neutral,0.7
856,2020-06-30,-0.012334782608695655,neutral,-0.5
857,2020-07-01,0.1340529411764706,positive,1.17
858,2020-07-02,0.03542777777777777,neutral,-1.2
859,2020-07-03,0.05794666666666667,positive,-0.33
860,2020-07-04,0.043725,neutral,0.93
861,2020-07-05,0.031835714285714294,neutral,-0.53
862,2020-07-06,0.018200000000000004,neutral,2.93
863,2020-07-07,0.04665909090909091,neutral,-0.67
864,2020-07-08,-0.016019999999999993,neutral,1.67
865,2020-07-09,-0.0741625,negative,-1.4
866,2020-07-10,0.02063888888888889,neutral,0.03
867,2020-07-11,-0.08195454545454545,negative,-0.43
868,2020-07-12,-0.047654999999999996,neutral,0.7
869,2020-07-13,0.07746153846153847,positive,-0.7
870,2020-07-14,-0.030155000000000005,neutral,0.13
871,2020-07-15,-0.041444444444444443,neutral,-0.47
872,2020-07-16,-0.04350499999999999,neutral,-0.97
873,2020-07-17,0.2417375,positive,0.0
874,2020-07-18,-0.05457692307692308,negative,0.5
875,2020-07-19,0.18688181818181818,positive,0.53
876,2020-07-20,-0.15816842105263157,negative,-0.53
877,2020-07-21,0.06203499999999999,positive,2.2
878,2020-07-22,0.015187500000000003,neutral,2.83
879,2020-07-23,0.017900000000000003,neutral,1.67
880,2020-07-24,-0.0026799999999999992,neutral,0.17
881,2020-07-25,0.1001529411764706,positive,3.43
882,2020-07-26,0.01477058823529412,neutral,1.33
883,2020-07-27,-0.013617647058823535,neutral,4.5
884,2020-07-28,0.04823500000000001,neutral,-0.93
885,2020-07-29,0.02121428571428572,neutral,0.7
886,2020-07-30,0.08771500000000002,positive,1.63
887,2020-07-31,-0.039245454545454556,neutral,1.83
888,2020-08-01,0.1739166666666667,positive,4.97
889,2020-08-02,0.14447857142857143,positive,-3.87
890,2020-08-03,0.0930842105263158,positive,1.73
891,2020-08-04,0.03045238095238095,neutral,0.2
892,2020-08-05,-0.03436363636363637,neutral,2.67
893,2020-08-06,0.20893636363636367,positive,-0.6
894,2020-08-07,-0.03808260869565217,neutral,-1.87
895,2020-08-08,0.02023,neutral,2.0
896,2020-08-09,0.2772,positive,-0.87
897,2020-08-10,0.13967000000000002,positive,1.07
898,2020-08-11,0.0032400000000000007,neutral,-3.03
899,2020-08-12,0.08900625000000001,positive,1.27
900,2020-08-13,0.02656363636363636,neutral,3.6
901,2020-08-14,0.15529473684210526,positive,1.0
902,2020-08-15,0.026500000000000003,neutral,-0.3
903,2020-08-16,0.052564285714285716,positive,0.23
904,2020-08-17,-0.04777222222222222,neutral,0.83
905,2020-08-18,0.055382352941176466,positive,-1.7
906,2020-08-19,0.001472727272727282,neutral,-1.7
907,2020-08-20,0.018736842105263156,neutral,1.0
908,2020-08-21,-0.06451818181818182,negative,-3.37
909,2020-08-22,-0.02991333333333333,neutral,1.07
910,2020-08-23,-0.05666666666666667,negative,-0.53
911,2020-08-24,0.035235,neutral,1.77
912,2020-08-25,0.03127058823529411,neutral,-3.4
913,2020-08-26,0.020785,neutral,0.6
914,2020-08-27,-0.10389655172413793,negative,-0.6
915,2020-08-28,-0.006131818181818179,neutral,1.57
916,2020-08-29,-0.012421428571428575,neutral,0.1
917,2020-08-30,-0.10162857142857143,negative,3.07
918,2020-08-31,-0.03149090909090909,neutral,0.13
919,2020-09-01,0.013247058823529412,neutral,3.73
920,2020-09-02,0.06707142857142857,positive,-4.27
921,2020-09-03,0.11417222222222224,positive,-9.17
922,2020-09-04,0.009570588235294112,neutral,1.37
923,2020-09-05,-0.09006666666666667,negative,-6.07
924,2020-09-06,-0.0782111111111111,negative,2.0
925,2020-09-07,0.0721578947368421,positive,0.4
926,2020-09-08,0.051385714285714285,positive,-2.37
927,2020-09-09,-0.041410526315789474,neutral,1.6
928,2020-09-10,0.07751739130434783,positive,1.97
929,2020-09-11,0.04592352941176471,neutral,0.7
930,2020-09-12,-0.22182857142857143,negative,1.33
931,2020-09-13,0.01741111111111112,neutral,-2.5
932,2020-09-14,0.02049444444444444,neutral,2.1
933,2020-09-15,0.07640909090909091,positive,-0.77
934,2020-09-16,0.05148000000000001,positive,0.57
935,2020-09-17,0.15390500000000001,positive,2.03
936,2020-09-18,0.006680000000000003,neutral,-0.4
937,2020-09-19,0.0906076923076923,positive,0.57
938,2020-09-20,0.1613,positive,-1.83
939,2020-09-21,0.09152608695652173,positive,-4.6
940,2020-09-22,0.004656250000000004,neutral,0.67
941,2020-09-23,-0.009095652173913045,neutral,-3.37
942,2020-09-24,0.07355263157894737,positive,4.27
943,2020-09-25,-0.0022611111111111148,neutral,0.07
944,2020-09-26,-0.053608333333333334,negative,0.3
945,2020-09-27,0.059546666666666685,positive,0.33
946,2020-09-28,0.04405333333333334,neutral,-0.43
947,2020-09-29,0.07422999999999999,positive,1.03
948,2020-09-30,-0.17023181818181818,negative,-0.27
949,2020-10-01,-0.04491578947368421,neutral,-1.0
950,2020-10-02,-0.10249375,negative,-0.97
951,2020-10-03,0.07273,positive,-0.03
952,2020-10-04,-0.02296666666666667,neutral,1.0
953,2020-10-05,0.089845,positive,0.37
954,2020-10-06,-0.00565384615384615,neutral,-1.73
955,2020-10-07,0.1059529411764706,positive,0.37
956,2020-10-08,0.037105,neutral,1.6
957,2020-10-09,0.056286363636363634,positive,1.67
958,2020-10-10,0.105625,positive,1.2
959,2020-10-11,-0.20858,negative,0.53
960,2020-10-12,0.08255909090909092,positive,1.53
961,2020-10-13,0.09885714285714287,positive,-0.87
962,2020-10-14,0.07962857142857144,positive,-0.13
963,2020-10-15,-0.007070588235294116,neutral,0.1
964,2020-10-16,0.01885238095238095,neutral,-1.63
965,2020-10-17,0.08563571428571429,positive,0.4
966,2020-10-18,-0.05996470588235295,negative,1.13
967,2020-10-19,0.013265000000000002,neutral,1.0
968,2020-10-20,0.031208695652173917,neutral,-0.6
969,2020-10-21,0.049247368421052644,neutral,4.5
970,2020-10-22,0.12320624999999999,positive,2.1
971,2020-10-23,0.007100000000000003,neutral,-0.43
972,2020-10-24,0.1705769230769231,positive,0.57
973,2020-10-25,-0.037195454545454545,neutral,-0.7
974,2020-10-26,0.14235,positive,-0.97
975,2020-10-27,0.032314285714285705,neutral,2.27
976,2020-10-28,0.07384736842105262,positive,-2.23
977,2020-10-29,0.14611818181818184,positive,0.33
978,2020-10-30,-0.05599333333333333,negative,-0.1
979,2020-10-31,0.045353333333333336,neutral,0.83
980,2020-11-01,-0.10908571428571427,negative,0.77
981,2020-11-02,0.051239999999999994,positive,-1.67
982,2020-11-03,0.09690555555555555,positive,1.43
983,2020-11-04,-0.036128571428571433,neutral,1.63
984,2020-11-05,0.1052904761904762,positive,4.3
985,2020-11-06,-0.0032944444444444453,neutral,2.7
986,2020-11-07,-0.17865,negative,-3.2
987,2020-11-08,0.04013333333333333,neutral,2.8
988,2020-11-09,-0.10940000000000001,negative,-1.17
989,2020-11-10,0.017389473684210528,neutral,0.43
990,2020-11-11,-0.010657894736842102,neutral,1.9
991,2020-11-12,-0.016636842105263155,neutral,1.03
992,2020-11-13,0.026716666666666666,neutral,1.07
993,2020-11-14,0.057133333333333335,positive,-1.7
994,2020-11-15,0.08285000000000001,positive,-1.17
995,2020-11-16,0.023626315789473686,neutral,2.37
996,2020-11-17,0.011931578947368422,neutral,3.4
997,2020-11-18,0.03175263157894737,neutral,0.0
998,2020-11-19,0.08363809523809525,positive,-0.57
999,2020-11-20,-0.011116666666666664,neutral,4.13
1000,2020-11-21,0.027344444444444435,neutral,2.67
1001,2020-11-22,0.06359999999999999,positive,-0.13
1002,2020-11-23,-0.005393333333333332,neutral,2.73
1003,2020-11-24,0.0013388888888888864,neutral,1.13
1004,2020-11-25,0.02666363636363637,neutral,-2.87
1005,2020-11-26,0.02719047619047619,neutral,-6.37
1006,2020-11-27,0.1112409090909091,positive,-0.27
1007,2020-11-28,-0.08073157894736842,negative,2.47
1008,2020-11-29,0.12627058823529413,positive,2.97
1009,2020-11-30,0.0868952380952381,positive,4.83
1010,2020-12-01,0.1001736842105263,positive,-3.43
1011,2020-12-02,0.15018571428571428,positive,1.5
1012,2020-12-03,0.057069999999999996,positive,1.3
1013,2020-12-04,0.07568125,positive,-4.17
1014,2020-12-05,-0.02731538461538461,neutral,2.4
1015,2020-12-06,0.06700714285714285,positive,0.7
1016,2020-12-07,0.010560000000000003,neutral,-0.97
1017,2020-12-08,-0.03551666666666666,neutral,-3.63
1018,2020-12-09,0.055669565217391304,positive,1.43
1019,2020-12-10,0.04686923076923077,neutral,-1.57
1020,2020-12-11,-0.007168421052631578,neutral,-1.2
1021,2020-12-12,0.12996666666666667,positive,2.83
1022,2020-12-13,-0.024343749999999987,neutral,1.87
1023,2020-12-14,0.005081818181818189,neutral,-0.13
1024,2020-12-15,0.02341052631578948,neutral,0.47
1025,2020-12-16,0.09133809523809525,positive,5.73
1026,2020-12-17,0.12141363636363636,positive,2.17
1027,2020-12-18,0.1424409090909091,positive,1.07
1028,2020-12-19,-0.03729285714285714,neutral,1.5
1029,2020-12-20,0.0530421052631579,positive,-1.97
1030,2020-12-21,-0.026965217391304346,neutral,-2.47
1031,2020-12-22,-0.047909999999999994,neutral,2.93
1032,2020-12-23,-0.0396375,neutral,-3.8
1033,2020-12-24,0.06734736842105263,positive,2.13
1034,2020-12-25,0.08200666666666666,positive,2.07
1035,2020-12-26,0.132155,positive,2.67
1036,2020-12-27,0.0252,neutral,2.1
1037,2020-12-28,0.06236428571428571,positive,3.17
1038,2020-12-29,0.047445,neutral,0.47
1039,2020-12-30,0.011715999999999997,neutral,2.7
1040,2020-12-31,0.1521642857142857,positive,-0.6
1041,2021-01-01,-0.10802941176470589,negative,0.2
1042,2021-01-02,0.09014642857142859,positive,2.25
1043,2021-01-03,0.023240540540540536,neutral,3.16
1044,2021-01-04,0.09350909090909092,positive,-0.34
1045,2021-01-05,0.115784,positive,1.61
1046,2021-01-06,0.066821875,positive,2.69
1047,2021-01-07,0.024552702702702704,neutral,0.15
1048,2021-01-08,0.02877142857142857,neutral,0.34
1049,2021-01-09,-0.019631034482758613,neutral,1.14
1050,2021-01-10,-0.020148780487804885,neutral,-1.64
1051,2021-01-11,0.03183939393939394,neutral,-5.73
1052,2021-01-12,0.0700281690140845,positive,-2.14
1053,2021-01-13,0.02598363636363637,neutral,3.37
1054,2021-01-14,0.15988611111111112,positive,2.28
1055,2021-01-15,0.03467647058823529,neutral,-1.79
1056,2021-01-16,-0.0037061224489795905,neutral,0.21
1057,2021-01-17,0.1088,positive,-0.28
1058,2021-01-18,0.0891719298245614,positive,1.03
1059,2021-01-19,0.12562608695652175,positive,0.54
1060,2021-01-20,0.11523389830508475,positive,-0.22
1061,2021-01-21,0.006415492957746484,neutral,-6.6
1062,2021-01-22,-0.04051730769230769,neutral,2.73
1063,2021-01-23,0.0008799999999999974,neutral,-0.22
1064,2021-01-24,0.006178378378378377,neutral,1.5
1065,2021-01-25,0.05618771929824561,positive,-1.28
1066,2021-01-26,0.13616296296296296,positive,0.13
1067,2021-01-27,0.04147666666666667,neutral,-3.76
1068,2021-01-28,0.07237761194029851,positive,10.5
1069,2021-01-29,-0.011626470588235292,neutral,2.17
1070,2021-01-30,0.07847272727272726,positive,-6.36
1071,2021-01-31,0.052820833333333324,positive,1.06
1072,2021-02-01,0.07815454545454546,positive,0.36
1073,2021-02-02,0.023185937500000003,neutral,1.06
1074,2021-02-03,0.05900454545454546,positive,4.02
1075,2021-02-04,0.0008821428571428578,neutral,1.63
1076,2021-02-05,0.01067727272727273,neutral,0.38
1077,2021-02-06,-0.020460000000000002,neutral,1.87
1078,2021-02-07,0.05288095238095238,positive,1.72
1079,2021-02-08,0.07275074626865671,positive,3.6
1080,2021-02-09,0.064871875,positive,-0.29
1081,2021-02-10,0.07349875,positive,-0.26
1082,2021-02-11,0.10274929577464789,positive,0.64
1083,2021-02-12,0.06320483870967741,positive,0.85
1084,2021-02-13,0.15364107142857142,positive,0.61
1085,2021-02-14,0.04007948717948718,neutral,-0.95
1086,2021-02-15,0.016701960784313723,neutral,-1.74
1087,2021-02-16,0.01165,neutral,-0.15
1088,2021-02-17,0.06255238095238096,positive,1.24
1089,2021-02-18,0.0036936507936507924,neutral,1.5
1090,2021-02-19,0.16978529411764706,positive,0.61
1091,2021-02-20,0.12990425531914893,positive,-0.71
1092,2021-02-21,-0.06530851063829787,negative,0.63
1093,2021-02-22,-0.0447375,neutral,-2.97
1094,2021-02-23,0.0631390625,positive,-5.21
1095,2021-02-24,0.07570312500000001,positive,2.29
1096,2021-02-25,0.13324647887323943,positive,-3.06
1097,2021-02-26,0.076996875,positive,-0.85
1098,2021-02-27,0.05460740740740741,positive,0.06
1099,2021-02-28,0.01931702127659575,neutral,-1.16
1100,2021-03-01,0.024508771929824556,neutral,2.88
1101,2021-03-02,0.13032461538461537,positive,-0.75
1102,2021-03-03,0.008825,neutral,1.53
1103,2021-03-04,0.09122837837837837,positive,-1.27
1104,2021-03-05,0.012615873015873014,neutral,-0.0
1105,2021-03-06,0.11132500000000001,positive,1.13
1106,2021-03-07,0.014342307692307692,neutral,1.44
1107,2021-03-08,0.053202352941176465,positive,2.67
1108,2021-03-09,0.04885079365079365,neutral,0.33
1109,2021-03-10,0.011883561643835621,neutral,-0.74
1110,2021-03-11,0.10275652173913044,positive,0.49
1111,2021-03-12,-0.05606610169491526,negative,0.43
1112,2021-03-13,0.029445833333333338,neutral,2.71
1113,2021-03-14,-0.027101785714285707,neutral,-1.83
1114,2021-03-15,0.0900768115942029,positive,-1.95
1115,2021-03-16,0.02115344827586207,neutral,0.6
1116,2021-03-17,0.06210540540540541,positive,0.57
1117,2021-03-18,0.013400000000000002,neutral,-0.93
1118,2021-03-19,0.009397142857142856,neutral,0.48
1119,2021-03-20,0.021674999999999996,neutral,0.02
1120,2021-03-21,-0.12709714285714288,negative,-0.65
1121,2021-03-22,0.08164375,positive,-2.17
1122,2021-03-23,0.09864125,positive,-0.3
1123,2021-03-24,0.08974750000000001,positive,-1.91
1124,2021-03-25,0.038743999999999994,neutral,-0.48
1125,2021-03-26,0.08148732394366197,positive,2.49
1126,2021-03-27,0.056137931034482766,positive,0.36
1127,2021-03-28,-0.006681818181818175,neutral,-0.31
1128,2021-03-29,0.0019160000000000036,neutral,1.58
1129,2021-03-30,0.08426764705882353,positive,0.42
1130,2021-03-31,0.04856176470588235,neutral,0.36
1131,2021-04-01,0.1214768115942029,positive,1.93
1132,2021-04-02,0.050545,positive,0.47
1133,2021-04-03,0.19194199999999997,positive,-2.16
1134,2021-04-04,0.05847454545454545,positive,2.0
1135,2021-04-05,0.025225,neutral,1.51
1136,2021-04-06,0.06759076923076923,positive,2.08
1137,2021-04-07,0.027769512195121946,neutral,-3.35
1138,2021-04-08,0.190821875,positive,2.38
1139,2021-04-09,0.10753472222222221,positive,0.18
1140,2021-04-10,0.02496904761904762,neutral,1.77
1141,2021-04-11,-0.04077499999999999,neutral,2.09
1142,2021-04-12,0.06316756756756756,positive,-0.95
1143,2021-04-13,0.09454461538461538,positive,5.73
1144,2021-04-14,0.032380769230769234,neutral,2.5
1145,2021-04-15,0.1496774193548387,positive,5.12
1146,2021-04-16,0.06287692307692308,positive,3.95
1147,2021-04-17,0.18471190476190477,positive,-4.74
1148,2021-04-18,-0.061374074074074074,negative,0.34
1149,2021-04-19,0.03762950819672131,neutral,-0.21
1150,2021-04-20,0.06308148148148149,positive,-1.69
1151,2021-04-21,0.06237534246575342,positive,-0.1
1152,2021-04-22,-0.009103658536585372,neutral,-0.71
1153,2021-04-23,0.019754794520547948,neutral,-0.79
1154,2021-04-24,-0.02895909090909091,neutral,-0.73
1155,2021-04-25,0.09605757575757576,positive,1.62
1156,2021-04-26,0.06033974358974359,positive,5.44
1157,2021-04-27,0.07627532467532468,positive,4.58
1158,2021-04-28,0.07798055555555555,positive,1.47
1159,2021-04-29,0.10172463768115943,positive,-0.19
1160,2021-04-30,-0.017631944444444443,neutral,1.65
1161,2021-05-01,-0.12342745098039215,negative,3.02
1162,2021-05-02,0.1514655172413793,positive,-1.09
1163,2021-05-03,0.06029814814814815,positive,3.31
1164,2021-05-04,0.07105764705882352,positive,-1.17
1165,2021-05-05,0.07521309523809523,positive,6.41
1166,2021-05-06,0.10374366197183099,positive,-2.36
1167,2021-05-07,-0.003591891891891891,neutral,1.29
1168,2021-05-08,-0.013115873015873017,neutral,2.27
1169,2021-05-09,0.062263793103448276,positive,0.63
1170,2021-05-10,0.10549883720930234,positive,-5.21
1171,2021-05-11,0.08738717948717949,positive,4.2
1172,2021-05-12,0.07756,positive,-7.99
1173,2021-05-13,0.07877228915662651,positive,1.78
1174,2021-05-14,0.09642470588235294,positive,5.71
1175,2021-05-15,0.1963697674418605,positive,-2.78
1176,2021-05-16,0.10295151515151515,positive,1.1
1177,2021-05-17,0.0006229885057471255,neutral,-2.62
1178,2021-05-18,0.10413874999999999,positive,5.0
1179,2021-05-19,-0.07934942528735632,negative,-26.82
1180,2021-05-20,0.025954216867469883,neutral,8.27
1181,2021-05-21,0.019547142857142864,neutral,-8.76
1182,2021-05-22,0.10487407407407406,positive,-6.58
1183,2021-05-23,0.0929125,positive,-8.7
1184,2021-05-24,0.03600681818181818,neutral,13.06
1185,2021-05-25,0.04250422535211268,neutral,0.05
1186,2021-05-26,0.025512048192771093,neutral,4.51
1187,2021-05-27,0.1235775,positive,-2.84
1188,2021-05-28,0.08438701298701298,positive,-6.72
1189,2021-05-29,0.04709024390243902,neutral,-5.56
1190,2021-05-30,-0.0397575,neutral,4.77
1191,2021-05-31,-0.021903174603174605,neutral,7.35
1192,2021-06-01,0.09046707317073172,positive,-1.0
1193,2021-06-02,0.07662467532467533,positive,3.41
1194,2021-06-03,0.07833409090909091,positive,3.81
1195,2021-06-04,0.06750487804878048,positive,-7.15
1196,2021-06-05,0.09789473684210527,positive,-2.35
1197,2021-06-06,0.0873952380952381,positive,1.77
1198,2021-06-07,0.12955571428571427,positive,-7.48
1199,2021-06-08,0.09655833333333333,positive,-0.66
1200,2021-06-09,-0.004322500000000001,neutral,4.2
1201,2021-06-10,0.09086571428571429,positive,-4.8
1202,2021-06-11,0.05542253521126761,positive,-5.22
1203,2021-06-12,0.09600847457627118,positive,0.13
1204,2021-06-13,-0.0028950000000000017,neutral,6.01
1205,2021-06-14,0.07204268292682926,positive,2.76
1206,2021-06-15,0.09319428571428572,positive,-1.0
1207,2021-06-16,0.10284482758620689,positive,-4.8
1208,2021-06-17,-0.02473536585365854,neutral,0.65
1209,2021-06-18,0.027737500000000002,neutral,-6.18
1210,2021-06-19,-0.04861587301587302,neutral,-2.21
1211,2021-06-20,0.01507166666666667,neutral,1.72
1212,2021-06-21,-0.02339350649350649,neutral,-24.96
1213,2021-06-22,-0.017507865168539326,neutral,0.0
1214,2021-06-23,-0.014752325581395349,neutral,8.67
1215,2021-06-24,0.004188095238095243,neutral,3.7
1216,2021-06-25,0.04684883720930232,neutral,-9.88
1217,2021-06-26,-0.09827878787878787,negative,2.23
1218,2021-06-27,0.02886511627906977,neutral,5.87
1219,2021-06-28,0.08511585365853658,positive,1.8
1220,2021-06-29,0.12794756097560975,positive,4.42
1221,2021-06-30,-0.041552747252747255,neutral,0.67
1222,2021-07-01,0.0008800000000000002,neutral,-6.17
1223,2021-07-02,0.009753030303030307,neutral,1.43
1224,2021-07-03,0.008046753246753248,neutral,2.54
1225,2021-07-04,0.17573125,positive,2.87
1226,2021-07-05,0.02892857142857143,neutral,-4.55
1227,2021-07-06,0.017816455696202535,neutral,4.17
1228,2021-07-07,0.024226027397260274,neutral,-0.58
1229,2021-07-08,0.03988690476190476,neutral,-7.45
1230,2021-07-09,0.05730337078651686,positive,1.99
1231,2021-07-10,-0.17478666666666667,negative,-2.5
1232,2021-07-11,-0.01089,neutral,1.6
1233,2021-07-12,0.06648181818181818,positive,-3.71
1234,2021-07-13,0.05813563218390805,positive,-4.05
1235,2021-07-14,-0.01957906976744186,neutral,0.44
1236,2021-07-15,0.0851611111111111,positive,-4.98
1237,2021-07-16,0.03176103896103896,neutral,-5.09
1238,2021-07-17,0.031234146341463414,neutral,1.24
1239,2021-07-18,0.10634062500000001,positive,-0.75
1240,2021-07-19,0.052648192771084346,positive,-5.61
1241,2021-07-20,0.048796428571428574,neutral,-4.86
1242,2021-07-21,0.015828947368421057,neutral,11.18
1243,2021-07-22,0.04309,neutral,1.65
1244,2021-07-23,0.10567317073170732,positive,3.32
1245,2021-07-24,0.06136666666666666,positive,0.82
1246,2021-07-25,0.07796315789473685,positive,0.2
1247,2021-07-26,0.08596395348837209,positive,2.39
1248,2021-07-27,0.053973170731707314,positive,2.27
1249,2021-07-28,0.06986538461538461,positive,0.44
1250,2021-07-29,0.08515897435897436,positive,2.09
1251,2021-07-30,0.05630806451612903,positive,3.31
1252,2021-07-31,0.04817169811320754,neutral,2.05
1253,2021-08-01,-0.05658409090909091,negative,-2.18
1254,2021-08-02,0.08108636363636364,positive,-0.01
1255,2021-08-03,0.034135802469135806,neutral,-1.86
1256,2021-08-04,0.062409090909090914,positive,4.44
1257,2021-08-05,0.07672054794520548,positive,2.11
1258,2021-08-06,0.1461171052631579,positive,3.03
1259,2021-08-07,0.010913636363636368,neutral,8.56
1260,2021-08-08,0.14725892857142858,positive,-5.65
1261,2021-08-09,0.05713417721518987,positive,5.49
1262,2021-08-10,-0.05039473684210526,negative,1.94
1263,2021-08-11,0.08693095238095239,positive,3.72
1264,2021-08-12,0.03629041095890411,neutral,-1.99
1265,2021-08-13,0.027853846153846153,neutral,9.08
1266,2021-08-14,0.03807962962962964,neutral,-0.65
1267,2021-08-15,0.08093928571428573,positive,4.3
1268,2021-08-16,0.124716,positive,-0.92
1269,2021-08-17,0.07572048192771084,positive,-3.3
1270,2021-08-18,0.10771954022988507,positive,4.04
1271,2021-08-19,0.0801702380952381,positive,5.51
1272,2021-08-20,0.02515285714285714,neutral,5.51
1273,2021-08-21,-0.08753921568627451,negative,-0.88
1274,2021-08-22,0.015331578947368425,neutral,1.57
1275,2021-08-23,0.06585909090909091,positive,2.22
1276,2021-08-24,0.01791029411764706,neutral,-5.19
1277,2021-08-25,0.024206944444444448,neutral,-0.39
1278,2021-08-26,0.05054133333333334,positive,-6.52
1279,2021-08-27,-0.020477611940298505,neutral,9.37
1280,2021-08-28,0.044875409836065576,neutral,-0.91
1281,2021-08-29,0.107021875,positive,-1.58
1282,2021-08-30,0.009358333333333335,neutral,-2.98
1283,2021-08-31,0.09143205128205129,positive,1.89
1284,2021-09-01,-0.02974565217391304,neutral,5.65
1285,2021-09-02,0.05979459459459459,positive,2.12
1286,2021-09-03,0.07039878048780489,positive,2.48
1287,2021-09-04,0.05460227272727272,positive,1.27
1288,2021-09-05,0.12449024390243903,positive,2.61
1289,2021-09-06,0.05005131578947369,positive,-0.69
1290,2021-09-07,0.02926222222222222,neutral,-16.33
1291,2021-09-08,-0.03130821917808219,neutral,1.04
1292,2021-09-09,0.0022573170731707334,neutral,1.86
1293,2021-09-10,0.056783870967741935,positive,-2.59
1294,2021-09-11,-0.065422,negative,2.76
1295,2021-09-12,0.041815000000000005,neutral,1.76
1296,2021-09-13,0.0948604938271605,positive,-5.28
1297,2021-09-14,-0.01800493827160494,neutral,2.22
1298,2021-09-15,0.043918750000000006,neutral,4.4
1299,2021-09-16,0.06471954022988506,positive,1.45
1300,2021-09-17,0.04157857142857143,neutral,-2.01
1301,2021-09-18,0.1287544117647059,positive,0.57
1302,2021-09-19,0.10842857142857143,positive,-2.87
1303,2021-09-20,0.022157831325301202,neutral,-13.91
1304,2021-09-21,0.08217826086956521,positive,-5.12
1305,2021-09-22,-0.005263888888888892,neutral,11.63
1306,2021-09-23,0.06623294117647059,positive,1.82
1307,2021-09-24,0.07872298850574712,positive,-6.43
1308,2021-09-25,0.024625581395348838,neutral,-1.14
1309,2021-09-26,0.023235897435897438,neutral,1.39
1310,2021-09-27,0.08523614457831326,positive,-3.08
1311,2021-09-28,0.03246190476190477,neutral,-2.79
1312,2021-09-29,0.13120864197530865,positive,2.14
1313,2021-09-30,0.07297341772151898,positive,3.39
1314,2021-10-01,0.07545238095238095,positive,8.11
1315,2021-10-02,0.08727719298245615,positive,1.34
1316,2021-10-03,0.12223589743589744,positive,1.62
1317,2021-10-04,0.025109859154929578,neutral,2.61
1318,2021-10-05,0.09522666666666665,positive,4.11
1319,2021-10-06,0.07896470588235295,positive,2.86
1320,2021-10-07,0.081735,positive,-2.11
1321,2021-10-08,0.03887500000000001,neutral,1.59
1322,2021-10-09,0.05255,positive,0.56
1323,2021-10-10,0.18734545454545454,positive,-4.78
1324,2021-10-11,0.0641186046511628,positive,2.14
1325,2021-10-12,0.1729011235955056,positive,-1.97
1326,2021-10-13,0.08251758241758242,positive,1.93
1327,2021-10-14,0.04326744186046512,neutral,1.2
1328,2021-10-15,0.1637308823529412,positive,3.48
1329,2021-10-16,0.1384923076923077,positive,-0.65
1330,2021-10-17,0.038895348837209305,neutral,-0.23
1331,2021-10-18,0.15331704545454547,positive,0.24
1332,2021-10-19,0.07149090909090909,positive,0.72
1333,2021-10-20,-0.008520731707317071,neutral,5.46
1334,2021-10-21,0.11031604938271607,positive,-2.4
1335,2021-10-22,0.05692093023255814,positive,0.34
1336,2021-10-23,0.03812909090909091,neutral,4.18
1337,2021-10-24,0.12169272727272727,positive,-0.09
1338,2021-10-25,0.12186704545454545,positive,4.24
1339,2021-10-26,0.07426344086021505,positive,-0.17
1340,2021-10-27,0.08032777777777778,positive,-2.64
1341,2021-10-28,0.11244069767441861,positive,5.68
1342,2021-10-29,0.03636931818181819,neutral,1.44
1343,2021-10-30,-0.01613235294117647,neutral,-4.67
1344,2021-10-31,0.07500806451612903,positive,1.65
1345,2021-11-01,0.18286129032258064,positive,0.74
1346,2021-11-02,0.13412528735632184,positive,2.61
1347,2021-11-03,0.017111627906976744,neutral,0.71
1348,2021-11-04,0.05179569892473118,positive,-2.93
1349,2021-11-05,0.07206931818181818,positive,0.33
1350,2021-11-06,0.03066363636363636,neutral,0.74
1351,2021-11-07,0.10635921052631578,positive,1.44
1352,2021-11-08,0.041538202247191014,neutral,3.66
1353,2021-11-09,0.03708854166666666,neutral,-0.04
1354,2021-11-10,-0.0013538461538461523,neutral,-4.47
1355,2021-11-11,0.05787272727272728,positive,2.13
1356,2021-11-12,0.009362162162162168,neutral,-2.88
1357,2021-11-13,0.05877916666666667,positive,2.27
1358,2021-11-14,0.05650638297872341,positive,0.7
1359,2021-11-15,0.12714597701149424,positive,-2.06
1360,2021-11-16,0.11455517241379311,positive,-7.82
1361,2021-11-17,0.06366428571428571,positive,1.7
1362,2021-11-18,0.10457812500000001,positive,-8.86
1363,2021-11-19,0.028149473684210526,neutral,6.91
1364,2021-11-20,0.14655857142857143,positive,2.92
1365,2021-11-21,0.11582833333333334,positive,-2.23
1366,2021-11-22,-0.02448085106382979,neutral,-3.06
1367,2021-11-23,0.00753846153846154,neutral,2.03
1368,2021-11-24,0.06018333333333333,positive,-5.04
1369,2021-11-25,0.1068054347826087,positive,4.8
1370,2021-11-26,0.029800000000000004,neutral,-11.68
1371,2021-11-27,-0.010298360655737703,neutral,1.47
1372,2021-11-28,0.04531940298507463,neutral,2.21
1373,2021-11-29,0.10635662650602411,positive,4.47
1374,2021-11-30,0.04597701149425287,neutral,0.94
1375,2021-12-01,0.05611511627906977,positive,0.78
1376,2021-12-02,0.10839333333333333,positive,0.33
1377,2021-12-03,0.1333272727272727,positive,-5.6
1378,2021-12-04,0.041553703703703704,neutral,-11.22
1379,2021-12-05,0.06523382352941176,positive,-2.0
1380,2021-12-06,0.0863046511627907,positive,3.74
1381,2021-12-07,0.03090344827586207,neutral,-1.04
1382,2021-12-08,0.10637978723404257,positive,2.65
1383,2021-12-09,0.026770114942528733,neutral,-9.17
1384,2021-12-10,0.10544505494505493,positive,-4.15
1385,2021-12-11,0.040952380952380955,neutral,4.64
1386,2021-12-12,-0.043550000000000005,neutral,0.99
1387,2021-12-13,0.09796483516483516,positive,-10.65
1388,2021-12-14,0.07916666666666666,positive,5.83
1389,2021-12-15,0.018421978021978022,neutral,3.84
1390,2021-12-16,0.10401111111111112,positive,-3.33
1391,2021-12-17,0.028349411764705883,neutral,-0.09
1392,2021-12-18,0.011813750000000001,neutral,2.82
1393,2021-12-19,0.0603967213114754,positive,-1.61
1394,2021-12-20,0.0385632183908046,neutral,-0.51
1395,2021-12-21,0.058783870967741944,positive,4.27
1396,2021-12-22,0.0960551724137931,positive,1.61
1397,2021-12-23,0.08056516853932584,positive,6.61
1398,2021-12-24,0.07418064516129032,positive,-3.3
1399,2021-12-25,0.09794782608695653,positive,1.68
1400,2021-12-26,0.012795918367346934,neutral,1.63
1401,2021-12-27,0.055091489361702134,positive,-0.11
1402,2021-12-28,0.020889690721649486,neutral,-7.86
1403,2021-12-29,0.10161910112359551,positive,-3.49
1404,2021-12-30,0.09482134831460674,positive,1.6
1405,2021-12-31,0.04245164835164835,neutral,-1.01
1406,2022-01-01,0.07216774193548388,positive,3.19
1407,2022-01-02,0.007463492063492066,neutral,0.31
1408,2022-01-03,0.03760705882352941,neutral,-2.82
1409,2022-01-04,0.07591648351648352,positive,-1.62
1410,2022-01-05,0.004697916666666667,neutral,-6.99
1411,2022-01-06,0.013543010752688173,neutral,-0.04
1412,2022-01-07,0.019996052631578946,neutral,-6.7
1413,2022-01-08,-0.008395384615384614,neutral,-2.23
1414,2022-01-09,-0.021745762711864406,neutral,2.1
1415,2022-01-10,0.09256521739130434,positive,-3.67
1416,2022-01-11,0.04763736263736264,neutral,5.33
1417,2022-01-12,0.06622087912087912,positive,5.86
1418,2022-01-13,0.04369651162790698,neutral,-4.06
1419,2022-01-14,0.10924239130434783,positive,2.99
1420,2022-01-15,0.17185584415584418,positive,1.18
1421,2022-01-16,0.0946109375,positive,0.88
1422,2022-01-17,-0.006894117647058815,neutral,-2.52
1423,2022-01-18,0.0820901098901099,positive,-3.27
1424,2022-01-19,0.027441304347826087,neutral,-3.78
1425,2022-01-20,0.08574494382022473,positive,-4.46
1426,2022-01-21,-0.08178924731182795,negative,-14.52
1427,2022-01-22,0.034557333333333336,neutral,-9.0
1428,2022-01-23,-0.005437704918032785,neutral,5.15
1429,2022-01-24,-0.010250549450549453,neutral,-4.48
1430,2022-01-25,0.05854631578947369,positive,1.27
1431,2022-01-26,0.06941612903225806,positive,-0.15
1432,2022-01-27,0.06499666666666667,positive,-1.15
1433,2022-01-28,0.08375473684210526,positive,2.28
1434,2022-01-29,0.0202640625,neutral,2.56
1435,2022-01-30,0.07598793103448276,positive,-2.81
1436,2022-01-31,-0.09437173913043478,negative,2.99
1437,2022-02-01,0.05161460674157303,positive,2.34
1438,2022-02-02,0.05974,positive,-5.96
1439,2022-02-03,0.05263333333333334,positive,0.94
1440,2022-02-04,0.03858229166666667,neutral,8.58
1441,2022-02-05,0.14010135135135135,positive,0.16
1442,2022-02-06,0.19963703703703703,positive,4.48
1443,2022-02-07,0.13086627906976744,positive,6.31
1444,2022-02-08,0.07489887640449439,positive,-2.18
1445,2022-02-09,0.048019540229885055,neutral,2.98
1446,2022-02-10,0.035567346938775515,neutral,-4.94
1447,2022-02-11,0.05561595744680851,positive,-7.28
1448,2022-02-12,0.11317126436781609,positive,-0.27
1449,2022-02-13,0.058847222222222224,positive,-1.15
1450,2022-02-14,0.04366521739130435,neutral,1.01
1451,2022-02-15,0.05532105263157895,positive,7.23
1452,2022-02-16,0.07117551020408164,positive,-1.74
1453,2022-02-17,0.06914444444444444,positive,-8.46
1454,2022-02-18,0.02037613636363636,neutral,-2.6
1455,2022-02-19,0.06882537313432836,positive,0.42
1456,2022-02-20,-0.03865999999999999,neutral,-5.82
1457,2022-02-21,0.0870816091954023,positive,-7.19
1458,2022-02-22,0.03931368421052632,neutral,3.73
1459,2022-02-23,0.011774193548387098,neutral,-1.96
1460,2022-02-24,-0.012776595744680852,neutral,0.46
1461,2022-02-25,0.04606933333333333,neutral,4.63
1462,2022-02-26,0.03374126984126984,neutral,-1.03
1463,2022-02-27,0.050707462686567166,positive,-3.83
1464,2022-02-28,0.03555888888888888,neutral,10.36
1465,2022-03-01,0.09873645833333333,positive,0.88
1466,2022-03-02,0.1303043010752688,positive,-1.64
1467,2022-03-03,0.07313368421052632,positive,-3.62
1468,2022-03-04,0.03610470588235294,neutral,-7.42
1469,2022-03-05,0.07730769230769231,positive,2.17
1470,2022-03-06,0.041056896551724134,neutral,-4.77
1471,2022-03-07,0.04551979166666667,neutral,-2.34
1472,2022-03-08,0.026456842105263157,neutral,1.89
1473,2022-03-09,0.07351666666666667,positive,5.25
1474,2022-03-10,0.06792967032967033,positive,-5.18
1475,2022-03-11,0.02862022471910112,neutral,-1.89
1476,2022-03-12,0.049875342465753425,neutral,0.08
1477,2022-03-13,-0.018938596491228067,neutral,-2.75
1478,2022-03-14,0.04981770833333333,neutral,2.61
1479,2022-03-15,0.03724148936170213,neutral,0.34
1480,2022-03-16,0.08228924731182795,positive,4.94
1481,2022-03-17,0.13105168539325843,positive,0.36
1482,2022-03-18,0.10029484536082474,positive,2.97
1483,2022-03-19,0.05194831460674156,positive,3.26
1484,2022-03-20,0.14866588235294118,positive,-3.71
1485,2022-03-21,0.1139378947368421,positive,0.75
1486,2022-03-22,0.04376631578947368,neutral,2.83
1487,2022-03-23,0.07968659793814434,positive,3.73
1488,2022-03-24,0.12012934782608696,positive,3.71
1489,2022-03-25,0.07336494845360825,positive,-2.55
1490,2022-03-26,0.06344358974358974,positive,2.12
1491,2022-03-27,0.1370140625,positive,4.72
1492,2022-03-28,0.011206382978723412,neutral,-0.76
1493,2022-03-29,0.04699021739130435,neutral,2.37
1494,2022-03-30,0.05648631578947368,positive,1.31
1495,2022-03-31,0.02452765957446808,neutral,-3.01
1496,2022-04-01,0.03107727272727273,neutral,2.81
1497,2022-04-02,0.005379347826086955,neutral,-0.97
1498,2022-04-03,0.058841333333333336,positive,2.76
1499,2022-04-04,0.042592473118279565,neutral,-1.19
1500,2022-04-05,0.06293510638297872,positive,-1.3
1501,2022-04-06,0.017675531914893617,neutral,-10.7
1502,2022-04-07,0.07221546391752577,positive,2.98
1503,2022-04-08,0.07165154639175257,positive,-4.49
1504,2022-04-09,0.06359032258064516,positive,2.01
1505,2022-04-10,0.09546307692307691,positive,-1.53
1506,2022-04-11,0.004308602150537638,neutral,-9.17
1507,2022-04-12,0.042923655913978495,neutral,4.34
1508,2022-04-13,0.0054698924731182786,neutral,2.59
1509,2022-04-14,0.029594444444444444,neutral,-2.89
1510,2022-04-15,0.047679591836734696,neutral,1.56
1511,2022-04-16,0.008005128205128205,neutral,-0.11
1512,2022-04-17,0.10496913580246912,positive,-3.38
1513,2022-04-18,0.05540208333333333,positive,2.5
1514,2022-04-19,0.020025842696629215,neutral,2.07
1515,2022-04-20,0.08542967032967033,positive,-1.68
1516,2022-04-21,0.1256408163265306,positive,-3.46
1517,2022-04-22,0.029426595744680848,neutral,-0.52
1518,2022-04-23,0.07293950617283951,positive,-1.06
1519,2022-04-24,0.055082758620689655,positive,-1.03
1520,2022-04-25,0.054751020408163265,positive,2.94
1521,2022-04-26,0.09276804123711341,positive,-7.8
1522,2022-04-27,0.07168787878787879,positive,2.08
1523,2022-04-28,0.10585252525252525,positive,-0.43
1524,2022-04-29,0.1062314606741573,positive,-4.68
1525,2022-04-30,0.05608271604938272,positive,-7.8
1526,2022-05-01,0.10778153846153846,positive,4.33
1527,2022-05-02,0.05500736842105264,positive,-0.92
1528,2022-05-03,0.0058164705882352945,neutral,-1.45
1529,2022-05-04,0.04425416666666667,neutral,8.32
1530,2022-05-05,0.05520101010101009,positive,-9.45
1531,2022-05-06,0.10969361702127658,positive,-1.2
1532,2022-05-07,0.015998780487804874,neutral,-2.87
1533,2022-05-08,0.006905882352941181,neutral,-3.59
1534,2022-05-09,-0.019549999999999998,neutral,-21.24
1535,2022-05-10,0.01765,neutral,6.16
1536,2022-05-11,-0.017463917525773195,neutral,-25.47
1537,2022-05-12,-0.01456881720430107,neutral,-6.73
1538,2022-05-13,0.07227368421052631,positive,7.56
1539,2022-05-14,-0.050970786516853925,negative,2.3
1540,2022-05-15,0.10665194805194807,positive,6.08
1541,2022-05-16,-0.0198,neutral,-7.92
1542,2022-05-17,-0.007630526315789471,neutral,4.94
1543,2022-05-18,0.04487272727272727,neutral,-11.65
1544,2022-05-19,0.021421649484536082,neutral,4.88
1545,2022-05-20,0.05539052631578947,positive,-3.76
1546,2022-05-21,-0.015887804878048778,neutral,1.8
1547,2022-05-22,0.027729761904761903,neutral,3.3
1548,2022-05-23,0.11115670103092783,positive,-4.1
1549,2022-05-24,0.06871276595744681,positive,1.01
1550,2022-05-25,0.11527752808988763,positive,-2.15
1551,2022-05-26,0.01237291666666667,neutral,-8.88
1552,2022-05-27,0.08938617021276596,positive,-2.92
1553,2022-05-28,0.07607142857142857,positive,3.65
1554,2022-05-29,0.07182388059701492,positive,2.26
1555,2022-05-30,0.062132258064516124,positive,8.32
1556,2022-05-31,-0.009828421052631575,neutral,-0.71
1557,2022-06-01,0.08529677419354839,positive,-9.67
1558,2022-06-02,0.045059999999999996,neutral,2.86
1559,2022-06-03,0.12545274725274724,positive,-4.42
1560,2022-06-04,0.015438750000000001,neutral,1.83
1561,2022-06-05,0.009968354430379748,neutral,-0.53
1562,2022-06-06,0.04303157894736842,neutral,4.7
1563,2022-06-07,-0.03991914893617021,neutral,-2.82
1564,2022-06-08,0.08291684210526316,positive,-1.3
1565,2022-06-09,0.06742043010752688,positive,0.53
1566,2022-06-10,0.062372448979591835,positive,-7.02
1567,2022-06-11,-0.03244086021505376,neutral,-7.98
1568,2022-06-12,-0.03476172839506173,neutral,-9.74
1569,2022-06-13,-0.018440816326530614,neutral,-11.74
1570,2022-06-14,-0.01577448979591837,neutral,2.0
1571,2022-06-15,0.019031578947368424,neutral,8.46
1572,2022-06-16,0.041287234042553196,neutral,-13.84
1573,2022-06-17,-0.02826530612244898,neutral,2.58
1574,2022-06-18,-0.028802298850574715,neutral,-6.64
1575,2022-06-19,-0.006648192771084341,neutral,9.55
1576,2022-06-20,-0.002316666666666667,neutral,1.16
1577,2022-06-21,0.07433978494623657,positive,4.88
1578,2022-06-22,0.01879489795918368,neutral,-3.5
1579,2022-06-23,0.04439318181818182,neutral,8.75
1580,2022-06-24,0.02105473684210527,neutral,4.45
1581,2022-06-25,0.04447971014492754,neutral,2.47
1582,2022-06-26,0.14299736842105265,positive,-3.63
1583,2022-06-27,0.0671211111111111,positive,-1.88
1584,2022-06-28,0.0006315217391304353,neutral,-6.5
1585,2022-06-29,0.05203723404255319,positive,-0.09
1586,2022-06-30,0.0265978494623656,neutral,-1.8
1587,2022-07-01,0.019309278350515463,neutral,-3.19
1588,2022-07-02,0.048916,neutral,1.16
1589,2022-07-03,-0.005271666666666663,neutral,-0.48
1590,2022-07-04,0.00692680412371134,neutral,5.67
1591,2022-07-05,-0.0004999999999999993,neutral,-1.41
1592,2022-07-06,0.040688,neutral,2.55
1593,2022-07-07,0.060030851063829785,positive,4.84
1594,2022-07-08,0.034617441860465115,neutral,-0.42
1595,2022-07-09,-0.06885512820512821,negative,2.05
1596,2022-07-10,0.035433766233766234,neutral,-3.61
1597,2022-07-11,0.02102857142857143,neutral,-7.64
1598,2022-07-12,0.03339893617021277,neutral,-3.48
1599,2022-07-13,0.02796464646464647,neutral,7.38
1600,2022-07-14,0.04763052631578947,neutral,4.72
1601,2022-07-15,0.0934191489361702,positive,0.26
1602,2022-07-16,0.01913333333333334,neutral,5.09
1603,2022-07-17,0.08357555555555556,positive,-1.81
1604,2022-07-18,0.10137395833333333,positive,10.55
1605,2022-07-19,0.03976060606060606,neutral,1.17
1606,2022-07-20,0.030397872340425534,neutral,-3.87
1607,2022-07-21,0.016209374999999998,neutral,2.82
1608,2022-07-22,0.04924489795918368,neutral,-4.1
1609,2022-07-23,0.03795595238095238,neutral,0.85
1610,2022-07-24,-0.019773863636363638,neutral,1.33
1611,2022-07-25,0.06793505154639175,positive,-9.31
1612,2022-07-26,0.082737,positive,-0.47
1613,2022-07-27,0.05559368421052631,positive,9.98
1614,2022-07-28,0.08861546391752578,positive,4.86
1615,2022-07-29,0.12750515463917525,positive,-0.76
1616,2022-07-30,0.03702222222222223,neutral,0.01
1617,2022-07-31,0.08257222222222221,positive,-2.13
1618,2022-08-01,0.13220707070707072,positive,-0.78
1619,2022-08-02,0.02560618556701031,neutral,-2.24
1620,2022-08-03,0.073259,positive,0.52
1621,2022-08-04,0.032626190476190475,neutral,0.45
1622,2022-08-05,0.06282857142857143,positive,4.07
1623,2022-08-06,0.023275,neutral,-1.05
1624,2022-08-07,0.11477752808988763,positive,1.21
1625,2022-08-08,0.017801960784313727,neutral,2.04
1626,2022-08-09,0.00807722772277228,neutral,-3.55
1627,2022-08-10,0.04332857142857143,neutral,5.04
1628,2022-08-11,0.03588762886597939,neutral,-0.71
1629,2022-08-12,0.010715463917525772,neutral,2.74
1630,2022-08-13,0.07705652173913044,positive,1.48
1631,2022-08-14,0.034044827586206895,neutral,2.25
1632,2022-08-15,0.012130927835051547,neutral,-4.16
1633,2022-08-16,0.07173163265306122,positive,0.74
1634,2022-08-17,0.0254375,neutral,-4.73
1635,2022-08-18,0.023934375000000004,neutral,-3.95
1636,2022-08-19,-0.00963469387755102,neutral,-10.31
1637,2022-08-20,0.06309186046511628,positive,0.15
1638,2022-08-21,0.041420779220779226,neutral,2.73
1639,2022-08-22,-0.038463000000000004,neutral,-1.07
1640,2022-08-23,0.1099516129032258,positive,1.49
1641,2022-08-24,0.016679591836734693,neutral,-1.53
1642,2022-08-25,0.055831250000000006,positive,1.4
1643,2022-08-26,0.004018556701030927,neutral,-9.83
1644,2022-08-27,-0.03422941176470588,neutral,-0.01
1645,2022-08-28,-0.017373863636363635,neutral,-3.74
1646,2022-08-29,-0.01761595744680851,neutral,5.38
1647,2022-08-30,-0.031345744680851065,neutral,-2.03
1648,2022-08-31,0.019066326530612247,neutral,0.2
1649,2022-09-01,0.07020515463917526,positive,2.45
1650,2022-09-02,0.08350408163265306,positive,-0.23
1651,2022-09-03,-0.008353333333333334,neutral,0.52
1652,2022-09-04,0.026377631578947364,neutral,2.04
1653,2022-09-05,0.042134736842105266,neutral,-0.07
1654,2022-09-06,0.06097578947368421,positive,-7.22
1655,2022-09-07,0.011980612244897961,neutral,3.84
1656,2022-09-08,0.1198848484848485,positive,0.66
1657,2022-09-09,0.08667021276595745,positive,5.38
1658,2022-09-10,0.0697345238095238,positive,1.92
1659,2022-09-11,0.04096739130434783,neutral,-0.86
1660,2022-09-12,0.08231030927835051,positive,1.23
1661,2022-09-13,0.03645204081632653,neutral,-9.28
1662,2022-09-14,0.005645652173913043,neutral,2.2
1663,2022-09-15,0.111159,positive,-5.05
1664,2022-09-16,0.05778163265306123,positive,-0.6
1665,2022-09-17,0.023079775280898877,neutral,2.76
1666,2022-09-18,-0.032035714285714285,neutral,-9.13
1667,2022-09-19,-0.052712631578947365,negative,2.02
1668,2022-09-20,0.06135106382978723,positive,-3.13
1669,2022-09-21,0.08798958333333333,positive,-2.22
1670,2022-09-22,0.11771134020618558,positive,5.37
1671,2022-09-23,0.09707311827956988,positive,2.28
1672,2022-09-24,0.1160139534883721,positive,-1.56
1673,2022-09-25,0.04646966292134831,neutral,-1.94
1674,2022-09-26,0.06523571428571429,positive,2.06
1675,2022-09-27,0.0319795918367347,neutral,-0.58
1676,2022-09-28,0.08188979591836734,positive,0.75
1677,2022-09-29,0.09450833333333332,positive,0.57
1678,2022-09-30,0.029668478260869567,neutral,0.02
1679,2022-10-01,0.019752873563218393,neutral,-1.38
1680,2022-10-02,0.05342,positive,-1.94
1681,2022-10-03,0.10118659793814434,positive,3.3
1682,2022-10-04,0.07373229166666667,positive,3.21
1683,2022-10-05,0.03705,neutral,-0.32
1684,2022-10-06,0.06578673469387755,positive,-1.33
1685,2022-10-07,0.05944639175257732,positive,-1.22
1686,2022-10-08,0.056240229885057474,positive,-1.27
1687,2022-10-09,0.14421139240506328,positive,0.88
1688,2022-10-10,0.07673917525773197,positive,-3.74
1689,2022-10-11,0.057860606060606064,positive,-1.83
1690,2022-10-12,0.05868383838383838,positive,-0.08
1691,2022-10-13,-0.005451000000000001,neutral,-0.47
1692,2022-10-14,0.03984242424242424,neutral,-0.32
1693,2022-10-15,-0.03161428571428572,neutral,-1.19
1694,2022-10-16,0.03677789473684211,neutral,1.43
1695,2022-10-17,0.062114736842105264,positive,2.43
1696,2022-10-18,0.05688453608247423,positive,-0.99
1697,2022-10-19,0.04105729166666667,neutral,-2.49
1698,2022-10-20,-0.019910204081632653,neutral,-1.58
1699,2022-10-21,0.028431632653061232,neutral,1.2
1700,2022-10-22,0.08091530612244899,positive,0.39
1701,2022-10-23,0.10885119047619048,positive,3.3
1702,2022-10-24,0.08302268041237114,positive,-2.05
1703,2022-10-25,0.021227551020408165,neutral,6.0
1704,2022-10-26,0.04034835164835165,neutral,3.75
1705,2022-10-27,0.09565102040816327,positive,-1.37
1706,2022-10-28,0.029216326530612246,neutral,4.35
1707,2022-10-29,0.04686382978723404,neutral,5.69
1708,2022-10-30,0.147896,positive,-2.64
1709,2022-10-31,0.08644347826086957,positive,1.32
1710,2022-11-01,0.10197346938775512,positive,0.78
1711,2022-11-02,0.1000237113402062,positive,-2.94
1712,2022-11-03,0.06103979591836734,positive,0.57
1713,2022-11-04,0.025559595959595963,neutral,7.92
1714,2022-11-05,0.030525,neutral,1.38
1715,2022-11-06,0.035486666666666666,neutral,-6.07
1716,2022-11-07,0.018602061855670104,neutral,-0.77
1717,2022-11-08,0.007738383838383843,neutral,-16.69
1718,2022-11-09,-0.019578494623655917,neutral,-25.47
1719,2022-11-10,0.005913402061855669,neutral,16.4
1720,2022-11-11,-0.031690721649484534,neutral,-3.09
1721,2022-11-12,0.006728571428571433,neutral,-5.33
1722,2022-11-13,-0.08570109890109891,negative,-3.58
1723,2022-11-14,-0.03346938775510204,neutral,1.94
1724,2022-11-15,-0.0253421052631579,neutral,2.02
1725,2022-11-16,0.046524742268041236,neutral,-2.34
1726,2022-11-17,0.047969148936170214,neutral,-0.98
1727,2022-11-18,0.01100105263157895,neutral,0.25
1728,2022-11-19,0.014900000000000005,neutral,-0.29
1729,2022-11-20,0.011828571428571428,neutral,-5.68
1730,2022-11-21,0.01995858585858586,neutral,-3.02
1731,2022-11-22,-0.04988041237113402,neutral,4.91
1732,2022-11-23,0.022090721649484533,neutral,4.88
1733,2022-11-24,0.0775,positive,-0.15
1734,2022-11-25,0.026049473684210525,neutral,-0.29
1735,2022-11-26,0.020882926829268296,neutral,0.16
1736,2022-11-27,0.058176543209876544,positive,0.85
1737,2022-11-28,0.025097979797979796,neutral,-2.64
1738,2022-11-29,0.07759583333333334,positive,2.02
1739,2022-11-30,-0.017387755102040818,neutral,5.37
1740,2022-12-01,0.004834343434343438,neutral,-2.06
1741,2022-12-02,0.006148979591836737,neutral,2.28
1742,2022-12-03,0.060347435897435894,positive,-2.45
1743,2022-12-04,0.03063775510204082,neutral,2.3
1744,2022-12-05,0.05104795918367347,positive,-0.54
1745,2022-12-06,0.013918000000000003,neutral,0.3
1746,2022-12-07,0.09116969696969697,positive,-3.23
1747,2022-12-08,-0.006337755102040813,neutral,2.21
1748,2022-12-09,0.006227083333333335,neutral,-1.02
1749,2022-12-10,0.07506455696202533,positive,-0.17
1750,2022-12-11,0.05998625,positive,-1.58
1751,2022-12-12,0.013074489795918368,neutral,-0.19
1752,2022-12-13,0.10918673469387756,positive,2.69
1753,2022-12-14,0.05345979381443299,positive,-1.49
1754,2022-12-15,0.0020175257731958763,neutral,-2.67
1755,2022-12-16,-0.02063298969072165,neutral,-10.22
1756,2022-12-17,0.03836923076923077,neutral,1.52
1757,2022-12-18,-0.007341379310344828,neutral,-0.29
1758,2022-12-19,0.08998541666666666,positive,-4.32
1759,2022-12-20,0.07090306122448979,positive,3.65
1760,2022-12-21,0.05847272727272727,positive,-1.2
1761,2022-12-22,0.08255499999999999,positive,0.74
1762,2022-12-23,0.059890721649484537,positive,-0.27
1763,2022-12-24,0.1406764705882353,positive,-0.33
1764,2022-12-25,0.07574712643678161,positive,0.04
1765,2022-12-26,-0.005309090909090908,neutral,0.91
1766,2022-12-27,0.0640701030927835,positive,-1.6
1767,2022-12-28,0.08730309278350515,positive,-4.45
1768,2022-12-29,-0.034821276595744674,neutral,0.17
1769,2022-12-30,-0.043865656565656566,neutral,-0.24
1770,2022-12-31,0.06249789473684211,positive,0.72
1771,2023-01-01,0.09326976744186047,positive,0.6
1772,2023-01-02,0.06445368421052632,positive,2.94
1773,2023-01-03,0.10097113402061855,positive,1.62
1774,2023-01-04,0.03670918367346939,neutral,2.87
1775,2023-01-05,-0.003783838383838381,neutral,-1.19
1776,2023-01-06,0.0473010101010101,neutral,1.46
1777,2023-01-07,0.07366444444444445,positive,-0.53
1778,2023-01-08,0.08952934782608697,positive,3.66
1779,2023-01-09,0.042971717171717175,neutral,3.13
1780,2023-01-10,0.04136494845360824,neutral,1.85
1781,2023-01-11,0.061388,positive,3.62
1782,2023-01-12,0.04666565656565657,neutral,2.28
1783,2023-01-13,0.11464536082474226,positive,4.1
1784,2023-01-14,0.11206979166666665,positive,6.21
1785,2023-01-15,0.082359793814433,positive,-0.9
1786,2023-01-16,0.08520104166666666,positive,0.21
1787,2023-01-17,0.02256868686868687,neutral,-0.85
1788,2023-01-18,0.04583505154639175,neutral,-4.44
1789,2023-01-19,0.08468500000000001,positive,2.4
1790,2023-01-20,0.09460612244897959,positive,7.65
1791,2023-01-21,0.04555869565217391,neutral,-1.92
1792,2023-01-22,0.06686354166666666,positive,1.18
1793,2023-01-23,0.06303900000000001,positive,0.49
1794,2023-01-24,0.06683636363636364,positive,-4.96
1795,2023-01-25,0.071378125,positive,3.85
1796,2023-01-26,0.08683232323232325,positive,1.29
1797,2023-01-27,0.0492,neutral,2.63
1798,2023-01-28,0.06114591836734694,positive,-1.17
1799,2023-01-29,0.05520777777777778,positive,3.88
1800,2023-01-30,0.04339494949494949,neutral,-5.6
1801,2023-01-31,0.0359,neutral,2.33
1802,2023-02-01,0.09380102040816328,positive,3.33
1803,2023-02-02,0.08589896907216495,positive,-0.27
1804,2023-02-03,0.035017,neutral,1.68
1805,2023-02-04,0.02530824742268041,neutral,1.31
1806,2023-02-05,0.122428,positive,-3.14
1807,2023-02-06,0.06786091954022988,positive,-2.03
1808,2023-02-07,0.11989775280898876,positive,4.18
1809,2023-02-08,0.07059111111111112,positive,-1.86
1810,2023-02-09,0.049064044943820224,neutral,-9.18
1811,2023-02-10,-0.008637362637362632,neutral,0.01
1812,2023-02-11,0.011696296296296297,neutral,1.66
1813,2023-02-12,-0.005297435897435896,neutral,-0.69
1814,2023-02-13,0.030995555555555557,neutral,-1.63
1815,2023-02-14,0.0516639175257732,positive,3.98
1816,2023-02-15,0.13805054945054945,positive,7.15
1817,2023-02-16,0.09138404255319149,positive,-5.04
1818,2023-02-17,0.029751685393258433,neutral,4.29
1819,2023-02-18,0.035212820512820514,neutral,0.36
1820,2023-02-19,0.08491333333333334,positive,0.24
1821,2023-02-20,0.0977,positive,1.83
1822,2023-02-21,0.04051684210526316,neutral,-3.17
1823,2023-02-22,0.04887010309278351,neutral,-0.85
1824,2023-02-23,0.09960531914893617,positive,-1.15
1825,2023-02-24,0.08420105263157895,positive,-4.62
1826,2023-02-25,0.0615875,positive,-1.14
1827,2023-02-26,0.08589193548387097,positive,2.44
1828,2023-02-27,0.10210588235294117,positive,-2.2
1829,2023-02-28,0.11188333333333333,positive,-2.16
1830,2023-03-01,0.13006376811594203,positive,3.34
1831,2023-03-02,0.1413217391304348,positive,-2.27
1832,2023-03-03,0.04332285714285714,neutral,-4.36
1833,2023-03-04,0.050868852459016387,positive,-2.43
1834,2023-03-05,0.1016453125,positive,0.66
1835,2023-03-06,0.06142647058823529,positive,-0.73
1836,2023-03-07,0.049406250000000006,neutral,0.0
1837,2023-03-08,-0.07448,negative,-4.2
1838,2023-03-09,-0.020809999999999995,neutral,-7.7
