begins_at,vader_prediction,sentiment
2018-02-25,0.010649999999999993,neutral
2018-02-26,-0.05151111111111112,negative
2018-02-27,-0.0625,negative
2018-02-28,0.05508,positive
2018-03-01,-0.09465,negative
2018-03-02,0.09367999999999999,positive
2018-03-03,0.013175,neutral
2018-03-04,0.06141666666666667,positive
2018-03-05,-0.11578000000000002,negative
2018-03-06,-0.19965,negative
2018-03-07,-0.1336,negative
2018-03-08,-0.0034800000000000052,neutral
2018-03-09,-0.15671,negative
2018-03-10,-0.1909,negative
2018-03-11,-0.07333999999999999,negative
2018-03-12,-0.17714,negative
2018-03-13,0.12105000000000002,positive
2018-03-14,-0.08441111111111112,negative
2018-03-15,-0.015380000000000005,neutral
2018-03-16,0.16958,positive
2018-03-17,-0.01113333333333334,neutral
2018-03-18,-0.015537500000000003,neutral
2018-03-19,-0.02063,neutral
2018-03-20,-0.14139,negative
2018-03-21,-0.14491,negative
2018-03-22,-0.09332,negative
2018-03-23,-0.06886,negative
2018-03-24,-0.019199999999999995,neutral
2018-03-25,0.010049999999999995,neutral
2018-03-26,0.13045555555555555,positive
2018-03-27,-0.02422,neutral
2018-03-28,-0.049080000000000006,neutral
2018-03-29,-0.14911,negative
2018-03-30,-0.11547142857142859,negative
2018-03-31,0.12040000000000001,positive
2018-04-01,0.14792,positive
2018-04-02,0.11457000000000002,positive
2018-04-03,-0.03634999999999999,neutral
2018-04-04,0.04046,neutral
2018-04-05,0.0013400000000000022,neutral
2018-04-06,-0.12122,negative
2018-04-07,0.18781428571428574,positive
2018-04-08,0.06328571428571429,positive
2018-04-09,0.05452,positive
2018-04-10,-0.06776666666666667,negative
2018-04-11,-0.06871000000000001,negative
2018-04-12,0.014469999999999993,neutral
2018-04-13,0.08115555555555555,positive
2018-04-14,-0.06824,negative
2018-04-15,0.0407,neutral
2018-04-16,-0.20333,negative
2018-04-17,0.08027,positive
2018-04-18,-0.030550000000000004,neutral
2018-04-19,-0.07626,negative
2018-04-20,-0.062039999999999984,negative
2018-04-21,-0.0538625,negative
2018-04-22,0.02965,neutral
2018-04-23,0.023470000000000008,neutral
2018-04-24,-0.32082,negative
2018-04-25,0.07993,positive
2018-04-26,0.0020100000000000005,neutral
2018-04-27,0.15325,positive
2018-04-28,0.12237142857142858,positive
2018-04-29,0.051699999999999996,positive
2018-04-30,-0.0432,neutral
2018-05-01,0.03413333333333334,neutral
2018-05-02,0.07783,positive
2018-05-03,-0.07813,negative
2018-05-04,0.03673,neutral
2018-05-05,0.14996,positive
2018-05-06,-0.09866666666666667,negative
2018-05-07,0.061509999999999995,positive
2018-05-08,0.11882,positive
2018-05-09,0.12326,positive
2018-05-10,0.01715,neutral
2018-05-11,-0.11614,negative
2018-05-12,-0.03071111111111111,neutral
2018-05-13,-0.09864285714285714,negative
2018-05-14,-0.08881000000000001,negative
2018-05-15,-0.08471,negative
2018-05-16,-0.13689,negative
2018-05-17,0.04478,neutral
2018-05-18,-0.020919999999999994,neutral
2018-05-19,0.21064285714285713,positive
2018-05-20,0.12343,positive
2018-05-21,-0.011480000000000008,neutral
2018-05-22,0.24075555555555558,positive
2018-05-23,0.05978999999999999,positive
2018-05-24,-0.07726999999999999,negative
2018-05-25,0.09488000000000002,positive
2018-05-26,0.03991666666666668,neutral
2018-05-27,0.0950111111111111,positive
2018-05-28,-0.14686,negative
2018-05-29,0.05032000000000001,positive
2018-05-30,-0.24108000000000002,negative
2018-05-31,0.05796,positive
2018-06-01,0.17309000000000002,positive
2018-06-02,0.16858571428571428,positive
2018-06-03,-0.07623333333333332,negative
2018-06-04,0.11926999999999999,positive
2018-06-05,-0.013677777777777782,neutral
2018-06-06,0.18653999999999998,positive
2018-06-07,0.02125,neutral
2018-06-08,0.16145555555555557,positive
2018-06-09,0.011411111111111111,neutral
2018-06-10,0.027812500000000004,neutral
2018-06-11,0.037090000000000005,neutral
2018-06-12,0.0457,neutral
2018-06-13,0.12286,positive
2018-06-14,0.0627,positive
2018-06-15,0.02645,neutral
2018-06-16,-0.02802222222222222,neutral
2018-06-17,0.1026625,positive
2018-06-18,0.12637,positive
2018-06-19,0.10765,positive
2018-06-20,-0.06656,negative
2018-06-21,-0.049729999999999996,neutral
2018-06-22,-0.1824,negative
2018-06-23,0.11296666666666666,positive
2018-06-24,-0.10014285714285716,negative
2018-06-25,-0.10272,negative
2018-06-26,0.21413000000000001,positive
2018-06-27,-0.11152999999999999,negative
2018-06-28,0.16307,positive
2018-06-29,-0.01703999999999999,neutral
2018-06-30,-0.04526,neutral
2018-07-01,0.20276,positive
2018-07-02,0.048,neutral
2018-07-03,-0.06412222222222222,negative
2018-07-04,-0.16899999999999998,negative
2018-07-05,0.12311000000000001,positive
2018-07-06,-0.0758888888888889,negative
2018-07-07,-0.05134999999999999,negative
2018-07-08,-0.12351428571428572,negative
2018-07-09,0.05506000000000001,positive
2018-07-10,0.03803,neutral
2018-07-11,-0.12092,negative
2018-07-12,-0.02641818181818183,neutral
2018-07-13,0.11971000000000001,positive
2018-07-14,0.20394285714285715,positive
2018-07-15,-0.10988,negative
2018-07-16,0.22488999999999998,positive
2018-07-17,-0.007919999999999988,neutral
2018-07-18,-0.05156999999999999,negative
2018-07-19,0.07934000000000001,positive
2018-07-20,0.2011,positive
2018-07-21,0.009450000000000004,neutral
2018-07-22,0.1316,positive
2018-07-23,0.24049,positive
2018-07-24,0.14740999999999999,positive
2018-07-25,0.005772727272727268,neutral
2018-07-26,-0.22922000000000003,negative
2018-07-27,-0.20679999999999998,negative
2018-07-28,-0.059325,negative
2018-07-29,0.07350000000000001,positive
2018-07-30,0.13062,positive
2018-07-31,0.031711111111111114,neutral
2018-08-01,-0.02640999999999999,neutral
2018-08-02,0.15711999999999998,positive
2018-08-03,0.031190000000000002,neutral
2018-08-04,-0.049899999999999986,neutral
2018-08-05,-0.005371428571428575,neutral
2018-08-06,-0.14396,negative
2018-08-07,0.0011700000000000044,neutral
2018-08-08,0.026660000000000007,neutral
2018-08-09,-0.012309999999999988,neutral
2018-08-10,-0.019845454545454545,neutral
2018-08-11,-0.043829999999999994,neutral
2018-08-12,0.26362857142857143,positive
2018-08-13,-0.02049,neutral
2018-08-14,-0.13457999999999998,negative
2018-08-15,0.07632000000000001,positive
2018-08-16,-0.08182222222222221,negative
2018-08-17,0.03902222222222222,neutral
2018-08-18,-0.106225,negative
2018-08-19,0.2747,positive
2018-08-20,0.009199999999999996,neutral
2018-08-21,-0.007699999999999996,neutral
2018-08-22,0.037790000000000004,neutral
2018-08-23,-0.08389,negative
2018-08-24,0.0,neutral
2018-08-25,-0.03912857142857142,neutral
2018-08-26,-0.0502375,negative
2018-08-27,-0.10796999999999998,negative
2018-08-28,-0.11087,negative
2018-08-29,0.11324000000000001,positive
2018-08-30,-0.14101,negative
2018-08-31,-0.0769,negative
2018-09-01,0.04562,neutral
2018-09-02,-0.08461111111111112,negative
2018-09-03,-0.01531,neutral
2018-09-04,-0.036033333333333334,neutral
2018-09-05,-0.09903999999999999,negative
2018-09-06,0.008369999999999997,neutral
2018-09-07,0.1615,positive
2018-09-08,0.03675555555555556,neutral
2018-09-09,-0.15303333333333333,negative
2018-09-10,0.009679999999999998,neutral
2018-09-11,-0.18067,negative
2018-09-12,0.13747,positive
2018-09-13,-0.08051,negative
2018-09-14,0.09392,positive
2018-09-15,0.1806,positive
2018-09-16,0.05176000000000001,positive
2018-09-17,-0.0036857142857142857,neutral
2018-09-18,-0.0010300000000000031,neutral
2018-09-19,0.025220000000000003,neutral
2018-09-20,0.05651000000000002,positive
2018-09-21,-0.16171,negative
2018-09-22,-0.032212500000000005,neutral
2018-09-23,-0.0619375,negative
2018-09-24,0.030069999999999996,neutral
2018-09-25,0.14414000000000002,positive
2018-09-26,0.01413,neutral
2018-09-27,-0.04427,neutral
2018-09-28,0.014390000000000014,neutral
2018-09-29,0.060200000000000004,positive
2018-09-30,0.2323714285714286,positive
2018-10-01,-0.042655555555555565,neutral
2018-10-02,0.09276,positive
2018-10-03,0.056010000000000004,positive
2018-10-04,-0.01901,neutral
2018-10-05,0.02261999999999999,neutral
2018-10-06,0.02331666666666667,neutral
2018-10-07,-0.18152,negative
2018-10-08,0.0875,positive
2018-10-09,0.11669,positive
2018-10-10,0.017940000000000005,neutral
2018-10-11,-0.07711000000000001,negative
2018-10-12,-0.15195555555555554,negative
2018-10-13,-0.05258571428571429,negative
2018-10-14,0.011640000000000006,neutral
2018-10-15,-0.18033,negative
2018-10-16,-0.18608,negative
2018-10-17,0.15204,positive
2018-10-18,0.051119999999999985,positive
2018-10-19,-0.061939999999999995,negative
2018-10-20,-0.146475,negative
2018-10-21,0.006374999999999999,neutral
2018-10-22,0.004430000000000012,neutral
2018-10-23,-0.08021,negative
2018-10-24,0.12813,positive
2018-10-25,-0.12902,negative
2018-10-26,0.05967,positive
2018-10-27,0.16353333333333334,positive
2018-10-28,0.05574,positive
2018-10-29,-0.05589999999999999,negative
2018-10-30,-0.010699999999999993,neutral
2018-10-31,0.04553,neutral
2018-11-01,0.11598000000000001,positive
2018-11-02,-0.03252222222222222,neutral
2018-11-03,-0.0042499999999999994,neutral
2018-11-04,-0.11717999999999999,negative
2018-11-05,0.05058,positive
2018-11-06,-0.14128000000000002,negative
2018-11-07,0.07548999999999999,positive
2018-11-08,0.049533333333333346,neutral
2018-11-09,0.003950000000000004,neutral
2018-11-10,-0.14113333333333333,negative
2018-11-11,-0.06846666666666666,negative
2018-11-12,-0.04027,neutral
2018-11-13,-0.16764,negative
2018-11-14,-0.17989000000000002,negative
2018-11-15,-0.24318,negative
2018-11-16,-0.07937,negative
2018-11-17,-0.05987500000000001,negative
2018-11-18,-0.16895,negative
2018-11-19,-0.10801000000000001,negative
2018-11-20,0.0866,positive
2018-11-21,0.019540000000000002,neutral
2018-11-22,-0.10905,negative
2018-11-23,-0.03933,neutral
2018-11-24,0.09225555555555555,positive
2018-11-25,-0.15187,negative
2018-11-26,-0.31471,negative
2018-11-27,-0.03443000000000001,neutral
2018-11-28,0.08107,positive
2018-11-29,0.1933888888888889,positive
2018-11-30,-0.06767999999999999,negative
2018-12-01,0.042800000000000005,neutral
2018-12-02,-0.164925,negative
2018-12-03,-0.009289999999999998,neutral
2018-12-04,-0.11709,negative
2018-12-05,-0.0031333333333333335,neutral
2018-12-06,-0.06542,negative
2018-12-07,0.036412500000000014,neutral
2018-12-08,0.014700000000000001,neutral
2018-12-09,0.05429999999999999,positive
2018-12-10,0.13577,positive
2018-12-11,0.14272,positive
2018-12-12,0.007230000000000003,neutral
2018-12-13,-0.30169999999999997,negative
2018-12-14,-0.08653999999999999,negative
2018-12-15,0.1582166666666667,positive
2018-12-16,-0.1371875,negative
2018-12-17,0.07141111111111112,positive
2018-12-18,-0.005520000000000002,neutral
2018-12-19,-0.08658,negative
2018-12-20,-0.14057,negative
2018-12-21,-0.06777999999999999,negative
2018-12-22,0.27253333333333335,positive
2018-12-23,0.0,neutral
2018-12-24,0.016337500000000005,neutral
2018-12-25,0.09038333333333333,positive
2018-12-26,0.13766250000000002,positive
2018-12-27,-0.15615555555555555,negative
2018-12-28,-0.14389,negative
2018-12-29,-0.004949999999999996,neutral
2018-12-30,0.10846,positive
2018-12-31,0.05424000000000001,positive
2019-01-01,-0.09943333333333333,negative
2019-01-02,0.0267,neutral
2019-01-03,0.19843333333333332,positive
2019-01-04,-0.03962,neutral
2019-01-05,0.08798000000000002,positive
2019-01-06,-0.004999999999999998,neutral
2019-01-07,0.10854444444444446,positive
2019-01-08,-0.05508,negative
2019-01-09,0.024644444444444445,neutral
2019-01-10,-0.10020000000000001,negative
2019-01-11,0.09444,positive
2019-01-12,0.2328,positive
2019-01-13,0.509675,positive
2019-01-14,-0.01506,neutral
2019-01-15,-0.15938,negative
2019-01-16,-0.1265,negative
2019-01-17,0.11116999999999999,positive
2019-01-18,-0.15425,negative
2019-01-19,-0.009590000000000005,neutral
2019-01-20,-0.23828,negative
2019-01-21,0.03783,neutral
2019-01-22,0.09618333333333333,positive
2019-01-23,0.032420000000000004,neutral
2019-01-24,-0.011139999999999994,neutral
2019-01-25,-0.01566666666666668,neutral
2019-01-26,0.09684285714285713,positive
2019-01-27,-0.05118,negative
2019-01-28,-0.11125555555555557,negative
2019-01-29,-0.0602,negative
2019-01-30,0.014155555555555551,neutral
2019-01-31,0.0398,neutral
2019-02-01,0.18363000000000002,positive
2019-02-02,0.028900000000000002,neutral
2019-02-03,-0.16063333333333332,negative
2019-02-04,0.03415,neutral
2019-02-05,-0.07491,negative
2019-02-06,0.17004999999999998,positive
2019-02-07,0.00992499999999999,neutral
2019-02-08,-0.07988,negative
2019-02-09,0.02769,neutral
2019-02-10,0.08438333333333332,positive
2019-02-11,-0.015200000000000009,neutral
2019-02-12,-0.13871111111111112,negative
2019-02-13,-0.05976666666666667,negative
2019-02-14,0.05453000000000001,positive
2019-02-15,-0.04243999999999999,neutral
2019-02-16,0.045457142857142856,neutral
2019-02-17,0.413175,positive
2019-02-18,0.08537999999999998,positive
2019-02-19,0.03599,neutral
2019-02-20,-0.01679,neutral
2019-02-21,0.07343000000000001,positive
2019-02-22,0.08651,positive
2019-02-23,0.0526875,positive
2019-02-24,0.048499999999999995,neutral
2019-02-25,0.04373,neutral
2019-02-26,0.18895,positive
2019-02-27,-0.031569999999999994,neutral
2019-02-28,-0.06546,negative
2019-03-01,-0.05071111111111111,negative
2019-03-02,0.1969,positive
2019-03-03,-0.03664285714285714,neutral
2019-03-04,0.05032,positive
2019-03-05,-0.17509000000000002,negative
2019-03-06,0.1671888888888889,positive
2019-03-07,-0.010229999999999994,neutral
2019-03-08,-0.12065000000000001,negative
2019-03-09,-0.08802857142857143,negative
2019-03-10,-0.0030833333333333385,neutral
2019-03-11,0.06468888888888889,positive
2019-03-12,0.0779,positive
2019-03-13,-0.013329999999999998,neutral
2019-03-14,-0.14388888888888887,negative
2019-03-15,0.1454888888888889,positive
2019-03-16,0.008600000000000017,neutral
2019-03-17,-0.274925,negative
2019-03-18,0.12989,positive
2019-03-19,0.19762,positive
2019-03-20,0.024575,neutral
2019-03-21,-0.00260000000000001,neutral
2019-03-22,-0.010188888888888895,neutral
2019-03-23,0.0036857142857142857,neutral
2019-03-24,0.06263333333333333,positive
2019-03-25,-0.12325,negative
2019-03-26,-0.07295,negative
2019-03-27,0.11857,positive
2019-03-28,0.06262,positive
2019-03-29,0.15586,positive
2019-03-30,-0.16528,negative
2019-03-31,-0.009085714285714284,neutral
2019-04-01,0.07390000000000001,positive
2019-04-02,0.15743999999999997,positive
2019-04-03,0.058589999999999996,positive
2019-04-04,-0.09533,negative
2019-04-05,0.02253,neutral
2019-04-06,0.03131428571428571,neutral
2019-04-07,-0.08799000000000001,negative
2019-04-08,-0.09777,negative
2019-04-09,0.019033333333333333,neutral
2019-04-10,0.062229999999999994,positive
2019-04-11,0.07147999999999999,positive
2019-04-12,0.04278,neutral
2019-04-13,-0.043833333333333314,neutral
2019-04-14,0.07636,positive
2019-04-15,0.13668,positive
2019-04-16,0.09144,positive
2019-04-17,-0.03614,neutral
2019-04-18,0.0127,neutral
2019-04-19,-0.08941,negative
2019-04-20,-0.4261333333333333,negative
2019-04-21,0.047850000000000004,neutral
2019-04-22,0.06283333333333332,positive
2019-04-23,0.04095,neutral
2019-04-24,0.075,positive
2019-04-25,0.0366,neutral
2019-04-26,0.01154,neutral
2019-04-27,-0.1947,negative
2019-04-28,-0.1308777777777778,negative
2019-04-29,0.029780000000000008,neutral
2019-04-30,-0.04175999999999999,neutral
2019-05-01,0.02581000000000001,neutral
2019-05-02,-0.053099999999999994,negative
2019-05-03,-0.07253333333333334,negative
2019-05-04,-0.20358,negative
2019-05-05,0.09107142857142857,positive
2019-05-06,-0.10534545454545455,negative
2019-05-07,-0.15228999999999998,negative
2019-05-08,0.11699999999999999,positive
2019-05-09,-0.1349,negative
2019-05-10,0.18588888888888888,positive
2019-05-11,0.0624375,positive
2019-05-12,-0.20134,negative
2019-05-13,0.04886,neutral
2019-05-14,0.12469999999999999,positive
2019-05-15,0.08718000000000001,positive
2019-05-16,-0.052239999999999995,negative
2019-05-17,-0.041644444444444435,neutral
2019-05-18,-0.020916666666666667,neutral
2019-05-19,-0.12978571428571425,negative
2019-05-20,-0.21305555555555555,negative
2019-05-21,-0.05994000000000001,negative
2019-05-22,0.030449999999999998,neutral
2019-05-23,0.17915,positive
2019-05-24,0.08753999999999999,positive
2019-05-25,0.12652,positive
2019-05-26,-0.15523333333333333,negative
2019-05-27,-0.025287500000000004,neutral
2019-05-28,-0.07813,negative
2019-05-29,0.06266666666666668,positive
2019-05-30,0.09041,positive
2019-05-31,0.0023899999999999954,neutral
2019-06-01,0.0,neutral
2019-06-02,0.00961428571428571,neutral
2019-06-03,-0.039679999999999986,neutral
2019-06-04,-0.11477777777777777,negative
2019-06-05,0.023620000000000002,neutral
2019-06-06,-0.12905,negative
2019-06-07,-0.04418999999999999,neutral
2019-06-08,-0.056575,negative
2019-06-09,0.091975,positive
2019-06-10,0.11913999999999998,positive
2019-06-11,-0.07611,negative
2019-06-12,-0.1307222222222222,negative
2019-06-13,0.003049999999999997,neutral
2019-06-14,-0.12052222222222223,negative
2019-06-15,-0.28595,negative
2019-06-16,0.11756666666666667,positive
2019-06-17,0.03337,neutral
2019-06-18,-0.12382,negative
2019-06-19,0.14051,positive
2019-06-20,0.03656666666666667,neutral
2019-06-21,0.02704999999999999,neutral
2019-06-22,0.0,neutral
2019-06-23,-0.16255714285714287,negative
2019-06-24,-0.043320000000000004,neutral
2019-06-25,0.07074,positive
2019-06-26,-0.17223,negative
2019-06-27,0.07529,positive
2019-06-28,-0.014822222222222218,neutral
2019-06-29,0.11682222222222222,positive
2019-06-30,0.07834,positive
2019-07-01,0.07417777777777779,positive
2019-07-02,0.029689999999999994,neutral
2019-07-03,-0.302675,negative
2019-07-04,0.004277777777777778,neutral
2019-07-05,0.11183000000000001,positive
2019-07-06,0.0,neutral
2019-07-07,0.12349000000000002,positive
2019-07-08,-0.025120000000000003,neutral
2019-07-09,0.03629,neutral
2019-07-10,0.13411,positive
2019-07-11,-0.0059499999999999996,neutral
2019-07-12,-0.06306666666666667,negative
2019-07-13,0.014860000000000002,neutral
2019-07-14,0.08735000000000001,positive
2019-07-15,-0.23852222222222222,negative
2019-07-16,-0.01902,neutral
2019-07-17,0.17683,positive
2019-07-18,-0.11128999999999997,negative
2019-07-19,0.0664909090909091,positive
2019-07-20,0.012383333333333335,neutral
2019-07-21,-0.3032,negative
2019-07-22,-0.20387,negative
2019-07-23,-0.011160000000000003,neutral
2019-07-24,-0.016525000000000012,neutral
2019-07-25,0.18089999999999998,positive
2019-07-26,-0.15284444444444445,negative
2019-07-27,0.13396666666666665,positive
2019-07-28,-0.0017555555555555718,neutral
2019-07-29,0.026470000000000004,neutral
2019-07-30,-0.2263111111111111,negative
2019-07-31,0.05202,positive
2019-08-01,-0.10647999999999999,negative
2019-08-02,0.11417,positive
2019-08-03,0.0,neutral
2019-08-04,-0.06363333333333333,negative
2019-08-05,-0.09941,negative
2019-08-06,0.11106666666666667,positive
2019-08-07,0.015869999999999995,neutral
2019-08-08,-0.13748,negative
2019-08-09,-0.11104,negative
2019-08-10,-0.05364,negative
2019-08-11,-0.14457499999999998,negative
2019-08-12,-0.02197777777777778,neutral
2019-08-13,0.20607999999999999,positive
2019-08-14,-0.17847142857142856,negative
2019-08-15,-0.08099,negative
2019-08-16,-0.044055555555555556,neutral
2019-08-17,-0.5267,negative
2019-08-18,0.0,neutral
2019-08-19,0.17303,positive
2019-08-20,0.07354,positive
2019-08-21,0.09334,positive
2019-08-22,-0.07388000000000002,negative
2019-08-23,0.054810000000000005,positive
2019-08-24,0.015257142857142858,neutral
2019-08-25,0.12508571428571427,positive
2019-08-26,0.007812500000000003,neutral
2019-08-27,-0.03279,neutral
2019-08-28,0.010299999999999998,neutral
2019-08-29,0.16597,positive
2019-08-30,0.05134285714285715,positive
2019-08-31,0.07347500000000001,positive
2019-09-01,-0.36239999999999994,negative
2019-09-02,-0.18392857142857144,negative
2019-09-03,0.28148999999999996,positive
2019-09-04,0.128475,positive
2019-09-05,5.9999999999993395e-05,neutral
2019-09-06,-0.12082222222222222,negative
2019-09-07,0.06743333333333333,positive
2019-09-08,0.32587499999999997,positive
2019-09-09,-0.04997999999999999,neutral
2019-09-10,0.30293749999999997,positive
2019-09-11,-0.0979625,negative
2019-09-12,-0.11497000000000002,negative
2019-09-13,0.0,neutral
2019-09-14,0.11362000000000001,positive
2019-09-15,-0.00733333333333334,neutral
2019-09-16,-0.0015699999999999991,neutral
2019-09-17,-0.02895555555555556,neutral
2019-09-18,0.18811,positive
2019-09-19,0.016509999999999997,neutral
2019-09-20,0.10289000000000001,positive
2019-09-21,0.10232222222222223,positive
2019-09-22,0.0,neutral
2019-09-23,0.0015111111111111174,neutral
2019-09-24,-0.08559000000000001,negative
2019-09-25,0.19501,positive
2019-09-26,-0.31568888888888885,negative
2019-09-27,-0.02030000000000001,neutral
2019-09-28,0.24805,positive
2019-09-29,0.03391428571428572,neutral
2019-09-30,0.08097000000000001,positive
2019-10-01,-0.09555,negative
2019-10-02,-0.018870000000000005,neutral
2019-10-03,0.0013299999999999979,neutral
2019-10-04,0.00236,neutral
2019-10-05,-0.10156666666666665,negative
2019-10-06,0.0,neutral
2019-10-07,0.050980000000000004,positive
2019-10-08,-3.0000000000002247e-05,neutral
2019-10-09,0.040510000000000004,neutral
2019-10-10,-0.005980000000000008,neutral
2019-10-11,-0.3356,negative
2019-10-12,0.010560000000000014,neutral
2019-10-13,0.0,neutral
2019-10-14,0.06661111111111111,positive
2019-10-15,-0.06288,negative
2019-10-16,0.01160000000000001,neutral
2019-10-17,0.05469999999999999,positive
2019-10-18,-0.02319,neutral
2019-10-19,0.10967500000000001,positive
2019-10-20,0.16109999999999997,positive
2019-10-21,0.08442,positive
2019-10-22,-0.18656999999999999,negative
2019-10-23,-0.0007749999999999979,neutral
2019-10-24,0.02367777777777778,neutral
2019-10-25,-0.11702000000000001,negative
2019-10-26,-0.08985,negative
2019-10-27,-0.015640000000000008,neutral
2019-10-28,0.11309,positive
2019-10-29,0.025709999999999993,neutral
2019-10-30,0.06465555555555555,positive
2019-10-31,0.007140000000000002,neutral
2019-11-01,-0.11164,negative
2019-11-02,-0.12999999999999998,negative
2019-11-03,-0.0206,neutral
2019-11-04,0.09318888888888889,positive
2019-11-05,0.06837,positive
2019-11-06,0.031059999999999997,neutral
2019-11-07,0.15666,positive
2019-11-08,-0.08573,negative
2019-11-09,0.11893333333333334,positive
2019-11-10,0.061119999999999994,positive
2019-11-11,-0.1012,negative
2019-11-12,0.08742,positive
2019-11-13,-0.03863,neutral
2019-11-14,0.04655,neutral
2019-11-15,0.059600000000000014,positive
2019-11-16,-0.03605,neutral
2019-11-17,-0.07794285714285716,negative
2019-11-18,-0.03305999999999999,neutral
2019-11-19,0.059909999999999984,positive
2019-11-20,0.16516999999999998,positive
2019-11-21,0.17394,positive
2019-11-22,-0.19296666666666668,negative
2019-11-23,0.11387999999999998,positive
2019-11-24,-0.03180000000000001,neutral
2019-11-25,-0.0204,neutral
2019-11-26,-0.09969,negative
2019-11-27,-0.039725,neutral
2019-11-28,-0.13088,negative
2019-11-29,0.007244444444444448,neutral
2019-11-30,0.02544285714285715,neutral
2019-12-01,0.041139999999999996,neutral
2019-12-02,0.14584444444444447,positive
2019-12-03,-0.02531111111111111,neutral
2019-12-04,-0.022729999999999993,neutral
2019-12-05,-0.17265555555555556,negative
2019-12-06,-0.05155555555555555,negative
2019-12-07,-0.13957999999999998,negative
2019-12-08,0.0,neutral
2019-12-09,0.03311,neutral
2019-12-10,0.16205555555555554,positive
2019-12-11,0.2947,positive
2019-12-12,-0.02333,neutral
2019-12-13,0.03887499999999999,neutral
2019-12-14,0.06743333333333333,positive
2019-12-15,-0.06451666666666667,negative
2019-12-16,0.03971,neutral
2019-12-17,-0.14334,negative
2019-12-18,0.09530000000000001,positive
2019-12-19,0.07547142857142856,positive
2019-12-20,-0.08925999999999999,negative
2019-12-21,0.12079,positive
2019-12-22,-0.13877499999999998,negative
2019-12-23,0.04918999999999999,neutral
2019-12-24,0.19480999999999998,positive
2019-12-25,0.0,neutral
2019-12-26,0.03315,neutral
2019-12-27,0.12738,positive
2019-12-28,0.06942,positive
2019-12-29,0.10304000000000002,positive
2019-12-30,-0.01626666666666667,neutral
2019-12-31,-0.004928571428571433,neutral
2020-01-01,-0.2612333333333333,negative
2020-01-02,0.012719999999999999,neutral
2020-01-03,0.032,neutral
2020-01-04,0.100475,positive
2020-01-05,0.0258,neutral
2020-01-06,-0.18272,negative
2020-01-07,0.03857499999999999,neutral
2020-01-08,-0.10993750000000001,negative
2020-01-09,0.009599999999999997,neutral
2020-01-10,0.14683333333333332,positive
2020-01-11,0.118,positive
2020-01-12,0.07543333333333334,positive
2020-01-13,0.14281000000000002,positive
2020-01-14,0.09274,positive
2020-01-15,-0.027970000000000005,neutral
2020-01-16,0.1311888888888889,positive
2020-01-17,-0.13416666666666666,negative
2020-01-18,0.03599999999999999,neutral
2020-01-19,-0.044399999999999995,neutral
2020-01-20,0.23915999999999998,positive
2020-01-21,0.13921,positive
2020-01-22,0.022630000000000004,neutral
2020-01-23,-0.03658,neutral
2020-01-24,0.024033333333333327,neutral
2020-01-25,0.02375,neutral
2020-01-26,-0.21487777777777778,negative
2020-01-27,-0.18018,negative
2020-01-28,0.059699999999999996,positive
2020-01-29,0.19803,positive
2020-01-30,0.028488888888888883,neutral
2020-01-31,0.0869888888888889,positive
2020-02-01,0.03832500000000001,neutral
2020-02-02,0.14579999999999999,positive
2020-02-03,0.2609333333333333,positive
2020-02-04,0.15106999999999998,positive
2020-02-05,0.06546666666666667,positive
2020-02-06,0.02347999999999999,neutral
2020-02-07,-0.0918875,negative
2020-02-08,-0.5699666666666666,negative
2020-02-09,0.12498000000000001,positive
2020-02-10,0.08002222222222223,positive
2020-02-11,-0.11433,negative
2020-02-12,0.0627625,positive
2020-02-13,-0.22743000000000002,negative
2020-02-14,-0.0758875,negative
2020-02-16,0.0683875,positive
2020-02-17,-0.00912,neutral
2020-02-18,-0.02474,neutral
2020-02-19,0.03304,neutral
2020-02-20,-0.07367000000000001,negative
2020-02-21,-0.24509999999999998,negative
2020-02-22,-0.0731,negative
2020-02-23,0.08286666666666666,positive
2020-02-24,-0.08387,negative
2020-02-25,-0.05824999999999999,negative
2020-02-26,-0.07658888888888887,negative
2020-02-27,-0.14051249999999998,negative
2020-02-28,-0.23083,negative
2020-02-29,-0.002414285714285702,neutral
2020-03-01,-0.08281666666666669,negative
2020-03-02,-0.19187777777777779,negative
2020-03-03,-0.21107,negative
2020-03-04,-0.0016111111111111064,neutral
2020-03-05,0.029466666666666665,neutral
2020-03-06,-0.157,negative
2020-03-07,0.032,neutral
2020-03-08,-0.06554,negative
2020-03-09,-0.09365714285714286,negative
2020-03-10,-0.011966666666666638,neutral
2020-03-11,-0.1524,negative
2020-03-12,-0.15703333333333333,negative
2020-03-13,-0.2960375,negative
2020-03-14,-0.011071428571428574,neutral
2020-03-15,-0.0390142857142857,neutral
2020-03-16,0.01913,neutral
2020-03-17,-0.04555000000000001,neutral
2020-03-18,0.1686857142857143,positive
2020-03-19,0.05045999999999999,positive
2020-03-20,0.018690000000000002,neutral
2020-03-21,0.08479999999999999,positive
2020-03-22,0.014260000000000005,neutral
2020-03-23,0.04186666666666666,neutral
2020-03-24,-0.02089999999999999,neutral
2020-03-25,-0.016579999999999998,neutral
2020-03-26,-0.082,negative
2020-03-27,0.14736,positive
2020-03-28,-0.12726666666666667,negative
2020-03-29,0.02924,neutral
2020-03-30,0.025937499999999995,neutral
2020-03-31,-0.1406,negative
2020-04-01,0.10794444444444445,positive
2020-04-02,0.16004999999999997,positive
2020-04-03,-0.06696666666666667,negative
2020-04-04,-0.12331666666666667,negative
2020-04-05,-0.07576000000000001,negative
2020-04-06,0.13248333333333331,positive
2020-04-07,0.1567125,positive
2020-04-08,-0.022944444444444434,neutral
2020-04-09,0.08693999999999999,positive
2020-04-10,-0.05707142857142857,negative
2020-04-11,-0.007700000000000007,neutral
2020-04-12,0.0,neutral
2020-04-13,-0.10139999999999999,negative
2020-04-14,0.09062,positive
2020-04-15,-0.06299999999999999,negative
2020-04-16,-0.0051999999999999946,neutral
2020-04-17,0.008666666666666656,neutral
2020-04-18,-0.06277142857142858,negative
2020-04-19,-0.142975,negative
2020-04-20,0.08546666666666668,positive
2020-04-21,-0.0812111111111111,negative
2020-04-22,0.028739999999999995,neutral
2020-04-23,0.05427,positive
2020-04-24,-0.04332857142857142,neutral
2020-04-25,0.1314857142857143,positive
2020-04-26,-0.08213333333333334,negative
2020-04-27,-0.021666666666666674,neutral
2020-04-28,0.08315,positive
2020-04-29,-0.04802,neutral
2020-04-30,0.2230142857142857,positive
2020-05-01,0.07691428571428571,positive
2020-05-02,-0.146475,negative
2020-05-03,0.01137999999999999,neutral
2020-05-04,0.09757,positive
2020-05-05,0.17388888888888887,positive
2020-05-06,-0.004211111111111116,neutral
2020-05-07,0.06456666666666667,positive
2020-05-08,0.0342625,neutral
2020-05-09,0.21311666666666665,positive
2020-05-10,-0.05954999999999999,negative
2020-05-11,0.0054800000000000074,neutral
2020-05-12,0.06926,positive
2020-05-13,-0.04515,neutral
2020-05-14,-0.03035,neutral
2020-05-15,0.021740000000000016,neutral
2020-05-16,0.06658000000000001,positive
2020-05-17,0.0,neutral
2020-05-18,0.3134,positive
2020-05-19,0.119475,positive
2020-05-20,0.02048888888888889,neutral
2020-05-21,0.06205714285714286,positive
2020-05-22,0.03987999999999999,neutral
2020-05-23,-0.056175,negative
2020-05-25,-0.095075,negative
2020-05-26,0.033262500000000014,neutral
2020-05-27,0.039725,neutral
2020-05-28,0.08947000000000001,positive
2020-05-29,-0.10606666666666666,negative
2020-05-30,-0.015616666666666662,neutral
2020-05-31,0.06205000000000001,positive
2020-06-01,-0.15259999999999999,negative
2020-06-02,0.14876666666666666,positive
2020-06-03,-0.02934285714285714,neutral
2020-06-04,-0.18263,negative
2020-06-05,-0.0531,negative
2020-06-06,-0.12076,negative
2020-06-07,-0.00708333333333333,neutral
2020-06-08,-0.12851111111111113,negative
2020-06-09,0.0549375,positive
2020-06-10,-0.022399999999999996,neutral
2020-06-11,-0.006029999999999996,neutral
2020-06-12,0.03968999999999999,neutral
2020-06-13,-0.04408333333333333,neutral
2020-06-14,-0.05075,negative
2020-06-15,0.050559999999999994,positive
2020-06-16,-0.23065,negative
2020-06-17,0.15322,positive
2020-06-18,-0.17622499999999997,negative
2020-06-19,0.03998,neutral
2020-06-20,-0.1333,negative
2020-06-21,-0.15811999999999998,negative
2020-06-22,-0.02208,neutral
2020-06-23,0.09761428571428572,positive
2020-06-24,-0.0645375,negative
2020-06-25,0.1093,positive
2020-06-26,-0.05196666666666667,negative
2020-06-27,0.18308,positive
2020-06-28,-0.04569999999999996,neutral
2020-06-29,-0.03609999999999999,neutral
2020-06-30,-0.12145999999999998,negative
2020-07-01,0.13228571428571428,positive
2020-07-02,-0.025020000000000004,neutral
2020-07-03,0.16964,positive
2020-07-04,0.1236,positive
2020-07-05,0.030425000000000008,neutral
2020-07-06,0.005800000000000003,neutral
2020-07-07,-0.016179999999999993,neutral
2020-07-08,-0.10568888888888889,negative
2020-07-09,-0.18836,negative
2020-07-10,-0.027449999999999992,neutral
2020-07-11,-0.11664999999999999,negative
2020-07-12,0.049800000000000004,neutral
2020-07-13,0.03835555555555556,neutral
2020-07-14,-0.050100000000000006,negative
2020-07-15,-0.08575555555555556,negative
2020-07-16,-0.00011999999999998679,neutral
2020-07-17,0.29386,positive
2020-07-18,-0.031079999999999997,neutral
2020-07-19,0.19063333333333332,positive
2020-07-20,-0.048975,neutral
2020-07-21,0.044771428571428566,neutral
2020-07-22,-0.08348333333333331,negative
2020-07-23,-0.08675,negative
2020-07-24,0.010850000000000004,neutral
2020-07-25,-0.12724285714285716,negative
2020-07-26,-0.08074285714285713,negative
2020-07-27,-0.03462222222222223,neutral
2020-07-28,0.12121,positive
2020-07-29,0.019136363636363642,neutral
2020-07-30,0.08253333333333333,positive
2020-07-31,-0.2280888888888889,negative
2020-08-01,0.18174285714285715,positive
2020-08-02,0.1621125,positive
2020-08-03,-0.026812500000000003,neutral
2020-08-04,0.032344444444444446,neutral
2020-08-05,-0.014224999999999988,neutral
2020-08-06,0.16785,positive
2020-08-07,-0.0972875,negative
2020-08-08,0.0,neutral
2020-08-09,0.08292000000000001,positive
2020-08-10,0.0937125,positive
2020-08-11,0.02941000000000001,neutral
2020-08-12,0.1457,positive
2020-08-13,0.024739999999999995,neutral
2020-08-14,0.03685000000000001,neutral
2020-08-15,0.0318,neutral
2020-08-16,-0.31245,negative
2020-08-17,0.1040125,positive
2020-08-18,0.05719,positive
2020-08-19,-0.06522222222222221,negative
2020-08-20,0.0,neutral
2020-08-21,-0.16723,negative
2020-08-22,-0.13612000000000002,negative
2020-08-23,-0.085,negative
2020-08-24,-0.021949999999999997,neutral
2020-08-25,0.013999999999999997,neutral
2020-08-26,0.08924000000000001,positive
2020-08-27,-0.04455,neutral
2020-08-28,-0.001899999999999996,neutral
2020-08-29,-0.06387142857142858,negative
2020-08-30,-0.07291666666666667,negative
2020-08-31,-0.16588,negative
2020-09-01,-0.011199999999999988,neutral
2020-09-02,0.07336666666666668,positive
2020-09-03,0.1589125,positive
2020-09-04,-0.07123333333333333,negative
2020-09-05,-0.146475,negative
2020-09-06,-0.016749999999999987,neutral
2020-09-07,0.12331249999999999,positive
2020-09-08,0.10178000000000001,positive
2020-09-09,0.0,neutral
2020-09-10,0.05713999999999999,positive
2020-09-11,-0.04939999999999999,neutral
2020-09-12,-0.167625,negative
2020-09-13,0.04161250000000001,neutral
2020-09-14,0.04028888888888889,neutral
2020-09-15,0.0073099999999999945,neutral
2020-09-16,0.13764444444444446,positive
2020-09-17,0.18574444444444443,positive
2020-09-18,0.09258888888888889,positive
2020-09-19,0.14026,positive
2020-09-20,0.08946666666666665,positive
2020-09-21,0.16537777777777776,positive
2020-09-22,-0.14643333333333333,negative
2020-09-23,-0.00826,neutral
2020-09-24,0.08734,positive
2020-09-25,-0.1474875,negative
2020-09-26,-0.0939875,negative
2020-09-27,-0.08019999999999998,negative
2020-09-28,0.17895,positive
2020-09-29,0.07353333333333333,positive
2020-09-30,-0.20274444444444445,negative
2020-10-01,-0.057479999999999996,negative
2020-10-02,-0.011175000000000008,neutral
2020-10-03,0.028225000000000014,neutral
2020-10-04,0.042374999999999996,neutral
2020-10-05,0.10790999999999999,positive
2020-10-06,-0.03071666666666666,neutral
2020-10-07,0.13968,positive
2020-10-08,0.03779999999999999,neutral
2020-10-09,-0.014222222222222223,neutral
2020-10-10,0.21423333333333336,positive
2020-10-11,0.07715,positive
2020-10-12,0.13859,positive
2020-10-13,0.05835555555555554,positive
2020-10-14,0.11427000000000001,positive
2020-10-15,-0.049557142857142855,neutral
2020-10-16,0.0867875,positive
2020-10-17,-0.0231,neutral
2020-10-18,-0.023485714285714283,neutral
2020-10-19,-0.014479999999999998,neutral
2020-10-20,-0.037633333333333324,neutral
2020-10-21,0.05198888888888891,positive
2020-10-22,0.1987857142857143,positive
2020-10-23,-0.023524999999999997,neutral
2020-10-24,0.1743857142857143,positive
2020-10-25,-0.03771666666666667,neutral
2020-10-26,0.18757,positive
2020-10-27,0.02701,neutral
2020-10-28,0.14709999999999998,positive
2020-10-29,0.0497,neutral
2020-10-30,0.033440000000000004,neutral
2020-10-31,0.10901428571428572,positive
2020-11-01,-0.03833999999999999,neutral
2020-11-02,0.0,neutral
2020-11-03,0.04893333333333334,neutral
2020-11-04,-0.17903333333333335,negative
2020-11-05,0.12959,positive
2020-11-06,-0.090025,negative
2020-11-07,-0.24695,negative
2020-11-08,0.0903,positive
2020-11-09,-0.1557777777777778,negative
2020-11-10,0.040788888888888895,neutral
2020-11-11,0.007070000000000004,neutral
2020-11-12,0.08261,positive
2020-11-13,0.11429,positive
2020-11-14,-0.050550000000000005,negative
2020-11-15,0.21011666666666665,positive
2020-11-16,-0.025510000000000005,neutral
2020-11-17,-0.031779999999999996,neutral
2020-11-18,0.05808,positive
2020-11-19,-0.043269999999999996,neutral
2020-11-20,0.05282222222222222,positive
2020-11-21,-0.06893333333333333,negative
2020-11-22,0.40164999999999995,positive
2020-11-23,0.0,neutral
2020-11-24,-0.01154444444444445,neutral
2020-11-25,0.07904,positive
2020-11-26,-0.008369999999999999,neutral
2020-11-27,0.12758,positive
2020-11-28,-0.07843750000000001,negative
2020-11-29,0.017950000000000015,neutral
2020-11-30,0.05993999999999999,positive
2020-12-01,-0.0045600000000000085,neutral
2020-12-02,0.24724,positive
2020-12-03,0.01621,neutral
2020-12-04,0.13329,positive
2020-12-05,-0.017977777777777773,neutral
2020-12-06,0.21655000000000002,positive
2020-12-07,-0.17536999999999997,negative
2020-12-08,-0.07011999999999999,negative
2020-12-09,0.08369000000000001,positive
2020-12-10,0.039270000000000006,neutral
2020-12-11,0.025349999999999994,neutral
2020-12-12,0.10046999999999999,positive
2020-12-13,0.0553777777777778,positive
2020-12-14,0.009720000000000005,neutral
2020-12-15,0.1811888888888889,positive
2020-12-16,0.13012222222222225,positive
2020-12-17,0.04313,neutral
2020-12-18,0.11735,positive
2020-12-19,0.02965,neutral
2020-12-20,0.034409999999999996,neutral
2020-12-21,-0.08332999999999999,negative
2020-12-22,0.031188888888888884,neutral
2020-12-23,0.021740000000000002,neutral
2020-12-24,0.03681999999999999,neutral
2020-12-25,0.05279999999999999,positive
2020-12-26,0.21534444444444445,positive
2020-12-27,0.06545,positive
2020-12-28,0.05017777777777778,positive
2020-12-29,0.10123,positive
2020-12-30,-0.03855555555555555,neutral
2020-12-31,0.11946666666666665,positive
2021-01-01,-0.10729,negative
2021-01-02,0.06292222222222223,positive
2021-01-03,0.07541,positive
2021-01-04,0.01077999999999999,neutral
2021-01-05,0.058800000000000005,positive
2021-01-06,-0.023549999999999998,neutral
2021-01-07,0.01580000000000001,neutral
2021-01-08,0.002379999999999999,neutral
2021-01-09,-0.07934,negative
2021-01-10,-0.07930000000000001,negative
2021-01-11,-0.05302,negative
2021-01-12,-0.05212,negative
2021-01-13,0.01605000000000001,neutral
2021-01-14,0.08643000000000002,positive
2021-01-15,-0.03339,neutral
2021-01-16,-0.1861875,negative
2021-01-17,0.1033375,positive
2021-01-18,-0.13618999999999998,negative
2021-01-19,0.09158,positive
2021-01-20,-0.03487,neutral
2021-01-21,0.06629,positive
2021-01-22,-0.11029,negative
2021-01-23,-0.019844444444444456,neutral
2021-01-24,-0.19267777777777778,negative
2021-01-25,0.06372,positive
2021-01-26,0.25794,positive
2021-01-27,0.024489999999999994,neutral
2021-01-28,-0.05627,negative
2021-01-29,0.0,neutral
2021-01-30,0.0233875,neutral
2021-01-31,-0.0983,negative
2021-02-01,0.06975555555555557,positive
2021-02-02,0.09591111111111111,positive
2021-02-03,0.05364000000000001,positive
2021-02-04,0.09145,positive
2021-02-05,-0.13434,negative
2021-02-06,0.06412,positive
2021-02-07,0.10973,positive
2021-02-08,-0.02504,neutral
2021-02-09,0.11131000000000002,positive
2021-02-10,0.07250000000000001,positive
2021-02-11,0.05523,positive
2021-02-12,0.00772,neutral
2021-02-13,0.10171000000000001,positive
2021-02-14,0.033166666666666664,neutral
2021-02-15,-0.031920000000000004,neutral
2021-02-16,0.11652,positive
2021-02-17,-0.0038099999999999965,neutral
2021-02-18,0.18925,positive
2021-02-19,0.11804444444444445,positive
2021-02-20,0.2199888888888889,positive
2021-02-21,0.1383875,positive
2021-02-22,-0.06132,negative
2021-02-23,0.015830000000000004,neutral
2021-02-24,0.23304,positive
2021-02-25,0.15864,positive
2021-02-26,-0.03268,neutral
2021-02-27,0.21844999999999998,positive
2021-02-28,0.15178333333333335,positive
2021-03-01,-0.055499999999999994,negative
2021-03-02,0.06566,positive
2021-03-03,-0.10369999999999999,negative
2021-03-04,-0.01082,neutral
2021-03-05,0.03908999999999999,neutral
2021-03-06,0.20158571428571428,positive
2021-03-07,-0.07066666666666667,negative
2021-03-08,0.11816,positive
2021-03-09,0.04729000000000001,neutral
2021-03-10,-0.05334999999999999,negative
2021-03-11,-0.05855999999999999,negative
2021-03-12,-0.36771000000000004,negative
2021-03-13,0.07926,positive
2021-03-14,0.173675,positive
2021-03-15,0.06420000000000001,positive
2021-03-16,0.08136666666666667,positive
2021-03-17,0.10231000000000001,positive
2021-03-18,0.023740000000000004,neutral
2021-03-19,-0.01365,neutral
2021-03-20,0.10228,positive
2021-03-21,-0.04748000000000001,neutral
2021-03-22,0.10386999999999999,positive
2021-03-23,0.0005700000000000039,neutral
2021-03-24,-0.048,neutral
2021-03-25,-0.01648,neutral
2021-03-26,0.12264,positive
2021-03-27,-0.06467999999999999,negative
2021-03-28,-0.10645,negative
2021-03-29,-0.02332,neutral
2021-03-30,0.16828181818181817,positive
2021-03-31,0.1299,positive
2021-04-01,0.23722000000000004,positive
2021-04-02,-0.01816,neutral
2021-04-03,0.16443,positive
2021-04-04,-0.054725,negative
2021-04-05,-0.09934,negative
2021-04-06,0.011179999999999999,neutral
2021-04-07,-0.07021000000000001,negative
2021-04-08,0.054877777777777775,positive
2021-04-09,0.08373,positive
2021-04-10,-0.06978999999999999,negative
2021-04-11,0.21084444444444445,positive
2021-04-12,0.13449,positive
2021-04-13,0.017970000000000003,neutral
2021-04-14,0.06356999999999999,positive
2021-04-15,0.15402,positive
2021-04-16,0.11669,positive
2021-04-17,0.008769999999999995,neutral
2021-04-18,-0.08038,negative
2021-04-19,-0.08507,negative
2021-04-20,0.08592727272727273,positive
2021-04-21,0.20657,positive
2021-04-22,-0.20621,negative
2021-04-23,0.16346999999999998,positive
2021-04-24,-0.21027142857142858,negative
2021-04-25,-0.005299999999999999,neutral
2021-04-26,0.25905999999999996,positive
2021-04-27,0.19102000000000002,positive
2021-04-28,0.04634999999999999,neutral
2021-04-29,0.1257222222222222,positive
2021-04-30,-0.14531999999999998,negative
2021-05-01,-0.1436222222222222,negative
2021-05-02,-0.014228571428571432,neutral
2021-05-03,0.15572,positive
2021-05-04,0.08703000000000001,positive
2021-05-05,0.10153999999999999,positive
2021-05-06,0.08908,positive
2021-05-07,0.06861999999999999,positive
2021-05-08,0.08106,positive
2021-05-09,0.16119,positive
2021-05-10,0.0358,neutral
2021-05-11,0.11699999999999999,positive
2021-05-12,0.11486,positive
2021-05-13,-0.03406,neutral
2021-05-14,0.09596,positive
2021-05-15,0.12465,positive
2021-05-16,-0.02117,neutral
2021-05-17,-0.05634,negative
2021-05-18,0.17739000000000002,positive
2021-05-19,-0.12736,negative
2021-05-20,0.10855999999999999,positive
2021-05-21,-0.012869999999999998,neutral
2021-05-22,0.05732999999999999,positive
2021-05-23,0.03595000000000001,neutral
2021-05-24,-0.11538,negative
2021-05-25,0.021190000000000007,neutral
2021-05-26,-0.09386999999999998,negative
2021-05-27,0.14642,positive
2021-05-28,0.07017999999999999,positive
2021-05-29,-0.008019999999999998,neutral
2021-05-30,-0.07875714285714285,negative
2021-05-31,0.05218888888888888,positive
2021-06-01,0.0030500000000000136,neutral
2021-06-02,0.01728,neutral
2021-06-03,0.0013799999999999923,neutral
2021-06-04,0.0022199999999999998,neutral
2021-06-05,-0.054779999999999995,negative
2021-06-06,-0.04913333333333333,neutral
2021-06-07,0.1502,positive
2021-06-08,0.16301,positive
2021-06-09,0.08481,positive
2021-06-10,-0.047939999999999997,neutral
2021-06-11,-0.04556666666666667,neutral
2021-06-12,0.11022000000000001,positive
2021-06-13,-0.07427777777777778,negative
2021-06-14,0.12566666666666668,positive
2021-06-15,0.06943333333333333,positive
2021-06-16,0.20137999999999998,positive
2021-06-17,-0.20476,negative
2021-06-18,0.023770000000000003,neutral
2021-06-19,-0.16075555555555557,negative
2021-06-20,-0.016699999999999996,neutral
2021-06-21,-0.18510999999999997,negative
2021-06-22,-0.10682,negative
2021-06-23,-0.04419000000000001,neutral
2021-06-24,0.043469999999999995,neutral
2021-06-25,-0.0475,neutral
2021-06-26,-0.06474,negative
2021-06-27,0.048174999999999996,neutral
2021-06-28,0.0006999999999999906,neutral
2021-06-29,-0.009500000000000003,neutral
2021-06-30,-0.17052,negative
2021-07-01,-0.13599090909090908,negative
2021-07-02,0.0006099999999999966,neutral
2021-07-03,0.09748,positive
2021-07-04,0.13946999999999998,positive
2021-07-05,-0.016970000000000002,neutral
2021-07-06,-0.11577,negative
2021-07-07,-0.06315555555555556,negative
2021-07-08,0.08351,positive
2021-07-09,-0.10493,negative
2021-07-10,-0.22015,negative
2021-07-11,-0.04405,neutral
2021-07-12,0.032130000000000006,neutral
2021-07-13,-0.0329,neutral
2021-07-14,-0.17556,negative
2021-07-15,-0.008200000000000002,neutral
2021-07-16,0.09644,positive
2021-07-17,0.0790125,positive
2021-07-18,0.259,positive
2021-07-19,0.04678,neutral
2021-07-20,-0.11135999999999999,negative
2021-07-21,-0.03477999999999999,neutral
2021-07-22,0.03785555555555556,neutral
2021-07-23,0.025349999999999994,neutral
2021-07-24,0.15410000000000001,positive
2021-07-25,0.15795555555555557,positive
2021-07-26,0.10893,positive
2021-07-27,-0.007611111111111112,neutral
2021-07-28,0.11254,positive
2021-07-29,0.02263,neutral
2021-07-30,0.03253,neutral
2021-07-31,0.00427999999999999,neutral
2021-08-01,0.014757142857142858,neutral
2021-08-02,-0.016390000000000005,neutral
2021-08-03,-0.07168999999999999,negative
2021-08-04,-0.002279999999999996,neutral
2021-08-05,0.08667,positive
2021-08-06,-0.042030000000000005,neutral
2021-08-07,-0.07665555555555553,negative
2021-08-08,0.06025000000000001,positive
2021-08-09,0.07218,positive
2021-08-10,-0.03980000000000001,neutral
2021-08-11,0.022799999999999997,neutral
2021-08-12,0.03034,neutral
2021-08-13,0.10159,positive
2021-08-14,-0.06862222222222221,negative
2021-08-15,0.07757,positive
2021-08-16,0.05456000000000001,positive
2021-08-17,0.06219,positive
2021-08-18,0.06820999999999999,positive
2021-08-19,0.13026,positive
2021-08-20,-0.11871000000000001,negative
2021-08-21,-0.10744444444444445,negative
2021-08-22,0.013820000000000008,neutral
2021-08-23,0.025860000000000005,neutral
2021-08-24,0.01066999999999999,neutral
2021-08-25,0.048299999999999996,neutral
2021-08-26,0.07223,positive
2021-08-27,0.13832,positive
2021-08-28,0.1050375,positive
2021-08-29,0.18439,positive
2021-08-30,0.0617,positive
2021-08-31,0.16638999999999998,positive
2021-09-01,-0.061369999999999994,negative
2021-09-02,-0.006940000000000002,neutral
2021-09-03,0.08879,positive
2021-09-04,0.16506666666666667,positive
2021-09-05,-0.009399999999999999,neutral
2021-09-06,0.107875,positive
2021-09-07,0.12397,positive
2021-09-08,-0.10853000000000002,negative
2021-09-09,-0.050133333333333335,negative
2021-09-10,-0.029099999999999994,neutral
2021-09-11,-0.0943,negative
2021-09-12,-0.013112499999999992,neutral
2021-09-13,-0.0419,neutral
2021-09-14,-0.07202,negative
2021-09-15,0.14486000000000002,positive
2021-09-16,-0.027389999999999998,neutral
2021-09-17,-0.0168,neutral
2021-09-18,0.24282857142857142,positive
2021-09-19,-0.11183333333333334,negative
2021-09-20,0.07432222222222222,positive
2021-09-21,0.1966,positive
2021-09-22,-0.07163333333333333,negative
2021-09-23,-0.012259999999999998,neutral
2021-09-24,0.015539999999999993,neutral
2021-09-25,-0.026500000000000003,neutral
2021-09-26,-0.0776,negative
2021-09-27,0.11753,positive
2021-09-28,0.03612,neutral
2021-09-29,0.10178000000000001,positive
2021-09-30,0.13274000000000002,positive
2021-10-01,0.11662222222222224,positive
2021-10-02,0.043449999999999996,neutral
2021-10-03,0.14438571428571428,positive
2021-10-04,0.0069454545454545455,neutral
2021-10-05,0.034550000000000004,neutral
2021-10-06,0.2037888888888889,positive
2021-10-07,-0.05352,negative
2021-10-08,0.09537999999999999,positive
2021-10-09,0.1935625,positive
2021-10-10,0.30174285714285715,positive
2021-10-11,0.013488888888888884,neutral
2021-10-12,0.09304,positive
2021-10-13,0.054790000000000005,positive
2021-10-14,0.10523,positive
2021-10-15,0.22932000000000002,positive
2021-10-16,0.0,neutral
2021-10-17,-0.03036666666666667,neutral
2021-10-18,0.17659,positive
2021-10-19,0.057066666666666675,positive
2021-10-20,0.09178,positive
2021-10-21,0.13656666666666664,positive
2021-10-22,-0.03761,neutral
2021-10-23,0.03915714285714285,neutral
2021-10-24,-0.0006333333333333283,neutral
2021-10-25,-0.0018799999999999984,neutral
2021-10-26,0.09122000000000001,positive
2021-10-27,-0.05971,negative
2021-10-28,0.07686000000000001,positive
2021-10-29,0.021460000000000007,neutral
2021-10-30,-0.03722,neutral
2021-10-31,-0.1461111111111111,negative
2021-11-01,0.12831111111111113,positive
2021-11-02,0.16446,positive
2021-11-03,-0.03311,neutral
2021-11-04,0.08895,positive
2021-11-05,-0.026480000000000004,neutral
2021-11-06,-0.10115,negative
2021-11-07,-0.13844444444444445,negative
2021-11-08,0.04987,neutral
2021-11-09,0.04755,neutral
2021-11-10,-0.010469999999999997,neutral
2021-11-11,0.12847,positive
2021-11-12,-0.07202,negative
2021-11-13,-0.012049999999999991,neutral
2021-11-14,-0.004599999999999993,neutral
2021-11-15,-0.03026,neutral
2021-11-16,0.2873,positive
2021-11-17,-0.13543,negative
2021-11-18,0.034010000000000006,neutral
2021-11-19,-0.14734,negative
2021-11-20,0.11545000000000001,positive
2021-11-21,0.05606,positive
2021-11-22,0.04993000000000001,neutral
2021-11-23,-0.03978999999999999,neutral
2021-11-24,0.27730000000000005,positive
2021-11-25,0.020960000000000006,neutral
2021-11-26,-0.03247,neutral
2021-11-27,-0.1977625,negative
2021-11-28,-0.029649999999999996,neutral
2021-11-29,0.02232222222222222,neutral
2021-11-30,0.06869,positive
2021-12-01,0.02063,neutral
2021-12-02,0.03391000000000001,neutral
2021-12-03,0.1653,positive
2021-12-04,-0.025433333333333332,neutral
2021-12-05,0.10927,positive
2021-12-06,0.09603333333333335,positive
2021-12-07,-0.17109000000000002,negative
2021-12-08,0.17955000000000002,positive
2021-12-09,-0.0929,negative
2021-12-10,-0.02789000000000001,neutral
2021-12-11,-0.008737500000000002,neutral
2021-12-12,-0.02638333333333333,neutral
2021-12-13,0.13426,positive
2021-12-14,0.007640000000000003,neutral
2021-12-15,0.16374,positive
2021-12-16,0.03891,neutral
2021-12-17,-0.06851111111111112,negative
2021-12-18,-0.0071800000000000015,neutral
2021-12-19,-0.050550000000000005,negative
2021-12-20,0.023430000000000006,neutral
2021-12-21,0.043930000000000004,neutral
2021-12-22,0.10741,positive
2021-12-23,-0.03551,neutral
2021-12-24,0.10886,positive
2021-12-25,0.12738,positive
2021-12-26,-0.04880000000000001,neutral
2021-12-27,0.09062,positive
2021-12-28,0.0397,neutral
2021-12-29,0.0921090909090909,positive
2021-12-30,0.016859999999999997,neutral
2021-12-31,0.13684000000000002,positive
2022-01-01,0.036430000000000004,neutral
2022-01-02,-0.023999999999999994,neutral
2022-01-03,0.014850000000000002,neutral
2022-01-04,0.08121999999999999,positive
2022-01-05,-0.1363111111111111,negative
2022-01-06,0.04990000000000001,neutral
2022-01-07,-0.06742857142857142,negative
2022-01-08,-0.10343,negative
2022-01-09,-0.11838571428571429,negative
2022-01-10,-0.30751999999999996,negative
2022-01-11,-0.019750000000000007,neutral
2022-01-12,0.11592,positive
2022-01-13,-0.015790000000000005,neutral
2022-01-14,0.04289999999999999,neutral
2022-01-15,0.15605,positive
2022-01-16,0.14258,positive
2022-01-17,-0.04215,neutral
2022-01-18,0.06992,positive
2022-01-19,0.16243000000000002,positive
2022-01-20,0.02372000000000001,neutral
2022-01-21,-0.12340999999999999,negative
2022-01-22,-0.07698999999999999,negative
2022-01-23,-0.04541111111111112,neutral
2022-01-24,-0.09746666666666666,negative
2022-01-25,-0.027711111111111117,neutral
2022-01-26,0.13155999999999998,positive
2022-01-27,0.09905555555555558,positive
2022-01-28,0.22849999999999998,positive
2022-01-29,-0.007450000000000012,neutral
2022-01-30,-0.062029999999999995,negative
2022-01-31,-0.30752999999999997,negative
2022-02-01,-0.09317,negative
2022-02-02,0.15527777777777776,positive
2022-02-03,-0.07077,negative
2022-02-04,0.13679000000000002,positive
2022-02-05,0.15759,positive
2022-02-06,0.17172500000000002,positive
2022-02-07,-0.029889999999999993,neutral
2022-02-08,0.15560000000000002,positive
2022-02-09,0.10685,positive
2022-02-10,0.11857,positive
2022-02-11,0.0563888888888889,positive
2022-02-12,0.14152,positive
2022-02-13,0.032780000000000004,neutral
2022-02-14,-0.07711,negative
2022-02-15,0.17725,positive
2022-02-16,0.07749,positive
2022-02-17,0.05037777777777778,positive
2022-02-18,0.04033333333333333,neutral
2022-02-19,0.2056111111111111,positive
2022-02-20,0.009687500000000009,neutral
2022-02-21,-0.14178000000000002,negative
2022-02-22,0.07481,positive
2022-02-23,0.02121,neutral
2022-02-24,0.009869999999999995,neutral
2022-02-25,0.02726,neutral
2022-02-26,-0.19043333333333334,negative
2022-02-27,0.05394444444444445,positive
2022-02-28,0.06357,positive
2022-03-01,0.046969999999999984,neutral
2022-03-02,-0.031420000000000003,neutral
2022-03-03,0.07925,positive
2022-03-04,0.05942000000000001,positive
2022-03-05,0.021488888888888898,neutral
2022-03-06,-0.017729999999999996,neutral
2022-03-07,0.08741,positive
2022-03-08,-0.14938,negative
2022-03-09,0.05018,positive
2022-03-10,0.03205,neutral
2022-03-11,-0.2178,negative
2022-03-12,0.001250000000000004,neutral
2022-03-13,0.004920000000000008,neutral
2022-03-14,-0.19497,negative
2022-03-15,0.06966000000000001,positive
2022-03-16,0.04774444444444445,neutral
2022-03-17,0.04404,neutral
2022-03-18,-0.09351000000000001,negative
2022-03-19,0.014380000000000004,neutral
2022-03-20,0.2787285714285714,positive
2022-03-21,0.20083,positive
2022-03-22,0.09174,positive
2022-03-23,0.050980000000000004,positive
2022-03-24,0.05879000000000001,positive
2022-03-25,0.11622000000000002,positive
2022-03-26,0.02783,neutral
2022-03-27,0.03518,neutral
2022-03-28,0.046490000000000004,neutral
2022-03-29,0.0,neutral
2022-03-30,0.016749999999999994,neutral
2022-03-31,-0.06597,negative
2022-04-01,-0.08741,negative
2022-04-02,0.003540000000000004,neutral
2022-04-03,-0.0947375,negative
2022-04-04,-0.03182,neutral
2022-04-05,0.06953000000000001,positive
2022-04-06,0.06744,positive
2022-04-07,0.03984,neutral
2022-04-08,0.1802,positive
2022-04-09,0.010133333333333328,neutral
2022-04-10,0.13052999999999998,positive
2022-04-11,-0.11944444444444444,negative
2022-04-12,-0.09492,negative
2022-04-13,-0.0319,neutral
2022-04-14,0.0014399999999999968,neutral
2022-04-15,0.08385000000000001,positive
2022-04-16,-0.009340000000000001,neutral
2022-04-17,0.21742,positive
2022-04-18,-0.04355,neutral
2022-04-19,0.11854,positive
2022-04-20,-2.9999999999991144e-05,neutral
2022-04-21,0.039279999999999995,neutral
2022-04-22,0.047760000000000004,neutral
2022-04-23,0.2366222222222222,positive
2022-04-24,0.1656,positive
2022-04-25,0.01402,neutral
2022-04-26,0.050980000000000004,positive
2022-04-27,0.019849999999999996,neutral
2022-04-28,0.007749999999999996,neutral
2022-04-29,0.20836666666666667,positive
2022-04-30,-0.04651,neutral
2022-05-01,0.05165555555555555,positive
2022-05-02,0.058550000000000005,positive
2022-05-03,-0.19643,negative
2022-05-04,0.12493000000000001,positive
2022-05-05,0.04381,neutral
2022-05-06,0.028149999999999998,neutral
2022-05-07,-0.11462222222222224,negative
2022-05-08,-0.14205,negative
2022-05-09,-0.07094,negative
2022-05-10,-0.0030555555555555622,neutral
2022-05-11,-0.23084,negative
2022-05-12,-0.07511999999999999,negative
2022-05-13,-0.08721,negative
2022-05-14,0.034460000000000005,neutral
2022-05-15,0.02245,neutral
2022-05-16,-0.13584444444444443,negative
2022-05-17,-0.013679999999999998,neutral
2022-05-18,-0.04601999999999999,neutral
2022-05-19,0.03941818181818182,neutral
2022-05-20,-0.06995,negative
2022-05-21,0.046,neutral
2022-05-22,-0.116,negative
2022-05-23,0.024520000000000004,neutral
2022-05-24,-0.09643,negative
2022-05-25,0.155775,positive
2022-05-26,-0.028280000000000007,neutral
2022-05-27,0.11045,positive
2022-05-28,-0.15007142857142858,negative
2022-05-29,-0.2802,negative
2022-05-30,0.010350000000000003,neutral
2022-05-31,-0.022049999999999993,neutral
2022-06-01,0.030319999999999996,neutral
2022-06-02,0.015150000000000002,neutral
2022-06-03,0.06034545454545456,positive
2022-06-04,-0.011277777777777788,neutral
2022-06-05,0.10600000000000001,positive
2022-06-06,-0.01888,neutral
2022-06-07,-0.16978,negative
2022-06-08,0.05235000000000001,positive
2022-06-09,0.00446,neutral
2022-06-10,0.00602,neutral
2022-06-11,-0.15159,negative
2022-06-12,-0.08978,negative
2022-06-13,-0.13811,negative
2022-06-14,0.00708,neutral
2022-06-15,-0.13306,negative
2022-06-16,-0.0354,neutral
2022-06-17,-0.14167000000000002,negative
2022-06-18,-0.11238999999999999,negative
2022-06-19,-0.10174444444444446,negative
2022-06-20,-0.12631,negative
2022-06-21,0.06225000000000001,positive
2022-06-22,-0.04397,neutral
2022-06-23,0.11165,positive
2022-06-24,-0.04324999999999999,neutral
2022-06-25,-0.09865454545454545,negative
2022-06-26,0.033122222222222227,neutral
2022-06-27,0.06513,positive
2022-06-28,-0.032479999999999995,neutral
2022-06-29,-0.07085,negative
2022-06-30,-0.11307,negative
2022-07-01,-0.10912222222222222,negative
2022-07-02,0.055366666666666675,positive
2022-07-03,-0.064725,negative
2022-07-04,-0.037050000000000013,neutral
2022-07-05,0.028430000000000004,neutral
2022-07-06,0.050170000000000006,positive
2022-07-07,-0.04513999999999999,neutral
2022-07-08,-0.05315000000000001,negative
2022-07-09,-0.016588888888888896,neutral
2022-07-10,-0.02,neutral
2022-07-11,0.06621,positive
2022-07-12,-0.04177,neutral
2022-07-13,-0.16443,negative
2022-07-14,0.03182,neutral
2022-07-15,-0.04104,neutral
2022-07-16,-0.09564999999999999,negative
2022-07-17,-0.05297,negative
2022-07-18,0.09392,positive
2022-07-19,0.11078999999999999,positive
2022-07-20,0.06571,positive
2022-07-21,-0.054470000000000005,negative
2022-07-22,-0.14121999999999998,negative
2022-07-23,0.03213333333333333,neutral
2022-07-24,-0.03356,neutral
2022-07-25,-0.041260000000000005,neutral
2022-07-26,0.11285555555555556,positive
2022-07-27,0.11017777777777778,positive
2022-07-28,0.16537000000000002,positive
2022-07-29,0.28493,positive
2022-07-30,-0.025729999999999996,neutral
2022-07-31,0.007440000000000002,neutral
2022-08-01,0.09027,positive
2022-08-02,0.041879999999999994,neutral
2022-08-03,-0.05135000000000001,negative
2022-08-04,-0.11191,negative
2022-08-05,-0.06904,negative
2022-08-06,0.3007666666666667,positive
2022-08-07,0.11612,positive
2022-08-08,0.014650000000000002,neutral
2022-08-09,0.023250000000000003,neutral
2022-08-10,0.06696666666666667,positive
2022-08-11,0.24378888888888886,positive
2022-08-12,0.03378,neutral
2022-08-13,0.058750000000000004,positive
2022-08-14,0.10508999999999999,positive
2022-08-15,0.03826,neutral
2022-08-16,-0.07868000000000001,negative
2022-08-17,-0.10065555555555555,negative
2022-08-18,-0.15131999999999998,negative
2022-08-19,-0.02299,neutral
2022-08-20,0.05389999999999999,positive
2022-08-21,-0.10215714285714285,negative
2022-08-22,-0.27998,negative
2022-08-23,-0.27224,negative
2022-08-24,-0.0326,neutral
2022-08-25,-0.01831,neutral
2022-08-26,-0.1457,negative
2022-08-27,0.015999999999999997,neutral
2022-08-28,-0.24570999999999996,negative
2022-08-29,-0.14461,negative
2022-08-30,-0.05019,negative
2022-08-31,-0.05392999999999999,negative
2022-09-01,-0.0579111111111111,negative
2022-09-02,0.05921,positive
2022-09-03,-0.07391,negative
2022-09-04,-0.014350000000000002,neutral
2022-09-05,-0.11672,negative
2022-09-06,0.05946,positive
2022-09-07,0.030489999999999996,neutral
2022-09-08,-0.08736,negative
2022-09-09,0.05737500000000001,positive
2022-09-10,0.02004999999999999,neutral
2022-09-11,-0.04985,neutral
2022-09-12,0.00772,neutral
2022-09-13,0.05528999999999999,positive
2022-09-14,-0.13288,negative
2022-09-15,-0.08149,negative
2022-09-16,-0.04699,neutral
2022-09-17,-0.13976,negative
2022-09-18,0.0,neutral
2022-09-19,-0.16881,negative
2022-09-20,-0.04829000000000001,neutral
2022-09-21,-0.1103,negative
2022-09-22,0.09056,positive
2022-09-23,0.038180000000000006,neutral
2022-09-24,-0.047599999999999996,neutral
2022-09-25,-0.015100000000000002,neutral
2022-09-26,0.011729999999999999,neutral
2022-09-27,-0.02081111111111109,neutral
2022-09-28,0.08627,positive
2022-09-29,-0.19616,negative
2022-09-30,0.08566,positive
2022-10-01,-0.16155555555555556,negative
2022-10-02,0.05183,positive
2022-10-03,0.03807,neutral
2022-10-04,0.13414,positive
2022-10-05,0.08869,positive
2022-10-06,-0.0022599999999999955,neutral
2022-10-07,-0.19597,negative
2022-10-08,-0.04019,neutral
2022-10-09,0.23007777777777777,positive
2022-10-10,0.03027,neutral
2022-10-11,-0.016779999999999996,neutral
2022-10-12,0.07253000000000001,positive
2022-10-13,-0.04845000000000001,neutral
2022-10-14,0.1071111111111111,positive
2022-10-15,-0.12189000000000001,negative
2022-10-16,0.07982,positive
2022-10-17,-0.04565999999999999,neutral
2022-10-18,-0.051859999999999996,negative
2022-10-19,0.04784,neutral
2022-10-20,-0.0128,neutral
2022-10-21,0.018030000000000004,neutral
2022-10-22,-0.005569999999999997,neutral
2022-10-23,0.04815,neutral
2022-10-24,-0.13544,negative
2022-10-25,0.006520000000000003,neutral
2022-10-26,-0.03274444444444444,neutral
2022-10-27,0.041859999999999994,neutral
2022-10-28,-0.1177,negative
2022-10-29,0.06598888888888889,positive
2022-10-30,0.09497777777777777,positive
2022-10-31,0.023429999999999996,neutral
2022-11-01,0.061119999999999994,positive
2022-11-02,0.14769000000000002,positive
2022-11-03,0.022230000000000007,neutral
2022-11-04,0.09925000000000002,positive
2022-11-05,-0.15577999999999997,negative
2022-11-06,0.06713333333333334,positive
2022-11-07,-0.08682,negative
2022-11-08,-0.037219999999999996,neutral
2022-11-09,-0.16158999999999998,negative
2022-11-10,-0.014639999999999997,neutral
2022-11-11,0.0010800000000000033,neutral
2022-11-12,-0.25325,negative
2022-11-13,-0.20785,negative
2022-11-14,0.01502,neutral
2022-11-15,-0.06284999999999999,negative
2022-11-16,0.04198,neutral
2022-11-17,0.1068,positive
2022-11-18,0.07109000000000001,positive
2022-11-19,-0.15607,negative
2022-11-20,-0.17412,negative
2022-11-21,-0.12429000000000001,negative
2022-11-22,-0.28820999999999997,negative
2022-11-23,-0.16166,negative
2022-11-24,0.07973,positive
2022-11-25,-0.14075,negative
2022-11-26,0.03587000000000001,neutral
2022-11-27,-0.043233333333333325,neutral
2022-11-28,-0.06524,negative
2022-11-29,-0.11504,negative
2022-11-30,-0.07038,negative
2022-12-01,-0.005669999999999993,neutral
2022-12-02,-0.11377,negative
2022-12-03,-0.035829999999999994,neutral
2022-12-04,0.0035399999999999932,neutral
2022-12-05,0.13013,positive
2022-12-06,0.012990000000000002,neutral
2022-12-07,0.08732999999999999,positive
2022-12-08,-0.13333,negative
2022-12-09,0.017120000000000014,neutral
2022-12-10,0.029260000000000008,neutral
2022-12-11,0.0050300000000000015,neutral
2022-12-12,-0.03267000000000001,neutral
2022-12-13,0.048440000000000004,neutral
2022-12-14,0.004479999999999993,neutral
2022-12-15,0.039760000000000004,neutral
2022-12-16,-0.31621,negative
2022-12-17,-0.02141111111111111,neutral
2022-12-18,-0.005390000000000001,neutral
2022-12-19,0.10149,positive
2022-12-20,-0.00511,neutral
2022-12-21,0.06453,positive
2022-12-22,-0.04993999999999999,neutral
2022-12-23,-0.09366,negative
2022-12-24,0.002180000000000004,neutral
2022-12-25,0.07302000000000002,positive
2022-12-26,-0.07359,negative
2022-12-27,-0.005800000000000008,neutral
2022-12-28,-0.03182,neutral
2022-12-29,-0.18338000000000002,negative
2022-12-30,0.02819,neutral
2022-12-31,-0.053869999999999994,negative
2023-01-01,-0.04337,neutral
2023-01-02,0.01471,neutral
2023-01-03,0.010089999999999998,neutral
2023-01-04,0.02732,neutral
2023-01-05,0.06917,positive
2023-01-06,0.06953000000000001,positive
2023-01-07,-0.043480000000000005,neutral
2023-01-08,-0.023439999999999996,neutral
2023-01-09,0.02334,neutral
2023-01-10,0.08141,positive
2023-01-11,0.04689,neutral
2023-01-12,-0.01406666666666666,neutral
2023-01-13,-0.00755555555555555,neutral
2023-01-14,0.04027000000000001,neutral
2023-01-15,-0.02023,neutral
2023-01-16,-0.017320000000000002,neutral
2023-01-17,-0.11678,negative
2023-01-18,0.04655,neutral
2023-01-19,-0.06737,negative
2023-01-20,0.11759,positive
2023-01-21,-0.021149999999999995,neutral
2023-01-22,-0.022279999999999987,neutral
2023-01-23,0.1655,positive
2023-01-24,-0.1602,negative
2023-01-25,-0.06760999999999999,negative
2023-01-26,-0.05519999999999999,negative
2023-01-27,0.039619999999999995,neutral
2023-01-28,-0.12969,negative
2023-01-29,0.07952000000000001,positive
2023-01-30,-0.17603,negative
2023-01-31,0.06333,positive
2023-02-01,0.21936,positive
2023-02-02,0.12425,positive
2023-02-03,0.0783,positive
2023-02-04,-0.07553333333333333,negative
2023-02-05,-0.011089999999999989,neutral
2023-02-06,-0.07759999999999999,negative
2023-02-07,-0.00942222222222222,neutral
2023-02-08,-0.04145,neutral
2023-02-09,-0.009369999999999995,neutral
2023-02-10,-0.0718,negative
2023-02-11,-0.10996000000000002,negative
2023-02-12,-0.1617,negative
2023-02-13,-0.16131,negative
2023-02-14,-0.09041999999999999,negative
2023-02-15,0.15938000000000002,positive
2023-02-16,0.15001111111111112,positive
2023-02-17,0.04268000000000001,neutral
2023-02-18,0.15925,positive
2023-02-19,0.021409999999999995,neutral
2023-02-20,-0.008549999999999997,neutral
2023-02-21,0.06812222222222224,positive
2023-02-22,-0.00937,neutral
2023-02-23,0.06884,positive
2023-02-24,0.09502,positive
