date,bitcoin_price,bitcoin_market_cap,bitcoin_total_volume,dogecoin_price,dogecoin_market_cap,dogecoin_total_volume
1/1/2020,7195.153895,130394101536,21187883711,0.00203106,249356786.8,53013466
1/2/2020,7193.754668,130422953818,18123516839,0.002025653,248529647.1,38576915
1/3/2020,6963.853354,126280790200,20313194628,0.002008393,247094892.4,46080313
1/4/2020,7300.346935,132766262579,31015776262,0.002048875,251527987.8,40863740
1/5/2020,7351.377053,133474716218,20611640058,0.002189336,268594298.7,46196903
1/6/2020,7349.972248,133388991087,21929224571,0.002070406,254259070.1,32539591
1/7/2020,7734.675516,140557168287,28148518762,0.002130012,261857064.7,38106371
1/8/2020,8147.415238,147798610896,34823187724,0.002234781,275004935.8,43529571
1/9/2020,8045.789125,146089575425,39971512000,0.002169824,267243278.2,43151513
1/10/2020,7832.795644,141913856953,29276053441,0.002289899,280642957.9,48004965
1/11/2020,8180.51317,146879934259,35777298156,0.002260418,277319085.4,53435759
1/12/2020,8012.085782,145561586659,31504583511,0.002218407,274549041.5,60455962
1/13/2020,8171.401185,148204228775,27533390876,0.002265322,278184999.8,52330282
1/14/2020,8110.647965,147446058196,27962176781,0.00215029,268905102.9,48689132
1/15/2020,8801.871213,159481192214,55384169406,0.002333217,285915720.2,86813590
1/16/2020,8820.850106,159960761752,48160401007,0.002398899,293219030.2,107025136
1/17/2020,8720.919501,158412991118,36462155571,0.002335595,287096649.1,79745347
1/18/2020,8902.568995,161848747742,41671910798,0.002426658,298313408.1,98670907
1/19/2020,8906.902675,161823609428,36801813632,0.002497897,307116384.3,91648034
1/20/2020,8690.38057,157906057309,39242297096,0.002408134,295309242.3,87205355
1/21/2020,8631.253954,156848009984,29527689343,0.00239105,294045586.6,73125411
1/22/2020,8724.818623,158564958351,27057681780,0.002373081,292003033,67442647
1/23/2020,8665.436914,157502652064,25628542095,0.002367334,291194286.1,68481208
1/24/2020,8415.956027,152984928859,30696020541,0.002240141,277076163.5,70446235
1/25/2020,8432.096676,153294353937,30691734305,0.002272587,279603078.3,67906670
1/26/2020,8348.665665,151794495723,26582198966,0.002245109,276253328.6,63624028
1/27/2020,8595.728298,156302144661,30241155463,0.002306448,282730605.1,57079681
1/28/2020,8879.335549,161473602737,39661537340,0.002365805,291169771.5,71267011
1/29/2020,9320.805854,169518428145,49812761504,0.002445227,300978822.3,73912107
1/30/2020,9276.893821,168738228802,47273353144,0.002389953,293720726.4,60908834
1/31/2020,9509.805136,172993102966,51037775415,0.002431817,299395266.3,68004035
2/1/2020,9308.060286,169340144566,50102814006,0.002386777,293883414.1,58805205
2/2/2020,9363.224207,170361167834,48307978234,0.002405246,296190766.4,61580812
2/3/2020,9338.416632,169926610304,55025402184,0.002468796,304050716.3,74934191
2/4/2020,9308.912702,169406963183,56824765308,0.002439925,300528804.9,64002051
2/5/2020,9179.959281,167075369075,55377658456,0.002476985,305127579.1,61160180
2/6/2020,9592.183874,174596806174,65675565621,0.002580121,317868370.3,74945449
2/7/2020,9744.636578,177388314198,71141695218,0.002661378,327915495,68693592
2/8/2020,9799.448456,178414902529,69495711756,0.002773357,341082966.9,74768228
2/9/2020,9890.701658,180081607384,71561797135,0.003152623,388530856.5,114237107
2/10/2020,10148.37972,184792100015,78110955305,0.003220522,396943068.5,122582884
2/11/2020,9890.121224,180145850760,81406687324,0.003015785,371749850.1,104681583
2/12/2020,10226.92577,186262984852,38930644712,0.003052701,376342792.7,152367638
2/13/2020,10328.89757,188132988213,45456624048,0.00305098,376172783.7,153307474
2/14/2020,10221.26031,186190344916,54151236618,0.0030328,373973425,146323761
2/15/2020,10320.15714,187680301471,50206573483,0.003102022,382529765.1,121465386
2/16/2020,9894.136124,180265718401,51460340289,0.00296046,365134652.2,118598158
2/17/2020,9943.673603,181221481669,42364906261,0.00283948,345487246.9,129451161
2/18/2020,9723.605026,176547652266,48517591137,0.002721719,330646020.9,121852389
2/19/2020,10133.81742,184918071499,54648014950,0.002844918,347694085.4,120924221
2/20/2020,9618.409248,175312937107,50502739124,0.002659017,329247157.1,120435361
2/21/2020,9608.169181,174871048291,53579139401,0.002640101,325132840.3,163959447
2/22/2020,9673.0118,176701844102,37678167401,0.002660476,328355983.4,139383776
2/23/2020,9658.606058,176097270350,32555342237,0.002616949,323020192.2,143129455
2/24/2020,9946.716123,181368043820,38743680759,0.002683834,331312903.2,167584709
2/25/2020,9670.960806,175872097740,41928789500,0.002598221,320780422.6,141406806
2/26/2020,9345.342702,170478976468,39441760776,0.002487692,307640834.5,159530094
2/27/2020,8801.657129,160731785488,45140119230,0.00232768,287388014,174293462
2/28/2020,8781.175282,160149975301,43045469001,0.00232974,288730742.6,138916300
2/29/2020,8717.331431,159030381910,41297721067,0.002308097,285088979.4,130103960
3/1/2020,8552.989119,156047250857,33291626663,0.00224376,277173142.3,122706371
3/2/2020,8567.802249,155934421965,34310775733,0.002242818,276525338.1,132312472
3/3/2020,8905.876104,162521881369,59776629743,0.002368422,292637623.9,141216615
3/4/2020,8756.718577,159816567727,68336042797,0.00241166,298013222.7,145310587
3/5/2020,8758.646993,159869936941,38832067217,0.00246386,304497587.3,130345674
3/6/2020,9038.870323,165070261613,38122635173,0.00247817,306300424.5,85693525
3/7/2020,9135.845066,166791067805,41388087588,0.002487201,307450941.5,81573108
3/8/2020,8902.20195,162543409238,36764763103,0.002426194,299943225.4,68887905
3/9/2020,8041.365538,147076617272,39132209138,0.002173767,269347499.6,79686705
3/10/2020,7921.332007,144664117909,45678665163,0.002196077,271554683.6,105653414
3/11/2020,7906.731529,144410718988,40882213634,0.002203736,272532064.6,88469387
3/12/2020,7935.52204,144948460093,38689036553,0.002191376,271034084.1,81850205
3/13/2020,5142.990459,93092131087,50009548492,0.001483468,183588292.1,110773264
3/14/2020,5542.819542,101262945297,74329688818,0.001719278,212660911.6,162397714
3/15/2020,5214.189112,95216478865,36054625747,0.001655465,205572589.6,83287640
3/16/2020,5397.933357,98632587514,32985693210,0.001696303,210527259,92079970
3/17/2020,5032.501351,91962797384,44034438468,0.001593021,197138248.8,100216040
3/18/2020,5389.415775,98079756007,36007089254,0.001633127,203980841.1,74523963
3/19/2020,5376.280748,98259998309,37618067230,0.001614417,199830238.3,74515511
3/20/2020,6170.2006,112778383593,48056214948,0.001771485,219296170.9,223278153
3/21/2020,6195.603505,113030383273,50936770688,0.001775731,222079539.3,158961780
3/22/2020,6145.770891,112349835902,40189198131,0.00178139,220571686,133056133
3/23/2020,5859.64743,107128564671,37255748385,0.001732532,213918482.2,135249014
3/24/2020,6456.347486,118046727573,45578824448,0.001816974,224695677,140961242
3/25/2020,6730.173782,123064256189,45846522059,0.001871697,231830875.3,153573606
3/26/2020,6695.900618,122445336599,42082295491,0.00183483,227289691.5,137546599
3/27/2020,6765.562079,123732739823,34840544710,0.001858288,230221150.2,129916987
3/28/2020,6397.826328,117019679178,32910551599,0.001784003,221042549.9,118486362
3/29/2020,6255.000399,114171796491,35231848359,0.001786612,221390520.7,139854382
3/30/2020,5915.337155,108551603304,25923471292,0.001720109,213173580.7,127824727
3/31/2020,6403.141236,117151628727,34907149978,0.001806671,224115611.1,130308976
4/1/2020,6421.705414,117750205634,32287674952,0.001808498,224694247.5,125018850
4/2/2020,6640.797666,120921617010,35886963978,0.001861275,231608793.2,133295930
4/3/2020,6807.897018,124719708454,47638672294,0.001890354,233977644.1,135883818
4/4/2020,6732.852018,123234164428,39867535857,0.001848268,229183776.2,130077705
4/5/2020,6859.424924,125564427826,35009177102,0.001872732,232243150.6,129554098
4/6/2020,6788.048273,124272363452,31885662165,0.001859239,230305063.6,123742387
4/7/2020,7297.635558,133484854333,45370138561,0.001995278,247255676.2,145502189
4/8/2020,7196.782202,131782164466,43386074291,0.002000403,248158953.8,141907834
4/9/2020,7342.291601,134518720640,38922547593,0.002013397,250042291.9,127878282
4/10/2020,7294.488875,133598651282,34921486435,0.002023642,251097766.9,123549292
4/11/2020,6864.694257,125740858699,37828011011,0.001955323,242951200.6,134671135
4/12/2020,6878.781213,125980543742,30280054180,0.001994547,247542049.6,128506938
4/13/2020,6913.158787,126655463658,34544392366,0.001975581,245455791.6,128335739
4/14/2020,6857.538538,125651103790,38062368291,0.001959548,243252945.8,129649088
4/15/2020,6860.178536,125713883016,33837365577,0.001966765,244175467.5,124216048
4/16/2020,6629.431738,121499498110,29692916171,0.001945633,241578570.5,131684089
4/17/2020,7059.926225,129402884478,45752002264,0.002022847,251193747.3,146472117
4/18/2020,7035.261504,128961704237,31701906840,0.001999602,248334766,121729853
4/19/2020,7242.510929,132775323305,30035235468,0.002060906,255976766.6,127629256
4/20/2020,7127.51195,130680700686,29714765522,0.002037452,253091749.6,127839053
4/21/2020,6856.456278,125724610428,35276609104,0.0019746,245311641.1,129791433
4/22/2020,6842.038598,125473149029,30093303601,0.001960256,243556559.8,124397420
4/23/2020,7109.995291,130398643209,30819547915,0.0020074,249659994.3,126033359
4/24/2020,7382.793144,135414822710,41032858925,0.002051379,254935165.8,140105892
4/25/2020,7495.393587,137493716065,33233126913,0.002069124,257168786.5,161596051
4/26/2020,7538.557687,138298135123,31610167152,0.002118373,263319084.6,179689638
4/27/2020,7683.867415,140977260141,33760863612,0.002322766,288757849.5,233725625
4/28/2020,7774.281554,142649802463,35205525352,0.002388485,296960896.5,224244999
4/29/2020,7758.230255,142370212777,32855687797,0.002324443,289030583.2,200283720
4/30/2020,8744.430287,160483573440,60399592066,0.00255796,318102189.9,242370966
5/1/2020,8610.635804,158042623264,65838312160,0.002442312,303753871.6,235092728
5/2/2020,8824.818414,161989355179,44773967198,0.002489004,309595787.5,219094154
5/3/2020,8966.307015,164603123456,39177855720,0.002532069,315929917.6,206828067
5/4/2020,8888.671913,163036842347,45617019157,0.002514702,312847194.5,206286035
5/5/2020,8884.407814,162341412440,44698213713,0.002485957,307805818.7,202161479
5/6/2020,9003.240558,165335617639,43436234292,0.00249268,310190099.2,191425230
5/7/2020,9144.68704,167950864937,48538811467,0.002515865,313109921,194670689
5/8/2020,9959.166416,182927847431,61712313965,0.002679576,333521246.8,231863022
5/9/2020,9821.811315,180421762956,50955646313,0.002610649,325727926.6,233587353
5/10/2020,9566.777187,175752574355,46706541180,0.002580034,321346729.7,232331570
5/11/2020,8752.617088,160814678354,61704475185,0.002431493,302726858.9,232503916
5/12/2020,8604.751591,158113540964,57996080837,0.002414175,300604019,225533470
5/13/2020,8788.466749,161474125336,39515455756,0.002464379,306504298.8,203607475
5/14/2020,9283.086013,170593350056,44239951917,0.002552333,317877729.4,211321833
5/15/2020,9796.494527,179398095871,52076585311,0.002608195,325137727.2,230680149
5/16/2020,9309.295359,170983863891,44866846516,0.002472756,308034839.8,198862295
5/17/2020,9375.297108,172309401207,34146492788,0.002515122,313347148.9,194713613
5/18/2020,9666.327193,177224284369,35650032954,0.002559785,318304381.8,198445362
5/19/2020,9708.439859,178446153576,38922896810,0.002544594,316949353.4,206083121
5/20/2020,9760.198937,179127815803,37077538115,0.002546438,317354537.7,122220132
5/21/2020,9526.507593,175227227253,34829170075,0.002492027,310868150.8,116334208
5/22/2020,9059.962507,166569335291,35965016694,0.002417489,302016245.6,135564016
5/23/2020,9131.767275,168309812993,27700943120,0.002521307,314467655.9,142767321
5/24/2020,9170.361064,168614573111,26159735072,0.002532384,315817593.9,139842300
5/25/2020,8731.848526,161407638875,29437505507,0.002425809,303756922.7,118180702
5/26/2020,8883.69177,163333743989,29130957734,0.002501259,311963042.2,150073654
5/27/2020,8839.130663,162547226897,26860828303,0.002507765,312807914.2,125833705
5/28/2020,9174.118564,168615778510,28916177010,0.002551119,318220492.4,135729334
5/29/2020,9546.045635,175534414971,31771100326,0.002565347,320030360.6,159726412
5/30/2020,9427.120373,173355014878,28880265575,0.002501384,312085297.5,135246773
5/31/2020,9662.705873,177978616383,30231487422,0.002604939,325041563.1,126050718
6/1/2020,9466.961781,174105710752,27396663221,0.002554858,319088845.3,121116975
6/2/2020,10167.93069,186932702066,33702539854,0.00270227,337261369,131305279
6/3/2020,9515.243859,175463166972,36841150779,0.002525698,315259162.2,131645487
6/4/2020,9645.227869,177416480473,25222025159,0.002592893,323695648.1,119884831
6/5/2020,9776.202992,179830985955,24903069188,0.002608096,325652126.6,123499973
6/6/2020,9636.965527,177373937377,23447982002,0.002585623,322847909.9,126285011
6/7/2020,9662.858709,177901732350,19374357195,0.002584373,322823373.2,113261242
6/8/2020,9738.603357,179167717944,23856639265,0.00259806,324470527.2,127789279
6/9/2020,9773.029513,179810911053,21154971285,0.002578948,322119177.6,116658893
6/10/2020,9767.005317,179709840754,22844271951,0.002557012,319414770.4,110545344
6/11/2020,9874.898682,181705166674,24398738300,0.002579249,322228412.2,120182403
6/12/2020,9325.996856,171615707160,31225155445,0.002447401,305790127.9,124324063
6/13/2020,9469.533298,174266571296,23601462338,0.002506142,313164051.2,139660383
6/14/2020,9469.473456,174275005803,19693461097,0.002528816,316032979,130467976
6/15/2020,9345.960908,172116372679,18836155989,0.002494016,311717946.8,114283772
6/16/2020,9431.719262,173598215784,29160908897,0.002471519,308939930.3,148884120
6/17/2020,9524.926617,175075304218,26391020757,0.002482315,310325685.8,144231710
6/18/2020,9463.361414,174231189757,23643218251,0.00247546,309629857.4,133883372
6/19/2020,9399.767217,173034439846,20601074386,0.002459697,307564709.1,116189638
6/20/2020,9312.780104,171101646024,23738525502,0.002444395,305034568.4,129030058
6/21/2020,9360.247968,172323213442,19774464253,0.002450615,306496993.6,111854350
6/22/2020,9298.360829,171192409474,18986237382,0.002443673,305662614.4,111928121
6/23/2020,9678.683209,178128652480,24768621257,0.002477902,309978338.1,130949234
6/24/2020,9624.684292,177187041227,17756804210,0.00247488,309300276.6,112014389
6/25/2020,9288.061774,171028279702,23183760292,0.002420458,302858875.2,131959062
6/26/2020,9258.667161,170495281892,23499175984,0.002409627,301536937.8,109759532
6/27/2020,9166.48636,168807143703,22429204011,0.002357859,295428579.1,108353615
6/28/2020,9013.905565,166004979430,21515626881,0.002298343,287701051.7,105652716
6/29/2020,9139.903276,168334049772,19665935217,0.002315533,289858452,126780704
6/30/2020,9185.166541,169175896894,19754459583,0.002309657,289081753.4,121204872
7/1/2020,9149.721997,168558715595,19741435780,0.002315974,289978285.4,124372837
7/2/2020,9230.672999,170031996603,20005031554,0.002358261,295473388.3,103350655
7/3/2020,9094.318072,167604994105,19379463385,0.002327179,291344439.5,63481908
7/4/2020,9071.385043,167116284671,17420495829,0.002305199,288759721.6,63141653
7/5/2020,9132.90837,168258822207,16643732673,0.002310605,289659524.7,66586116
7/6/2020,9087.407313,167429736493,17324463886,0.002305647,288823207.3,73147492
7/7/2020,9342.376493,172136257752,21987059042,0.002600865,324376835.9,87267638
7/8/2020,9253.63098,170510411872,18945747769,0.003052224,382479055.9,221702332
7/9/2020,9432.172516,173809293390,20708592426,0.00474406,594339744.7,1160341960
7/10/2020,9235.716302,170198606144,19480413474,0.004374596,548308638.7,430964505
7/11/2020,9282.913639,171104767642,18224423468,0.003544287,446234010.2,277250306
7/12/2020,9234.314675,170191069703,16167064476,0.003804777,476993604.7,201664365
7/13/2020,9297.479636,171364106456,17173962880,0.003639311,456300095.8,129403956
7/14/2020,9240.76252,170370727819,18245667827,0.003161029,393114320.5,179141962
7/15/2020,9247.060696,170451532162,19147263017,0.003291632,412799771.1,140953983
7/16/2020,9203.371435,169758848798,16565948995,0.003089114,387445086.6,109574219
7/17/2020,9136.483376,168496782961,18760484380,0.002993475,376069213,119584582
7/18/2020,9156.276583,168760444137,16500659022,0.003067465,384482519.6,120670354
7/19/2020,9168.402737,169031588403,15638459043,0.003497214,441694537.2,245241741
7/20/2020,9202.61584,169692625142,16085385662,0.003387694,425081838.3,183481048
7/21/2020,9163.159655,168936986921,17080393205,0.003233985,405839356.5,158255255
7/22/2020,9384.379752,173036757676,20048075731,0.003304789,414595539.2,150316469
7/23/2020,9514.304988,175370017197,19702428931,0.003282826,412054060.2,103035469
7/24/2020,9589.817719,176821599774,26966148756,0.003296238,413572228.8,108172720
7/25/2020,9535.938796,175865705418,35810926085,0.003223852,404728572.1,112909917
7/26/2020,9691.825139,178740874539,36726067828,0.003260945,410561866.7,111134959
7/27/2020,9925.751397,183064851468,19713211085,0.003234498,406154075,106754751
7/28/2020,10962.25848,202191797991,34694788844,0.003124243,392352069.9,116948210
7/29/2020,10904.91653,201144184191,27637575180,0.003190183,401849911.4,101675134
7/30/2020,11093.61224,204969785091,23642111784,0.003165246,398101909.3,96494495
7/31/2020,11116.30716,205200775318,22265381996,0.003236619,406372448.4,97619245
8/1/2020,11325.55153,208933774575,22329797905,0.003203694,402780720.3,87495379
8/2/2020,11812.09431,217741425309,26198946496,0.003706901,467039121.4,189722237
8/3/2020,11066.30624,204126077225,27584591853,0.003338535,420429350.2,134791620
8/4/2020,11230.90776,207218525402,20583344057,0.003383427,425536506.2,107337870
8/5/2020,11181.91751,206583502228,20527193171,0.003539728,444138455.1,119131130
8/6/2020,11719.26352,216249264844,22359870185,0.003506588,440880176.6,118440407
8/7/2020,11768.12774,217128467890,21793317051,0.003557507,446347339.2,106062512
8/8/2020,11571.48798,213579066889,21624736673,0.00348046,437682076.3,172595669
8/9/2020,11739.13101,216526346494,17286825185,0.003500841,440037973,174507223
8/10/2020,11682.85147,215621627428,17051550191,0.003459179,435018819.3,156911880
8/11/2020,11862.93801,218920276229,24145919191,0.003491412,438993651.6,165789779
8/12/2020,11398.67106,210825577055,24448699831,0.003392916,426851729.6,166589721
8/13/2020,11579.86795,213770877598,22803776235,0.003468203,435477570.9,192483773
8/14/2020,11817.16404,217185020505,24755770184,0.003475584,436270064.5,186884065
8/15/2020,11777.39132,216916952670,21650925952,0.003565642,448655549.2,168616113
8/16/2020,11864.90581,219049736823,21285690553,0.003535862,444957534.8,139339382
8/17/2020,11901.77649,219750735623,19209711614,0.003528348,444060855.3,153938645
8/18/2020,12272.46581,226536103502,25481896191,0.003604679,453754467.1,156313176
8/19/2020,11949.61097,220980135332,24825715159,0.003503307,441006364.9,164627570
8/20/2020,11733.27897,216660276173,23384200656,0.003420762,430662605.6,156615204
8/21/2020,11861.83658,219044968221,20353349055,0.003446781,433986248.3,173128139
8/22/2020,11515.1243,212896669546,23406354443,0.003384307,426368126.7,175010652
8/23/2020,11676.38531,215641597240,19572783954,0.003443644,433687186.9,159336753
8/24/2020,11647.92812,215347356765,18467219109,0.003411937,429382341.7,137749412
8/25/2020,11758.82812,217410678530,20061559392,0.00340308,427299862,155243881
8/26/2020,11350.75347,209658632328,23423332919,0.003288978,414344679,156830695
8/27/2020,11465.00256,211778947737,20869928786,0.003288437,414322072.1,170734081
8/28/2020,11300.39836,208747591910,21595917446,0.003190146,402012074.8,169144170
8/29/2020,11519.11839,212799723685,19271253871,0.003268351,411882061.8,183848936
8/30/2020,11481.48182,212114842612,18415439614,0.003281164,413541572.6,193821341
8/31/2020,11701.00401,216179629567,19909556667,0.003295589,414616017.2,176682136
9/1/2020,11672.3241,215921598551,21077276618,0.003215635,405652921.4,184353787
9/2/2020,11895.22535,221315690777,25232603062,0.003233402,410342291.9,188077468
9/3/2020,11418.25476,210746091570,26038738389,0.003091417,389604298.4,119362427
9/4/2020,10197.45982,188438095255,49411126241,0.002787694,351549697.7,138600098
9/5/2020,10484.47039,194040447576,27623487077,0.002897016,366711396.7,141872359
9/6/2020,10177.78972,188092098308,56430042199,0.002742094,346063586.9,138532133
9/7/2020,10260.01773,189621410257,28801019507,0.002772364,349731791.6,160023367
9/8/2020,10359.44522,191501904759,26560146962,0.002826473,356752788.8,169336091
9/9/2020,10125.01496,186825391249,47780699209,0.002769596,348215107.5,152411544
9/10/2020,10230.1547,188757938084,21357083446,0.002778821,350661184.8,115436170
9/11/2020,10342.15939,191180566587,77545788531,0.002812731,354979160.4,163488675
9/12/2020,10378.22304,192111562750,20796810116,0.002786621,352758323.6,150887311
9/13/2020,10439.38467,192997988416,19955498078,0.002820805,355632828.3,134048170
9/14/2020,10328.86607,190922719938,21057424433,0.002778062,350719443,132954530
9/15/2020,10661.09624,197010021430,23526143436,0.002794983,353129088.1,146588554
9/16/2020,10787.58021,199044338128,23802088944,0.002838068,357370626.1,130436953
9/17/2020,10952.24997,202524001250,24459086809,0.002820393,356002619,155392568
9/18/2020,10937.9964,202358479464,23547167125,0.002816493,355887623.2,170633292
9/19/2020,10927.15031,202091264905,20681771888,0.002780667,351370413.7,155984975
9/20/2020,11083.99836,204994315603,18334274060,0.002786582,352026916.8,157760533
9/21/2020,10923.32667,202032519471,20161733907,0.002771605,350172659.3,165563596
9/22/2020,10439.52249,193677795064,23757059692,0.002620975,332685818.3,129491987
9/23/2020,10527.58785,194731087415,19866578109,0.002646176,333107659.3,109840858
9/24/2020,10223.78411,189120580778,19981974722,0.002541716,321232114.9,87446068
9/25/2020,10726.53008,198514026300,21348447554,0.002634527,333546263.4,122307586
9/26/2020,10681.99385,197616950282,19119761059,0.002699482,340940106.6,133860799
9/27/2020,10743.19288,198687083452,16886146730,0.002701436,341467884,116122724
9/28/2020,10765.30052,199236216251,17639951628,0.00270402,342050718.1,85237004
9/29/2020,10672.02854,197720212771,19869963340,0.002652682,335439035.2,108007302
9/30/2020,10837.51659,200532996048,18308943801,0.002671013,337793589.4,117696788
10/1/2020,10770.88135,199310441689,18558607663,0.002630055,333197389.8,113949671
10/2/2020,10627.97606,196617081791,20889752500,0.002630094,332691524.3,125254206
10/3/2020,10572.67484,195660035180,21258724984,0.002583625,326849474.3,137496941
10/4/2020,10546.65626,195188285650,16039831145,0.002588335,328320976.9,127186814
10/5/2020,10670.70081,197494664454,16029160488,0.002636484,333330546.6,103115065
10/6/2020,10784.9494,199530129891,17853484006,0.002615562,330997825.2,141202489
10/7/2020,10605.95779,196314284797,19419734685,0.002606527,329890404.2,116780008
10/8/2020,10668.01101,197575523785,17222472600,0.002585136,327397083.3,126750695
10/9/2020,10888.66655,201518932274,19767968267,0.002593558,328086240.9,108287118
10/10/2020,11063.25239,204809205392,19254933802,0.00266176,335713884.7,102421985
10/11/2020,11286.54194,209268690953,19496631246,0.002655919,336574307.3,98879402
10/12/2020,11377.81488,210799352797,16270141990,0.002668313,337894411.1,105760362
10/13/2020,11543.18376,213726225963,20957733314,0.002679869,339394535.6,98587198
10/14/2020,11426.10554,211576163358,19556025069,0.002637402,334010355.2,81979158
10/15/2020,11435.57244,211756280001,20441486195,0.002648955,335281826.1,92411043
10/16/2020,11495.585,212878404237,20511481707,0.002590363,328138628.8,83563069
10/17/2020,11319.09779,209993205751,20436703034,0.002605701,330748499.6,114388487
10/18/2020,11365.81413,210421523307,15650920221,0.002594713,328237703.8,129773085
10/19/2020,11495.89998,212752326976,15569792414,0.002599566,329291126.4,74475417
10/20/2020,11752.14686,217391050813,18121468516,0.00260246,329815560.7,89163323
10/21/2020,11908.70892,220404884319,21431994056,0.002600124,328009972.9,59221115
10/22/2020,12806.43573,236717318526,29314287990,0.002622197,331735170.7,41535361
10/23/2020,12951.04406,240257678154,25070864647,0.002655021,336635193.7,44994738
10/24/2020,12928.0723,239590543524,21379873278,0.002647005,336385839.3,46544309
10/25/2020,13106.04602,242785151288,19302801175,0.002637384,334863453.2,46390497
10/26/2020,13021.41084,241326618199,18998745579,0.002653297,336656207.2,55959553
10/27/2020,13060.79221,242141178090,21507619986,0.002672886,339025558.4,102845432
10/28/2020,13655.18542,253004886697,23918511528,0.002676274,339492203.5,73738233
10/29/2020,13282.99935,245661872194,26825856788,0.00259056,328654738.8,74612874
10/30/2020,13441.8785,249545455596,22860841954,0.002585819,328650433.6,66466907
10/31/2020,13537.17427,250845436638,23482756915,0.002589971,328568259.1,59934493
11/1/2020,13778.63764,255329261021,22691200479,0.0025629,325251670.1,59252178
11/2/2020,13720.36147,254260250528,19771957708,0.002574845,326802903.1,53350848
11/3/2020,13558.3618,251266177558,22630851230,0.002524852,320474308.7,55521139
11/4/2020,13989.97636,259277183165,22602862338,0.002519626,319863845.1,68660360
11/5/2020,14101.71605,261103557611,25857225138,0.002520693,319758149.1,69983439
11/6/2020,15553.3317,288118007577,36313255719,0.002655216,336504090.4,70147423
11/7/2020,15548.31215,288563189165,34523587705,0.002757415,350155278.8,90412510
11/8/2020,14818.45891,274687727890,30369855795,0.002672199,336953267.1,69340167
11/9/2020,15496.31615,287116472704,24082570972,0.002681396,345344778.9,46106797
11/10/2020,15335.3422,284292217076,29501754043,0.002673317,339595730,54172574
11/11/2020,15278.70966,283242342239,21918753733,0.002764884,351265740.5,62506709
11/12/2020,15686.90599,291215273242,23990613793,0.002770092,351348658.4,55166843
11/13/2020,16265.14925,301529322417,28001128791,0.00278663,354103512.6,42492330
11/14/2020,16326.81488,302672502422,24826304420,0.002838131,360686896.3,49101076
11/15/2020,16095.56151,298290647831,22096608221,0.002753265,349939417.6,49169560
11/16/2020,15984.67378,296277008765,19184714603,0.002780403,353448378.8,43634951
11/17/2020,16714.40386,309857769717,24606359052,0.002895581,368108023.5,65269356
11/18/2020,17651.82043,327448838765,31572384446,0.002944599,374357159.7,66560629
11/19/2020,17829.93496,330792375072,40089857655,0.002919964,371288621.4,62937646
11/20/2020,17819.75743,330526082019,30586797552,0.002904592,369373741.7,74924639
11/21/2020,18628.81349,345552251091,28731271104,0.002989555,380219646.1,81530241
11/22/2020,18689.52866,346623937352,31201880852,0.003510111,446351399.6,185253838
11/23/2020,18390.61184,342078349285,33010231294,0.003346886,430016060.3,156220976
11/24/2020,18360.6933,340635146714,33389683851,0.003590159,456754683.8,132541741
11/25/2020,19091.52418,354209935574,49429532567,0.00415381,528521952.2,274092978
11/26/2020,18753.28892,348158099247,32146102840,0.003725841,473486067.8,188627821
11/27/2020,17138.02951,317999016791,48738957777,0.003248732,413451233,175112452
11/28/2020,17140.27555,318057301370,30680336583,0.003281445,417659896.3,113629478
11/29/2020,17718.97283,328812520406,24501260966,0.003414204,434604524.1,97440479
11/30/2020,18169.95421,336495192223,23940328529,0.003449534,434295427.6,84050076
12/1/2020,19609.52144,363927715779,36160827241,0.003560699,453349206.1,99796545
12/2/2020,18857.41737,349587593227,38614628144,0.003358532,427180905,109457481
12/3/2020,19208.39819,356517705143,28923102075,0.003379964,430431470.5,84065260
12/4/2020,19435.20485,360661550057,24342606871,0.003420637,436200080.3,79865144
12/5/2020,18711.22655,347850442857,26369871383,0.003308823,421462226.4,73957627
12/6/2020,19139.11158,355244908735,23333284386,0.003394701,432447333.4,71160004
12/7/2020,19325.55412,358762118305,21832193873,0.003387468,431572835.7,64970454
12/8/2020,19198.80649,356587934226,22034483384,0.003338012,426848799.3,66960747
12/9/2020,18336.51458,340435142948,26799991796,0.003184176,407375728.1,72979848
12/10/2020,18564.98646,344693077430,29806757749,0.003154872,402070260.7,74879642
12/11/2020,18262.05838,339714540194,24092658534,0.003116112,397073749.5,64835102
12/12/2020,18058.02734,335310805699,26080197328,0.003079334,392528272.5,72096645
12/13/2020,18807.0954,349235537026,21918803314,0.003167718,403838360.5,66469333
12/14/2020,19151.13442,355642790361,23550581096,0.00326343,416084732.4,64356677
12/15/2020,19259.97047,357681110300,21638023120,0.003224838,411207642.4,61430801
12/16/2020,19432.36246,360542942205,24173322660,0.00321581,409873944.7,66017116
12/17/2020,21317.66214,396179736656,39062639738,0.003423607,437240009.9,72803218
12/18/2020,22805.65581,423587689809,60693764159,0.003726364,475313350.5,180330384
12/19/2020,23120.57055,429459534590,37000188847,0.003843981,487874217.2,128526321
12/20/2020,23863.85484,443289431125,35252972900,0.003924839,500738033.8,126133587
12/21/2020,23518.31842,436893169133,32907758818,0.004615995,588981009.3,436625610
12/22/2020,22840.99171,424329939582,38423396405,0.004801855,612762329.8,582692436
12/23/2020,23794.7933,441752551013,38733771616,0.004533535,578585500.1,236179119
12/24/2020,23308.12723,433051601801,42917744240,0.00382649,493809267.6,185987455
12/25/2020,23760.28705,441614502954,36826373659,0.004587077,583605834.2,182926719
12/26/2020,24671.10771,458416319552,36622874230,0.00458921,585882282.2,154364516
12/27/2020,26476.13014,491978602970,41995154623,0.004516046,576604270.3,161587641
12/28/2020,26423.22879,493427450341,56654980596,0.004552182,587180822.8,165317271
12/29/2020,27125.38412,503712223154,42186521237,0.004603794,585343439.2,132681366
12/30/2020,27424.53895,509680257177,38081840206,0.004493495,571481132.3,137019168
12/31/2020,28837.28853,535967306918,43341140482,0.004656391,591471700.1,138903964
1/1/2021,29022.4184,539438036436,43503516563,0.004706605,597887560.8,127614764
1/2/2021,29352.12679,545593282215,34089717988,0.005538272,707576208,244607104
1/3/2021,32163.82494,597887713054,57273436641,0.010603075,1354819957,3117161274
1/4/2021,33008.2262,613616917626,1.78894E+11,0.010086682,1288354839,2306838511
1/5/2021,31515.57597,585726270249,74657165356,0.009591751,1226307420,1238833461
1/6/2021,34082.20605,633651671519,67420500716,0.009841172,1257877104,643097358
1/7/2021,36933.52014,682743683563,71027195898,0.010463465,1331066851,699719978
1/8/2021,39547.08408,735339707368,78642959829,0.009776329,1249855747,505843513
1/9/2021,40815.96185,758971014787,82846468856,0.009888197,1264295436,423947677
1/10/2021,40296.529,749347201463,55921808672,0.01021948,1306799491,483402082
1/11/2021,38397.89599,714078952009,73381123613,0.009881088,1263664503,430989179
1/12/2021,35669.90669,663380898829,1.11692E+11,0.008856219,1132719254,561767457
1/13/2021,33938.33588,629751630408,68954134557,0.008067137,1022224681,343428361
1/14/2021,37456.00773,696668634091,65278944794,0.008650341,1106626599,279274227
1/15/2021,39232.74997,729751433670,57519444622,0.009467234,1211261062,475592505
1/16/2021,36787.52122,684304915288,63450740093,0.009326414,1193371730,443710336
1/17/2021,36254.71308,674660879866,55054325262,0.009264962,1185636962,358598771
1/18/2021,35804.26389,672291934493,50749258739,0.009027603,1155387089,331381093
1/19/2021,36595.46477,682647247200,46769030147,0.009161625,1180603793,292476114
1/20/2021,36104.86386,671734819189,51736994549,0.009053031,1158893557,325744396
1/21/2021,35587.4892,662434464441,58406615612,0.00904623,1158148987,313732430
1/22/2021,30913.69574,575205510268,69415314298,0.008160318,1044842778,297156190
1/23/2021,32957.90878,613271077002,69549742252,0.008516843,1087438950,293811760
1/24/2021,32068.08737,596744391345,43575409685,0.008574718,1098138944,264407166
1/25/2021,32273.51735,600595408892,42810544126,0.008729032,1118023170,255272294
1/26/2021,32375.32006,602517850752,50410553261,0.00837359,1072613320,236268071
1/27/2021,32582.10945,606573549810,48489676580,0.008276932,1053619539,211765469
1/28/2021,30445.52587,566661443732,51514291052,0.007437339,948845594.2,221445010
1/29/2021,33128.34753,616625386428,51075972572,0.032642559,4182699293,14941040932
1/30/2021,34150.81877,635688668064,97468515525,0.047350481,6067971852,21756143388
1/31/2021,34199.51981,636624676861,52001249491,0.028517121,3654877537,7417688491
2/1/2021,33064.78677,615013848827,42488649643,0.037988792,4920829029,7755101292
2/2/2021,33405.99036,621908231690,49268860243,0.03458624,4433684616,4656523409
2/3/2021,35485.98593,660664104637,50730704377,0.031623262,4054295192,2444614955
2/4/2021,37494.71762,695794870716,49762137494,0.037379014,4699500064,2696782678
2/5/2021,36816.50808,686453802173,54494811707,0.054284972,6810395814,12004482930
2/6/2021,38007.83223,706320162929,47446256482,0.04706214,6033220883,5160805641
2/7/2021,39279.41287,732453192637,57076868562,0.057875695,7271788224,5679785681
2/8/2021,38833.34026,723434796638,53802559039,0.079084665,10271067765,13793129135
2/9/2021,46307.57412,862413737411,86994225365,0.079227056,10164021993,10823807112
2/10/2021,46569.56483,867164581003,78828431117,0.06997689,8978311026,6181134723
2/11/2021,44848.69345,839561451461,70000356396,0.072987058,9381046299,6304018582
2/12/2021,47815.96176,890629045244,66187179919,0.069754701,8951728841,3377206172
2/13/2021,47414.18626,880620921496,61942185129,0.069474659,8937647951,3548414349
2/14/2021,46941.29209,874425017687,55312381649,0.066873675,8583843026,2275047526
2/15/2021,48607.87452,905515462577,57738376570,0.062034346,7963525499,3318277601
2/16/2021,47898.48703,892345220938,61061855794,0.056911821,7306725578,4042454025
2/17/2021,49238.13691,917339726315,64141133354,0.054079792,6943871271,2717472447
2/18/2021,52143.67884,971516568848,68478739131,0.049137409,6256910636,2259698808
2/19/2021,51733.07554,963911356673,58486508606,0.060186169,7729583761,4660795048
2/20/2021,56038.72776,1044189900352,71397235197,0.055498778,7128326860,3048336602
2/21/2021,56377.63348,1050555931433,77351787996,0.055134667,7082310130,3342539176
2/22/2021,57669.30353,1075380337358,61223272211,0.056612481,7345301352,2723241990
2/23/2021,54410.85629,1012091985973,1.01532E+11,0.053531953,6873239455,3430333609
2/24/2021,48691.89483,904133801445,1.1669E+11,0.047499554,6103500677,2366851289
2/25/2021,49849.37871,929081504354,73140585469,0.057061548,7332961501,4399443853
2/26/2021,46992.66545,875883932252,60355381276,0.050216802,6454021312,2469967978
2/27/2021,46551.48748,869070614248,74357197464,0.05054394,6487737134,1862673178
2/28/2021,46653.5264,869649724201,50989764249,0.050866474,6538921364,1478258322
3/1/2021,44970.16346,838307614585,59679588927,0.048235673,6201387147,1576893241
3/2/2021,49787.33996,928146793676,63218569172,0.051020626,6561571713,1652399316
3/3/2021,48532.23679,905413239165,53499537417,0.05056754,6517554438,1424572957
3/4/2021,50577.45747,942969910364,59212268141,0.050752633,6527074840,1233795414
3/5/2021,48727.4512,908517236708,60749587836,0.050143007,6449361941,1337710788
3/6/2021,49091.81488,911379300053,56568112294,0.049922268,6421657994,1358502536
3/7/2021,49019.36859,916504852500,41478786533,0.050882384,6545855781,1561141044
3/8/2021,51313.09262,955040794770,46146324828,0.051841258,6657773356,1014195811
3/9/2021,52328.53591,974195000547,53568946626,0.061684274,7776184983,3627421089
3/10/2021,54700.27344,1018978819157,57418251743,0.05786725,7446831675,2529486918
3/11/2021,56020.48772,1044805904678,63560545037,0.056197473,7232723297,1677010512
3/12/2021,57788.8681,1077836070933,64605228618,0.055949635,7201587925,1390253343
3/13/2021,57353.86147,1069776383194,59984971692,0.055110588,7094349921,1349377295
3/14/2021,61315.19793,1145191373522,67332756651,0.061927731,7750447457,1908931774
3/15/2021,59428.96757,1111684638819,48104078384,0.058827998,7610317578,2759123152
3/16/2021,55805.32925,1049197142852,70594488700,0.056882033,7324737827,1743281980
3/17/2021,56830.25334,1060221966895,63219904254,0.058674319,7556337742,1451939103
3/18/2021,59014.92563,1101028543248,63368268626,0.058368719,7517749273,989940709
3/19/2021,57922.40959,1081065767946,58387006276,0.057643589,7429523848,990194954
3/20/2021,58243.27061,1086741150607,51948388931,0.058439474,7528469477,1081897762
3/21/2021,58376.15847,1090022321078,54549112636,0.059155351,7634534868,1130635906
3/22/2021,57573.53934,1074356788297,55664123838,0.057382178,7393832359,947849286
3/23/2021,54370.13756,1020641820439,62001716795,0.055586302,7186846706,895730940
3/24/2021,54584.86995,1017637245492,60383378707,0.053766365,6929411776,995604161
3/25/2021,52526.8666,982797427007,73029051195,0.051798525,6729987270,1043427664
3/26/2021,51416.9083,959155260367,63401640503,0.051008122,6575327768,1229615851
3/27/2021,55033.10048,1027209990795,55442557956,0.053833612,6940289325,834542001
3/28/2021,55832.41811,1042184275333,47285749219,0.054787302,6962666598,1017584672
3/29/2021,55728.10133,1039333584621,49315845081,0.054403742,7015286858,833678868
3/30/2021,57634.92869,1075942162537,57387039705,0.054897617,7079729288,933464548
3/31/2021,58668.62834,1095293012033,52387542501,0.054648889,7046811980,1141286834
4/1/2021,58817.37389,1098127310947,57495844478,0.054381688,7014689873,1042337641
4/2/2021,58801.19484,1098583823874,54320681401,0.061592862,7924888033,5955711022
4/3/2021,59060.02678,1103133931137,52224918752,0.057867009,7507812668,2448301265
4/4/2021,57060.40665,1067101827373,52067853988,0.056190733,7298466979,1457244564
4/5/2021,58228.80262,1087344280110,46156767978,0.05789756,7463266116,1303803800
4/6/2021,58706.81559,1096202611390,54670173277,0.059815444,7715037292,1822202973
4/7/2021,58062.17872,1084341670321,61497704158,0.064632557,8342298640,2979685711
4/8/2021,56134.41739,1050759681845,67617613532,0.058961028,7655108665,2977233569
4/9/2021,58065.64402,1083362883828,48714359354,0.061679755,7962866152,1254061265
4/10/2021,58152.99326,1085794662405,45880879042,0.061538922,7936596412,1235176274
4/11/2021,59979.39282,1116221525334,61788197399,0.063882889,8249317321,1492859570
4/12/2021,59988.02096,1120606689450,46792500387,0.074646302,9687276639,6594980841
4/13/2021,59911.02059,1118532902102,55994558889,0.07102437,9196724800,2913823059
4/14/2021,63576.67604,1187737045885,71993120011,0.093778526,12113258471,7372508507
4/15/2021,62807.12323,1173412921930,80157135508,0.120172233,15701118351,19595646414
4/16/2021,63179.77245,1179561609817,60495376851,0.179861793,22780764221,17675455194
4/17/2021,61497.29957,1149602869702,86260673270,0.374160213,48767205447,50960650647
4/18/2021,60273.86668,1125592412523,63808212133,0.285109387,37483584822,30301421158
4/19/2021,56288.94534,1053618163310,1.02066E+11,0.320030223,41360056945,23753545992
4/20/2021,55721.16605,1043148020633,66156275210,0.409410343,53086953476,30847872454
4/21/2021,56294.72856,1055145534127,68166802216,0.325695246,43064103591,28256320647
4/22/2021,54190.07026,1012699264346,56115370322,0.308414106,39871679938,11245621591
4/23/2021,51965.56643,971174701493,77897442832,0.263785389,34105735063,12372638670
4/24/2021,51191.1247,956744203682,91138220375,0.24925993,32231128597,17283487906
4/25/2021,50133.1074,937014999515,49296256746,0.270489192,34979989822,10807971321
4/26/2021,48981.44139,915533819859,46233432154,0.252541305,33051358530,6742402257
4/27/2021,53978.80555,1008389773190,60226926860,0.271831984,35161130279,6413613557
4/28/2021,54991.81484,1027617870422,48468560013,0.271730488,35151669025,4324871047
4/29/2021,54810.61385,1024625833392,48072930663,0.322656433,41743974978,15310415976
4/30/2021,53596.70402,1001973605935,46958036373,0.306254419,39626179177,5635975307
5/1/2021,57828.51181,1082721727348,53879045974,0.338776806,43856109573,5791678086
5/2/2021,57812.96916,1080897634123,43967070046,0.393403409,50748955079,11619063047
5/3/2021,56600.74529,1057850321949,39072664394,0.378687846,49014916719,9009865375
5/4/2021,57200.3003,1069571255196,54132470274,0.44141195,57139646560,11357873988
5/5/2021,53464.37022,999775008412,71296763919,0.543915076,71252122862,39500407578
5/6/2021,57432.10023,1070969079354,72158368258,0.655333177,84871718670,44644519734
5/7/2021,56507.75944,1056801053575,87510802711,0.581127759,75249721643,19023046812
5/8/2021,57361.56904,1072831991777,68154805947,0.681841637,88794768977,31623843002
5/9/2021,58771.88169,1099271802311,66812167538,0.633615145,82064020248,29418365423
5/10/2021,58213.92629,1088903483393,67906284081,0.57313597,74368118240,49053292485
5/11/2021,55901.66759,1045714370754,76672978748,0.451128903,58441555673,17200364811
5/12/2021,56928.97236,1064993057464,67726708141,0.496730844,64355971521,15290083251
5/13/2021,50004.76218,935512493151,75523928654,0.415191735,53796102921,10742618800
5/14/2021,49972.7954,934964766186,1.04204E+11,0.488936267,63357827990,20865846833
5/15/2021,49913.26314,935962705739,56820196965,0.564850776,73202813078,21034363818
5/16/2021,46780.9023,875321252276,62896879696,0.506792372,65685563368,10494108535
5/17/2021,46585.06414,871695620616,70636455914,0.515315465,66881415608,9989157880
5/18/2021,43780.8256,819256623329,84054878924,0.485147399,62893452096,8093369123
5/19/2021,43091.04145,800545278568,65037066859,0.478976031,62100584439,5522377790
5/20/2021,37287.3914,697785056488,1.41151E+11,0.338740126,43923278363,15977305882
5/21/2021,40437.7301,759679496751,95001812131,0.397799655,51586844260,13713074556
5/22/2021,37339.6342,698762712554,88706010988,0.35233064,45925318262,8361664796
5/23/2021,37520.31768,702143968884,61178935274,0.343086742,44531404176,6521890070
5/24/2021,34977.5278,654558962028,84358034876,0.309233279,40114225403,8460153799
5/25/2021,38642.4423,723143072420,71163197727,0.363068763,47102789102,8184613093
5/26/2021,38210.80522,715248689990,48724794158,0.344895727,44763375248,6514659543
5/27/2021,39406.93424,737668726732,47026386118,0.354155407,45956150665,4005070154
5/28/2021,38642.89555,723137484747,40836817156,0.333812321,43320992018,3057688715
5/29/2021,35710.22094,668521654365,49991590068,0.311455169,40423846903,4023491238
5/30/2021,34775.07941,654239808357,43184025045,0.302704437,39595872238,3392384686
5/31/2021,35714.75202,668664301774,30650274658,0.301428717,39123526701,2927395692
6/1/2021,37340.67927,699138611681,37950798680,0.326530712,42392462477,2987098923
6/2/2021,36680.0682,688726381047,33536905028,0.37323681,48461329054,6733327602
6/3/2021,37685.71798,704531333543,31240691604,0.427387884,55454564159,12390396038
6/4/2021,39151.31618,733150718114,33396718845,0.39800727,51688479012,7531474357
6/5/2021,36938.72031,691747462828,39345490149,0.377712701,49058017296,6625853842
6/6/2021,35546.98596,662913486273,34068172836,0.372906114,48141414070,4141408440
6/7/2021,35834.47447,671131079524,27689283071,0.372499308,48392042544,2150393720
6/8/2021,33451.38341,626527049948,33345528753,0.333076797,43700362808,3149988271
6/9/2021,33557.15068,629018966290,46727462986,0.327442037,42547609072,4351006876
6/10/2021,37553.64376,705292677171,54511387836,0.344502301,44769090935,3815915048
6/11/2021,36903.30491,691681868464,42952476855,0.329430085,42852644186,2902010287
6/12/2021,37289.43252,698528023664,36358044263,0.3170593,41211526346,2552815813
6/13/2021,35666.14978,668148892256,35710196743,0.31307115,40697435028,2255997607
6/14/2021,39147.70568,733402631079,38185633278,0.325040441,42257825962,1933176774
6/15/2021,40624.51305,761104314502,45836408439,0.32800349,42647566148,2303945199
6/16/2021,40378.20255,756522207420,36706248352,0.321600763,41819458598,1827179805
6/17/2021,38321.45466,718016373177,36563438890,0.30726067,39959183235,1849556139
6/18/2021,38193.61914,715652442155,36330237284,0.307648464,39833096687,1374063218
6/19/2021,35881.11137,673761687974,35162612173,0.293237442,38143539822,2225163523
6/20/2021,35581.64227,666901325910,28858979692,0.287834915,37500205367,1435144271
6/21/2021,35787.07741,670634370557,35609127164,0.282546584,36753345057,2397238936
6/22/2021,31711.93547,598335733136,51873870277,0.177158835,23329004524,6017998979
6/23/2021,32507.73871,606580031923,57443014758,0.189457008,24507032193,6153862252
6/24/2021,33702.61779,631634847766,39798236962,0.236763402,30785375820,6409757149
6/25/2021,34675.44911,650340461976,31862051544,0.264012844,34365766689,4350232583
6/26/2021,31943.13647,598703019611,38635245431,0.243412684,31689044735,6643561020
6/27/2021,32023.9739,600235334321,36873109420,0.241789155,31477659181,3495938718
6/28/2021,34607.29327,649262127990,34335452117,0.261878119,34096779100,2743197485
6/29/2021,34556.84213,647741224117,32453802891,0.257566982,33435820028,2479287619
6/30/2021,35968.99367,674231340724,35121257876,0.263482443,34483021648,2762721209
7/1/2021,35171.4863,660200427590,31024153847,0.253630327,33047008786,2571421534
7/2/2021,33677.56624,629863895572,29129630236,0.245758224,32039826598,3268541857
7/3/2021,33950.78656,633684390026,25084046353,0.245550248,31898689669,1889927472
7/4/2021,34729.89078,650382046625,22986053605,0.247191149,32206556134,1227580789
7/5/2021,35394.21307,663571591568,22727930418,0.246795791,32158422617,992614864
7/6/2021,33928.13422,636061920915,25894820185,0.232817536,30340231062,1334518761
7/7/2021,34149.98981,640405812762,26106856612,0.23396012,30498108426,1337006930
7/8/2021,33932.25464,636246944189,23692220470,0.225015104,29283224579,1148728840
7/9/2021,32933.5782,617861633772,29065577052,0.206084543,26873301204,2153838621
7/10/2021,33971.29775,637000370375,24282108111,0.218974078,28480856790,3259713674
7/11/2021,33704.53847,632185737683,20558304484,0.211767821,27673709686,1746924474
7/12/2021,34299.93802,643335853171,17798828844,0.214009787,27911022096,913246174
7/13/2021,33262.65435,623350567667,21683885321,0.207763816,27090085304,1253672403
7/14/2021,32676.3838,613002045101,19932531700,0.197754877,25809414653,1334275683
7/15/2021,32878.50187,616691143980,21779069066,0.197139179,25714758614,1429641639
7/16/2021,31726.03883,595342431374,21557729227,0.182761828,24197694492,1161312534
7/17/2021,31399.65313,588495008676,22671859963,0.174833571,22412454428,1410700420
7/18/2021,31588.67135,592581931071,17715455995,0.183675222,23966076761,2708790554
7/19/2021,31919.39392,597872278369,17742105808,0.184289571,24010766980,1524012212
7/20/2021,30928.21191,580252472383,20095540828,0.172887681,22684031984,1157741992
7/21/2021,29971.90378,561743228117,23000299062,0.172966487,22548330103,1798516247
7/22/2021,32383.78113,605357009417,29070652060,0.191587942,24902296662,3663618236
7/23/2021,32409.49977,607621607805,19741588059,0.191646989,24989319857,1590344694
7/24/2021,33455.55127,627747173675,22937379735,0.193612762,25277663412,1382745729
7/25/2021,34213.59993,642012590041,22120323672,0.198246459,25869416922,1550001044
7/26/2021,35456.12466,664681184169,20929083221,0.20232633,26058519149,1651934670
7/27/2021,37281.91809,701921012035,53550491998,0.206030214,26908901181,4968959293
7/28/2021,39076.59377,732311951673,36401287454,0.204539367,26714978976,1943998807
7/29/2021,40031.19824,751371299911,41369107423,0.20842544,27225714557,2209278393
7/30/2021,39977.75694,750407963580,28717414113,0.20861219,27252959174,1730901237
7/31/2021,41936.26148,786531956384,35530501783,0.206229723,26938467544,1588419179
8/1/2021,41754.1666,784039345926,28437941447,0.213086917,27955385438,2028990907
8/2/2021,39914.82976,747403845432,28555173662,0.206802445,26416716627,1882827394
8/3/2021,39278.76651,737440183776,28057528866,0.203867135,26644210985,1012290886
8/4/2021,38368.35401,720835141114,28422901237,0.196504346,25785827888,1036830115
8/5/2021,39751.58458,747085951935,27751046040,0.2016497,26408177704,962533709
8/6/2021,40825.38194,768416417394,38527930905,0.200606372,26330675954,1109943587
8/7/2021,42802.13717,803853127161,40840608017,0.205148462,26821969245,1213952378
8/8/2021,44647.5776,838457486988,42725276705,0.256836614,33550668704,5055948133
8/9/2021,43753.21786,821704814136,39633218479,0.238877349,31238430538,5671545397
8/10/2021,46311.0019,861862844506,42726733998,0.255657969,33056644376,3847114816
8/11/2021,45639.51402,854344953099,35669862362,0.25744876,33601237795,2974048189
8/12/2021,45652.06013,857660568377,35679832771,0.265928121,34808796725,4170979331
8/13/2021,44495.20979,836054770492,35838614930,0.265251612,34729751177,4540100218
8/14/2021,47717.27053,895084141169,34320865037,0.286497473,37271229392,3060479635
8/15/2021,47088.85313,886593539913,33294851811,0.292454426,38430885600,3761196113
8/16/2021,47025.00323,882888202378,32863850458,0.338200977,44252032897,6519860020
8/17/2021,46031.75754,866391335029,34221605780,0.320635588,42269378095,5527423994
8/18/2021,44534.45485,836777066606,34488116651,0.297851628,38987523642,4619101460
8/19/2021,45015.46555,847143004615,34668999388,0.304977109,39924385528,5030258842
8/20/2021,46745.03462,867650725473,38434805723,0.313909262,40377081622,3314193220
8/21/2021,49195.8786,923013359587,36497089237,0.327160139,42757310851,3003645598
8/22/2021,48933.68915,920750216465,42147725293,0.316850777,41491614913,2219159989
8/23/2021,49250.54487,925630106451,27110183703,0.314126562,41187995247,1919024711
8/24/2021,49518.57749,930729196214,35800255386,0.318051814,41698354295,2493171819
8/25/2021,47940.60791,902489541308,38387146175,0.289501625,37922229343,2760490446
8/26/2021,49002.70377,921328247354,33517327124,0.293073358,38396676017,2155379874
8/27/2021,47229.07065,887832142450,33774857003,0.273032397,35773389027,2079136313
8/28/2021,49083.10331,922969799299,34607868773,0.293720784,38550123418,1989544801
8/29/2021,48936.53725,920017911099,28491785397,0.285923568,37470326302,1313330274
8/30/2021,48907.27073,919515378469,26244843558,0.281765324,36883310701,1282203149
8/31/2021,47124.25422,885729258053,32326073272,0.272417043,35462720002,1568735112
9/1/2021,47335.4203,890014982635,34868965959,0.279037912,36566091552,1560409724
9/2/2021,48823.05521,918058330851,39060601275,0.293435076,38342017497,1738116785
9/3/2021,49338.78465,927323146557,39362789535,0.296201306,38819265915,2699139125
9/4/2021,49934.52828,937295558515,42934455726,0.296034319,38818547694,2081922369
9/5/2021,50013.02995,940538655660,36985805207,0.300158243,39363399710,1964249166
9/6/2021,51696.20643,971284117138,31765191430,0.312889033,40951813826,2082920314
9/7/2021,52739.80017,992868819862,37532574717,0.309712773,40624959969,2245729272
9/8/2021,46995.16417,881943904969,64010507329,0.255336743,33371857563,4813878570
9/9/2021,46085.02862,866885887154,48151104381,0.256569331,33662035511,2760848634
9/10/2021,46518.94119,876179332244,38581092904,0.252807623,33171982000,1529800674
9/11/2021,44802.6064,842222636395,38051987740,0.240179326,31486963338,1562458807
9/12/2021,45196.48828,849828231596,34160277726,0.241200814,31643808716,1006708882
9/13/2021,46195.2183,869122611514,27585855039,0.251408751,33147948232,1276696517
9/14/2021,45139.83397,848992511474,40683028028,0.237080977,31092254136,1596229042
9/15/2021,47135.432,886524004597,38645575966,0.241071959,31648603798,872222557
9/16/2021,48186.53276,906727769791,30037816650,0.247330191,32473677223,898438546
9/17/2021,47879.47344,900990520812,31578783375,0.242580852,31853439636,1067493820
9/18/2021,47228.65822,892585184978,27731209179,0.240937945,31640998451,1986733762
9/19/2021,48266.62707,907957032341,27630476158,0.241894865,31788925028,912228844
9/20/2021,47371.03933,891560241243,26163167369,0.234501026,30802148835,820705632
9/21/2021,42932.9466,805826302811,41220025454,0.20768232,27179947492,1920244277
9/22/2021,40386.62364,760802031651,45940419565,0.199616127,26210995473,1556838499
9/23/2021,43587.22305,820460824051,36624234960,0.224661112,29476367021,1753590768
9/24/2021,44980.89821,846615719474,33594750550,0.225537153,29706605970,993468486
9/25/2021,42752.16815,809772498813,42973070343,0.209120627,27662713843,1650842494
9/26/2021,42856.85516,808279417023,30898116660,0.210367602,27568061035,941382052
9/27/2021,43336.86123,825341135636,30462815705,0.205721486,27453142737,1069225817
9/28/2021,42247.35573,794889951096,30483144439,0.200310715,26298507457,756949506
9/29/2021,41010.3752,775534111089,29691944223,0.196651522,25854555239,770680217
9/30/2021,41587.66786,782626384092,30068690312,0.199598966,26244810644,793650713
10/1/2021,43859.32615,827840965060,30859918335,0.204667024,26892267861,772968140
10/2/2021,48181.87627,906929641889,42089383190,0.222705304,29264176785,1253107757
10/3/2021,47777.76202,900582483713,29742127388,0.219271788,28843582962,1018419282
10/4/2021,48282.97114,910331395887,26034594562,0.222176206,29235159256,962415745
10/5/2021,49260.23232,927812140868,32691763060,0.243219299,32067553483,3200327908
10/6/2021,51668.99422,973040988103,35480330025,0.251694135,33115303228,4068637354
10/7/2021,55415.00574,1044675252844,48462388016,0.25255072,33034727303,4110248359
10/8/2021,53894.59599,1015246512239,36549815857,0.243439044,32035841670,2758950037
10/9/2021,54010.93747,1016650501581,33935485257,0.242967933,32012438945,1764985515
10/10/2021,55125.46034,1038524699061,31927344846,0.247163561,32546913547,1347892633
10/11/2021,54711.8696,1030788036762,38579271671,0.229298522,30206110262,1155512151
10/12/2021,57572.51086,1084736227838,41913482915,0.231961298,30419356234,1283161881
10/13/2021,56335.03546,1061829863954,40021384611,0.22635153,29817766316,1692336319
10/14/2021,57487.98588,1083366079899,41216945749,0.232762912,30638244804,1257916343
10/15/2021,57452.43179,1082900149763,35994603913,0.232981578,30658843961,1246214724
10/16/2021,61809.02394,1164782155730,53653355008,0.235038164,30955860407,1697000571
10/17/2021,61165.63564,1153847028825,35385452269,0.238558225,31422718667,1411776663
10/18/2021,61583.77444,1160650121142,29625957542,0.237936342,31344062761,1339251268
10/19/2021,62017.97273,1173944883530,39610183787,0.24612225,32573725269,4425113299
10/20/2021,64517.64856,1217582580303,42550624869,0.246548509,32512665553,1653401803
10/21/2021,66237.51755,1250376460616,40790757382,0.254517509,33806328665,1734041308
10/22/2021,62541.08693,1178926819141,48709960686,0.243526637,32093653209,1710214523
10/23/2021,61029.27093,1151508584005,40766460605,0.246426476,32506463987,1864736299
10/24/2021,61572.14043,1161166467847,28505039148,0.251500062,33061597043,1578066916
10/25/2021,61173.16639,1153315262663,29982535557,0.278296551,36687265385,4942300324
10/26/2021,63228.21383,1192131994833,30852852368,0.265011276,34941224252,3340089767
10/27/2021,60604.18889,1143497865065,33233702858,0.256781259,33859397597,2714016376
10/28/2021,58641.00147,1105754837661,43976252157,0.239166526,31540178380,4746122253
10/29/2021,60767.55585,1145912030969,52318597557,0.299578968,39511206991,18011898078
10/30/2021,62283.19806,1178047465292,38648967245,0.288814074,38184788655,5883306861
10/31/2021,61837.257,1166423768410,31810216330,0.268298081,35341200121,3599197250
11/1/2021,61471.86846,1159841954948,32494948461,0.279767295,36909621915,4382941811
11/2/2021,61121.8312,1152831210804,35834742028,0.272081995,35921018083,2938224696
11/3/2021,63247.20896,1186951581189,37335066460,0.273880004,36049337832,2448991837
11/4/2021,63130.94235,1187048124214,36561444797,0.269688283,35494937229,2283948676
11/5/2021,61601.74357,1157101738113,33152275947,0.263609253,34522303123,1890709185
11/6/2021,61247.38494,1154530569293,31182137448,0.261807276,34507961356,1653890893
11/7/2021,61661.35866,1162489871875,31423601393,0.262512889,34667024254,1589126693
11/8/2021,63153.23019,1191631271448,24877902990,0.266590864,35265876568,1309857042
11/9/2021,67617.01554,1278797895528,1.05426E+11,0.282271623,37320250692,3923628087
11/10/2021,67145.37494,1268116896159,41207912438,0.274161717,36274785710,2342348652
11/11/2021,65061.05441,1221681091091,48648563669,0.25573425,33523008508,2821821733
11/12/2021,65005.64516,1228606858157,35457583783,0.261400263,34629265046,1818556218
11/13/2021,64432.04795,1215930166023,36872626218,0.25935008,34255307730,1686591915
11/14/2021,64660.33535,1220299721851,29677693457,0.262435914,34667769849,1344220250
11/15/2021,65648.97779,1239021452561,26088449437,0.264467958,34939809035,1614387238
11/16/2021,63933.83544,1206711952538,32107212452,0.257996492,34088301573,1025389485
11/17/2021,60448.56251,1141910823556,48978396011,0.238781165,31552704883,2041858402
11/18/2021,60603.65587,1138136620641,39200729529,0.238872921,31574976729,1412685827
11/19/2021,56987.32234,1075758915731,41828523862,0.221680208,29299038497,1731616054
11/20/2021,58459.25552,1103594176399,37851259606,0.234259582,30964779016,1333859590
11/21/2021,60082.91167,1134300362589,29676550712,0.234661036,31021026022,934351229
11/22/2021,59139.77928,1120610791476,25743426947,0.228668851,30345535042,919422181
11/23/2021,56386.85685,1064619437494,34001467919,0.220222955,29089986846,1071295453
11/24/2021,57748.79317,1090380950871,36421192857,0.226555976,29958889793,1769899579
11/25/2021,57198.18385,1080039673037,31695369988,0.218280384,28878915784,1252623948
11/26/2021,58897.84698,1112182356757,33721097081,0.221607647,29310587671,1199279937
11/27/2021,53827.79287,1016487054820,41325811946,0.20242257,26775845330,2369326533
11/28/2021,54533.40388,1030781591913,28256851068,0.204382482,26984855765,1226693533
11/29/2021,57237.66114,1080980050981,27659464987,0.207533883,27457594550,1316180058
11/30/2021,57848.77354,1092574224476,30985196647,0.215240732,28521528060,1884339529
12/1/2021,57011.28047,1076804436724,35723038604,0.214982553,28448975743,1703432997
12/2/2021,57169.37199,1079838995017,49383073891,0.20948652,27724567903,918544485
12/3/2021,56508.26805,1067406204923,36296342257,0.209731994,27757626765,1915107775
12/4/2021,53785.96717,1016040747070,39527112726,0.20126151,26624094017,1308763626
12/5/2021,49161.99071,930097457942,55941408415,0.178986555,23761598360,3753914609
12/6/2021,49268.46989,932015145132,32826574574,0.171365283,22688750945,1438723427
12/7/2021,50461.57684,953396710270,36126018722,0.178280609,23606751297,1840846269
12/8/2021,50647.66341,956961313926,30083305920,0.177161065,23471280982,1119995690
12/9/2021,50530.45806,954800139986,26590164539,0.179138661,23725166634,1015213141
12/10/2021,47885.87199,904878061657,27269362515,0.170701745,22610118287,936589839
12/11/2021,47303.56415,893919955030,29611257205,0.165330522,21900883983,780125454
12/12/2021,49242.30232,930603779264,24619129767,0.168917181,22378284973,756913416
12/13/2021,50051.07835,945932497231,19871029748,0.169910635,22512231326,643576077
12/14/2021,46696.3047,882570058437,29628245402,0.157715181,20939287872,901190677
12/15/2021,48410.56466,915015634617,30152105690,0.191220695,25340873990,5997692276
12/16/2021,48936.86258,925006387197,33782603071,0.181630423,24072429979,2223447704
12/17/2021,47694.5305,901558072619,24699414444,0.174185987,23088148035,1148546959
12/18/2021,46328.69637,875783175210,30617760444,0.169651807,22489472263,1704355984
12/19/2021,46970.05705,887944269264,23305069270,0.172487647,22867762956,783345233
12/20/2021,46807.04862,884905649264,23002876886,0.170000088,22540307352,497961559
12/21/2021,47117.0082,890808857615,29356191956,0.168547646,22398966536,1123058444
12/22/2021,49145.21726,929203956014,25764127608,0.172171264,22832852886,835995554
12/23/2021,48755.89564,921888029985,21887790446,0.173954169,23071668322,998599705
12/24/2021,50900.61495,960809259355,26419703745,0.184049376,24322792009,1305252644
12/25/2021,50888.72104,962312381228,22535489970,0.188043998,24945394836,1896373538
12/26/2021,50663.4871,958099737763,17235296606,0.19236701,25521478296,1207125375
12/27/2021,50852.86026,961723851972,19632044502,0.190713426,25325430350,937510553
12/28/2021,50774.06781,960280703700,22793878137,0.188275502,24978654683,907547868
12/29/2021,47725.14805,902655839568,29538983233,0.174852481,23197812335,1161635505
12/30/2021,46506.99465,874314106560,26348739119,0.16821257,22177073845,1126368147
12/31/2021,47191.86839,892648631306,23753871435,0.171578566,22763459511,876843164
1/1/2022,46319.65109,876192941903,25895349605,0.170532247,22624643574,903471965
1/2/2022,47816.07768,904551946917,18904585811,0.173620437,23034356104,700234105
1/3/2022,47387.21217,897536090321,33756128242,0.174564854,23189354836,767770586
1/4/2022,46531.14086,880330191985,21890019532,0.170441422,22621528777,719869624
1/5/2022,45938.02427,876242689666,24895990584,0.168585704,22445213953,733229309
1/6/2022,43647.14751,827723202715,31837641246,0.159999734,21240335819,1228155231
1/7/2022,43216.45868,819522879407,26366602397,0.160486744,21332694300,988297615
1/8/2022,41527.19704,787735561341,79685254648,0.155263733,20611402208,1156722902
1/9/2022,41756.66232,792892599976,23337017233,0.151343759,20139878464,758171230
1/10/2022,41862.36099,791648558215,18016718174,0.150535911,19964400634,574066365
1/11/2022,41869.85906,792407724468,27984634062,0.14330686,19012630702,827247231
1/12/2022,42777.21102,809621515508,22813557398,0.153652229,20385158638,1508969685
1/13/2022,43981.87733,832460077955,28250302540,0.161496611,21425878754,870150910
1/14/2022,42608.41001,806510860232,43905745871,0.172678464,22909383758,2164616563
1/15/2022,43120.85451,816129314317,20238314435,0.18360346,24358811362,5107792259
1/16/2022,43226.65027,816800318527,14651008625,0.185008038,24545157843,1719975696
1/17/2022,43119.79214,816325578941,14452346389,0.177647682,23590498626,1052464223
1/18/2022,42298.34112,800822650384,17694929626,0.171458667,22747552403,1063970349
1/19/2022,42395.45879,803962100418,18897950050,0.165369336,21963345669,942911904
1/20/2022,41749.55143,790507925309,19626113310,0.162453898,21552882774,842874980
1/21/2022,40707.68241,774235809673,20930163211,0.15518206,20710594132,749567508
1/22/2022,36508.79979,692855029163,38296960033,0.142102136,18923128291,1306756194
1/23/2022,35180.43546,666220701468,35517336417,0.133410611,17699687755,1895282614
1/24/2022,36306.40944,687575973800,22865032969,0.141665047,18771666643,1305187981
1/25/2022,36774.00714,696465421899,36385158449,0.137861843,18317867949,1427948964
1/26/2022,36988.92851,700571452649,46168918585,0.143776787,19074976247,1529788139
1/27/2022,36870.44017,700165819656,26756873750,0.143977327,19186152853,1192737504
1/28/2022,37276.83956,702311456033,22057410457,0.141939849,18831268316,683501521
1/29/2022,37852.57903,717026944843,19214103304,0.142017428,18841560676,428035001
1/30/2022,38232.17873,722829009646,14178650232,0.143532114,19007291975,427276092
1/31/2022,37983.1515,719570142322,11807185114,0.13972439,18537341641,324442352
2/1/2022,38555.53446,727905398096,17731563487,0.142174726,18798749874,624140939
2/2/2022,38835.69494,736102274237,17109120250,0.142844751,18951322312,450425345
2/3/2022,37000.9825,700645616424,16709908527,0.137585395,18236982942,521231759
2/4/2022,37101.35159,703003347952,16136299995,0.137858695,18289818473,494523648
2/5/2022,41673.83955,777355085536,25347215344,0.14812714,19456319030,595399581
2/6/2022,41493.69005,786295053042,16752051696,0.147366038,19551164887,617489173
2/7/2022,42475.54322,804942041477,13206494655,0.153987463,20429634387,672669138
2/8/2022,43910.92999,833392518215,24171856714,0.165769673,22036370847,1551929088
2/9/2022,44184.44751,837406846076,29024977265,0.158662492,21049874031,1056982570
2/10/2022,44383.88806,841339973339,19780565063,0.159403355,21149063223,833738752
2/11/2022,43628.13953,826942197610,27877618434,0.15206771,20203130340,849270507
2/12/2022,42445.38877,803706779792,23279080010,0.145017224,19250932075,670550572
2/13/2022,42254.73812,799547462143,15479727289,0.144477427,19167930603,553680889
2/14/2022,42247.83595,802059713029,12146423251,0.14897609,19756196188,1231414543
2/15/2022,42634.57378,808280617642,18090873763,0.146074598,19379828533,713209878
2/16/2022,44574.32057,848321283144,19801081789,0.151772344,20205513015,588779802
2/17/2022,44063.28198,836256083784,16847003857,0.14919008,19793161996,467063699
2/18/2022,40562.98695,770096677779,22270664615,0.13900001,18448059491,637195115
2/19/2022,40073.49536,759881874201,20130002755,0.138932877,18432330983,469164991
2/20/2022,40192.75912,761447243940,11735183838,0.141454679,18712230030,531005180
2/21/2022,38514.00854,730381814665,15998424231,0.137259326,18210299711,430709128
2/22/2022,37059.9794,703004241590,25174914104,0.128526055,17175378104,744028094
2/23/2022,38337.20386,727094284068,22212181617,0.131737975,17498675789,578514809
2/24/2022,37372.29268,708829287814,18507851468,0.128187972,17006796281,524745720
2/25/2022,38363.34549,727657714638,40839699481,0.123975728,16447954566,1555500389
2/26/2022,39316.16208,745763194704,22579249142,0.127914882,16970565180,633264429
2/27/2022,39090.20215,741083625918,14568201295,0.127704768,16904081015,425389399
2/28/2022,37803.59016,717619764688,19424397946,0.123668534,16368162697,821388957
3/1/2022,43225.40468,819019441072,30634280855,0.133250198,17644834542,647565472
3/2/2022,44459.59163,841254375272,27880763034,0.134277966,17792137068,663017829
3/3/2022,43980.70738,834437956672,25615956856,0.133195048,17671088755,551242877
3/4/2022,42491.97839,807454920682,22366184129,0.129811813,17232959905,453454367
3/5/2022,39200.29974,743810477766,25121267306,0.122639473,16270672606,570639214
3/6/2022,39463.14681,748197160856,14818212145,0.125408312,16633635746,357699961
3/7/2022,38442.99175,729501899968,16995562041,0.120914751,16022285140,450121951
3/8/2022,38076.49382,723198804468,24596395439,0.117217609,15550670944,508118704
3/9/2022,38732.93701,735453953726,22556397749,0.116952145,15509340477,552520191
3/10/2022,41986.03445,796849504897,29211702119,0.121487427,16125521634,557097207
3/11/2022,39468.35477,749384110700,27653455219,0.116923404,15513048239,602381397
3/12/2022,38775.17559,738267961693,23624165275,0.115565104,15378091511,425746732
3/13/2022,38903.69355,738456528058,12440826654,0.115080802,15292272005,262487964
3/14/2022,37852.52514,718551088031,14461647576,0.111775713,14829369300,370701437
3/15/2022,39669.42381,751354026219,21250969229,0.113846995,15094262969,749557340
3/16/2022,39331.84654,747642430664,20768829818,0.112750372,14976874937,404855073
3/17/2022,41165.63506,779761001844,34974203469,0.116923667,15312260998,454062363
3/18/2022,41001.70958,778474325710,18861644943,0.11649404,15455353267,345892789
3/19/2022,41837.41314,794378970588,30316128166,0.119394394,15840145555,360212718
3/20/2022,42201.93992,800887993391,16580741572,0.123464222,16406470451,545229696
3/21/2022,41283.259,784054464872,16856192302,0.11916398,15829078266,380998924
3/22/2022,41061.81589,779205413379,21335882483,0.119245893,15801818879,356391942
3/23/2022,42401.8956,803937099701,28688623151,0.122376772,16238962822,468365802
3/24/2022,42802.15471,810894331278,21851891599,0.12956103,17166493311,763388441
3/25/2022,43936.09623,834251096725,26212783704,0.136226458,18085352081,1502377900
3/26/2022,44331.77796,842031938722,26147756108,0.130912554,17372121466,843502489
3/27/2022,44510.84422,845235093873,13676534294,0.135954756,18037221359,679906093
3/28/2022,46715.11762,887283025181,22545392530,0.144318533,19159099441,1361751199
3/29/2022,46994.87912,892747620148,30051327357,0.142549012,18912086335,1362089565
3/30/2022,47459.26124,901430001889,26128040681,0.144392803,19156703511,915070192
3/31/2022,47063.36585,895356010541,24497248306,0.143361061,19046182054,1429100277
4/1/2022,45528.40715,865010142445,27736469646,0.137822555,18285023775,1171644436
4/2/2022,46270.20071,879144224206,32948605532,0.141224508,18736363430,864435180
4/3/2022,45842.14476,871050305859,24803837260,0.138952111,18434882794,669846330
4/4/2022,46434.56298,882346640419,21510196790,0.146112979,19342108551,1083257019
4/5/2022,46622.63571,885584977681,28019309651,0.148490713,19686180868,2197789074
4/6/2022,45635.45438,867247321783,25474063862,0.172165416,22841317362,4812898159
4/7/2022,43198.77527,820983263462,34113818642,0.143414797,19026950766,3516150439
4/8/2022,43515.15032,827032889945,22960138784,0.14610788,19384244138,1288347536
4/9/2022,42315.70972,804272478981,24202906401,0.142530287,18909602131,1515264410
4/10/2022,42796.39748,812734148493,13949535312,0.144457306,19165261252,661718415
4/11/2022,42274.90737,803574629065,14936318819,0.150228725,19987358571,1856658867
4/12/2022,39603.96516,752680814425,30168665078,0.134318658,17820159011,1415524659
4/13/2022,40205.67794,764314681923,27804694935,0.138435306,18332874080,1137782589
4/14/2022,41205.16872,783560801482,25453869986,0.14029659,18613255836,900497958
4/15/2022,39959.45707,759703443635,22744792147,0.144111716,19135452488,1696769110
4/16/2022,40586.59731,771666602548,22053774554,0.14622336,19399564922,1192127472
4/17/2022,40450.37931,770439827829,15777789210,0.144021614,19107457607,659526386
4/18/2022,39739.11926,755627152747,16627779442,0.139383368,18492097963,684215540
4/19/2022,40833.53797,776463403746,30617039400,0.140221216,18560726317,902124404
4/20/2022,41498.12245,789141783336,22717772925,0.142694311,18929050351,711538762
4/21/2022,41397.22048,787437397454,24937668255,0.140838223,18680026272,998383144
4/22/2022,40528.54149,770787243370,32131220616,0.13643626,18101102924,736241568
4/23/2022,39756.84899,756144456298,46022063019,0.13653875,18114700373,507868494
4/24/2022,39561.78019,752414150959,15010797472,0.134233393,17808846816,340031201
4/25/2022,39469.04986,752446283900,16778683768,0.131901291,17539092688,420602584
4/26/2022,40488.87792,770112436973,32883645914,0.157456089,20889819623,4527900913
4/27/2022,38134.21545,725434540422,31053018153,0.138032121,18349006708,4019215673
4/28/2022,39237.94932,746473028158,28170490246,0.140246213,18520301626,1661317303
4/29/2022,39741.76665,756090806421,31484572271,0.137214428,18195861479,1026788016
4/30/2022,38650.55014,735829877666,27758348826,0.135080143,17933830962,1405254789
5/1/2022,37820.61177,719611115951,20955789685,0.127754852,16949333837,852597770
5/2/2022,38537.65477,733294957353,24857664487,0.133034405,17649776135,923530249
5/3/2022,38561.5654,733787526678,29825308569,0.131146829,17399350034,717964011
5/4/2022,37758.49611,718542028696,23070122642,0.12986094,17210184950,515582301
5/5/2022,39699.02404,755764276889,31748901527,0.135994524,17998354159,761020547
5/6/2022,36612.22955,696020943882,37402043366,0.128557047,17071972004,1120915223
5/7/2022,36116.39429,687093350325,32223287014,0.128090137,17045855793,873092355
5/8/2022,35573.3102,678702448511,19130720395,0.127792779,16961587504,713079410
5/9/2022,34070.3122,648514321642,30810576502,0.124223954,16480886904,674369604
5/10/2022,30269.58696,576197842488,58369928594,0.105076756,13940613504,1201778223
5/11/2022,31026.93387,590644412747,54071363210,0.108231888,14356655182,1520357821
5/12/2022,28913.48836,549294001873,65985702702,0.084254268,11245628695,2304138532
5/13/2022,29126.11598,555266177877,61338080284,0.08303075,11029602362,2076228999
5/14/2022,29310.72896,558053182541,71541696924,0.088462264,11736356239,1164592183
5/15/2022,30189.33318,573777699744,25759546764,0.090026208,11957938634,669763902
5/16/2022,31319.30911,596346266889,22948123704,0.09317277,12361302619,523850917
5/17/2022,29923.60699,569801943005,28418179221,0.087995948,11674489610,542894377
5/18/2022,30502.19328,581272773176,24964703224,0.090419134,12003154911,534208060
5/19/2022,28772.2005,547927169401,26219431165,0.083987406,11164647985,440619370
5/20/2022,30382.40624,578678245848,29190056577,0.087074053,11561042354,498192660
5/21/2022,29256.81337,557201657281,25980877920,0.084519413,11219266964,404780037
5/22/2022,29491.50795,561696351559,13561006428,0.084534386,11215241587,255278029
5/23/2022,30351.05042,578090387085,17199930155,0.08633708,11454406400,361098076
5/24/2022,29163.16778,555459414424,26646754325,0.08387761,11128106600,455172446
5/25/2022,29655.02613,564885248022,23486436837,0.083745481,11102784069,348946028
5/26/2022,29584.94985,563577022958,23108764916,0.08367456,11141351866,340099057
5/27/2022,29346.78144,559066076344,31972044692,0.078815891,10456564437,549191029
5/28/2022,28646.65218,545752899522,31756305901,0.081448196,10820124404,1037545958
5/29/2022,29088.23645,554938694217,15406515373,0.082190774,10904312781,409235815
5/30/2022,29492.50321,561771345709,14496111398,0.0835358,11082758424,299563551
5/31/2022,31740.94073,604926607441,34891305295,0.087926279,11658820775,578346029
6/1/2022,31865.74962,607393396319,29770567353,0.08604904,11416191889,617942085
6/2/2022,29833.45033,569001624438,35553330792,0.081461263,10752855720,721694783
6/3/2022,30481.014,580863150152,24232399986,0.082805826,10985912220,379734810
6/4/2022,29714.14349,566275595800,21997859591,0.080353664,10664473289,341181329
6/5/2022,29872.36031,568340135127,12911383482,0.081774758,10827205169,283622298
6/6/2022,29917.76405,570209935092,13395229055,0.081971641,10875240300,250858983
6/7/2022,31372.58476,597966736177,27644798123,0.083094453,11024204529,462664806
6/8/2022,31265.46928,597205650753,36111325508,0.080825242,10723146656,444526892
6/9/2022,30229.23684,576238781341,27080284929,0.080038155,10618723154,301521979
6/10/2022,30101.18752,573819802895,18871591862,0.08023514,10585015677,266094986
6/11/2022,29101.29826,554622874799,25663085729,0.07563037,10033939051,386321802
6/12/2022,28374.145,540789214974,22518366770,0.069770524,9275458119,415742927
6/13/2022,26767.26917,514202090511,29834061116,0.064154604,8576903106,603194882
6/14/2022,22525.76835,429492202561,64852526179,0.054117152,7179763889,1229501458
6/15/2022,22244.84897,423044474597,47639470968,0.055624792,7345995694,751863077
6/16/2022,22529.19811,429887916885,52027211447,0.063482269,8327895937,1008539820
6/17/2022,20408.69049,389181727346,27449277946,0.055164179,7313202668,648436179
6/18/2022,20473.05288,391441740414,24232922585,0.057134697,7580103920,335465657
6/19/2022,19047.41783,362303884192,38920632524,0.053117593,7047151689,579005093
6/20/2022,20516.41198,390555374757,32488136326,0.060556009,8007123393,1109613196
6/21/2022,20636.75891,392793374516,28346447997,0.060251827,7993655910,436468680
6/22/2022,20700.92393,395059669321,25340643363,0.065695756,8712084255,955977409
6/23/2022,19983.56648,381616262301,24955466738,0.061781447,8191131933,556963292
6/24/2022,21100.27053,402495826231,23655104387,0.064144274,8511428607,380408945
6/25/2022,21262.71348,407086114490,21955656696,0.067254214,8972272680,457209214
6/26/2022,21525.88036,410110791491,16152442749,0.068569461,9079738837,376955331
6/27/2022,21052.8054,401645800330,15392697878,0.073763459,9782819383,805499569
6/28/2022,20751.47753,395914576106,17719011288,0.072521691,9593836484,879067303
6/29/2022,20282.54248,386606940573,18161209601,0.066003486,8744029011,472835705
6/30/2022,20108.52947,384067866466,20744333507,0.069603241,9229637614,527579478
7/1/2022,19608.39749,365984224323,22816515395,0.065533651,8694399568,493086895
7/2/2022,19407.44743,370916529919,28756781115,0.066470922,8872989716,407110435
7/3/2022,19268.227,367706689138,15601715001,0.06681953,8865691308,304929087
7/4/2022,19310.23322,368549364135,13976969844,0.06734084,8922904394,233745029
7/5/2022,20257.01233,386425176263,18634860046,0.069629974,9217441821,319012683
7/6/2022,20188.77966,385301783066,23623270106,0.067156622,8909201664,342321255
7/7/2022,20566.68722,392479833071,21755499642,0.06869037,9109241482,339248629
7/8/2022,21660.59684,414055638574,21927087503,0.070737531,9396286250,361760757
7/9/2022,21858.81875,417690286505,46645398901,0.06948838,9219076523,395359115
7/10/2022,21589.6281,412459838738,26211587452,0.069517967,9232778953,212337494
7/11/2022,20859.81408,398249545889,25037950754,0.067351807,8935615654,255195816
7/12/2022,19998.46784,382000290322,21319467249,0.061828481,8196600424,277744784
7/13/2022,19350.73735,370191767291,22074971578,0.060100069,8008745783,253102827
7/14/2022,20225.23866,385462566549,28560004361,0.062012071,8228984020,390711830
7/15/2022,20574.84059,393104346703,28732413537,0.062493093,8309308240,302864614
7/16/2022,20794.81198,397285233066,46542248374,0.063034791,8351796020,329590552
7/17/2022,21193.08334,404705642581,42051101695,0.064280409,8522238757,263564688
7/18/2022,20824.36275,397660610561,29615794461,0.063315648,8432377427,249817517
7/19/2022,22395.36538,425756736661,58636734705,0.067574469,8930944420,573376546
7/20/2022,23366.9077,445889013251,57338223362,0.068990557,9132582301,550953033
7/21/2022,23313.29673,446130012150,40775718994,0.070409957,9374126482,995016916
7/22/2022,23155.20756,442379611364,63224249258,0.069974259,9291828384,426258005
7/23/2022,22696.90275,433485926857,40304373301,0.067691124,8951022776,370742500
7/24/2022,22506.19957,429803379588,42519262113,0.068326334,9056463844,301861410
7/25/2022,22613.71921,433819662322,33108916659,0.067963025,9025129233,247480061
7/26/2022,21330.29545,407480099600,42667548129,0.062159479,8246745602,333100791
7/27/2022,21235.61232,405692421502,53995620035,0.062623685,8308332158,307682588
7/28/2022,22908.88426,437193517022,54498281944,0.066957942,8872417372,388423347
7/29/2022,23822.0676,454806622615,55609627981,0.069145334,9173564262,547333749
7/30/2022,23847.58332,459609388580,41089335196,0.069284443,9277500870,629340744
7/31/2022,23653.45955,451726702392,62102072347,0.069672162,9225640213,679109267
8/1/2022,23379.70053,447051019373,31786729326,0.068336744,9078991629,443178698
8/2/2022,23333.74924,445958949620,44489771147,0.068705868,9109746681,432136214
8/3/2022,23053.84685,440954684721,35151096517,0.066897115,8926613928,368445591
8/4/2022,22860.42098,437035641450,41334593234,0.066350351,8791246771,326157555
8/5/2022,22678.36363,432420621056,23624874220,0.067583355,8966335320,300218275
8/6/2022,23225.0362,443821669890,27040190910,0.069691642,9250357295,379389902
8/7/2022,22984.57953,439414782173,14439694271,0.068820435,9128364802,312552831
8/8/2022,23197.60347,442979379284,14324042469,0.068980422,9150526245,195760926
8/9/2022,23823.67944,455450642522,27756736787,0.070211753,9319536768,390176293
8/10/2022,23203.6807,443382534835,29738069338,0.069443163,9205241437,620538141
8/11/2022,23948.82955,457270455537,32215976526,0.071351485,9459742166,473787491
8/12/2022,23948.7517,458070674128,33892871244,0.070983896,9422635855,601345665
8/13/2022,24411.37987,466765701335,25195193357,0.072533719,9621615884,350055860
8/14/2022,24433.65375,467078368769,22240559960,0.073157679,9701462883,429531375
8/15/2022,24312.54142,464896345363,21287616856,0.081907737,10874183944,1472169165
8/16/2022,24179.01465,462437221425,33404812508,0.076938941,10220518297,881087003
8/17/2022,23913.33373,456791042838,24971300201,0.087190551,11613818652,1907992737
8/18/2022,23359.41884,447015816173,29567403252,0.080599068,10701430242,987896632
8/19/2022,23248.38423,444845955425,20228208349,0.075108231,9988654623,599180370
8/20/2022,20945.83397,400810425581,35142410593,0.068219386,9037215458,1015524096
8/21/2022,21175.23273,404924875534,23809679191,0.069656718,9234800247,597591678
8/22/2022,21615.76169,413578924866,20476237108,0.069615412,9255550222,481542621
8/23/2022,21387.74711,408409110510,28856912427,0.068487385,9072607016,583158080
8/24/2022,21562.45154,412338357271,29331102122,0.068939876,9142297929,361487551
8/25/2022,21395.45847,409503007623,26855905243,0.068012136,9008780616,399669534
8/26/2022,21618.00902,413843488596,26767966536,0.06925042,9196942478,481036165
8/27/2022,20271.32295,387215087167,34910727805,0.06365921,8396098649,566061466
8/28/2022,20069.95333,383790676114,24463219415,0.063781217,8455433466,335854088
8/29/2022,19659.24671,376180531071,19781826309,0.062280707,8270352628,243808043
8/30/2022,20308.86145,389119405471,28706315246,0.064048662,8499738684,304864566
8/31/2022,19805.3507,379555151405,30308993725,0.061661836,8196486025,296887635
9/1/2022,20023.55444,383348414529,27825786160,0.061313826,8122483672,273656560
9/2/2022,20153.97598,385027707311,25616737336,0.062525366,8272635723,303108119
9/3/2022,19941.45137,381788074512,24078042298,0.061603677,8167547569,248591514
9/4/2022,19814.56425,379422449024,20048153187,0.062729622,8322534579,276225702
9/5/2022,19980.01322,382421043401,21537524477,0.063260978,8391551746,233090074
9/6/2022,19785.7335,378685143698,23522961655,0.062845479,8330078667,219972072
9/7/2022,18859.50009,361210437264,39940310406,0.059094417,7855465844,438778366
9/8/2022,19280.62548,369340091983,30517907004,0.061178417,8145998398,321663514
9/9/2022,19322.77775,369723445425,28936941008,0.061039794,8092761865,268852122
9/10/2022,21359.58253,408976281845,42487059055,0.063950151,8484992702,474643808
9/11/2022,21707.38732,415974687298,35941349745,0.064825943,8611009375,418794909
9/12/2022,21739.80438,416073628622,31266252145,0.063582902,8445645424,332675349
9/13/2022,22339.6705,427473787888,44006486689,0.063764772,8455107514,387766691
9/14/2022,20184.96749,386529657259,46489890915,0.059671037,7920691089,449998707
9/15/2022,20255.92298,387486232250,35789015870,0.061257564,8109779593,357886371
9/16/2022,19702.16989,377719382182,33715957207,0.058748595,7828689975,309004228
9/17/2022,19764.41171,377988702162,30187737710,0.060417319,8025509528,238620017
9/18/2022,20131.67531,385486747327,23394494074,0.062295992,8261083771,205863084
9/19/2022,19437.15787,372598380208,28689764414,0.057600801,7648384736,250542351
9/20/2022,19570.38671,374524246937,39507938865,0.058716688,7795630785,288866041
9/21/2022,18869.92881,361980678159,33890591850,0.058514626,7767664167,278563168
9/22/2022,18539.63524,355194467886,41059997265,0.057494115,7619289351,379475189
9/23/2022,19464.32266,372075639498,37660914390,0.059796875,7928083166,235736293
9/24/2022,19291.9048,370913140448,35506139424,0.063377325,8434340931,650660229
9/25/2022,18939.97058,363168779956,24644354422,0.063375709,8417974025,895820729
9/26/2022,18809.41144,360256894978,21516374223,0.061357988,8117055566,348169164
9/27/2022,19219.72778,367613056759,42560193944,0.061126676,8087678346,302358419
9/28/2022,19116.33116,366383164264,52482615484,0.060660066,8058530116,313033547
9/29/2022,19444.78777,372892084645,47494258190,0.060824325,8061788536,252503709
9/30/2022,19563.76516,374830625220,37537716230,0.060749245,8045086931,213911928
10/1/2022,19476.9266,373222100681,37848666331,0.061720408,8209024026,328232925
10/2/2022,19314.46384,370204708063,15943514603,0.060680223,8057050261,324030704
10/3/2022,19065.15384,366195863791,17859684588,0.059330879,7896588807,190830665
10/4/2022,19620.56754,375767908259,26634227152,0.060355304,8009759688,187651277
10/5/2022,20345.39852,390177741507,30974520028,0.066144527,8772554762,692656669
10/6/2022,20161.83061,386368899196,29366342083,0.064637868,8557148775,550523066
10/7/2022,19949.05104,382505641462,31354758329,0.063500329,8662110963,369415330
10/8/2022,19457.30895,373170861484,25445042398,0.061869836,8440488409,317450232
10/9/2022,19418.03799,372391945609,12996183216,0.061662867,8403128639,164891130
10/10/2022,19448.149,372264710552,14404623229,0.062138165,8462620126,158892865
10/11/2022,19142.69477,367207056773,23743487601,0.059535307,8133435180,244030703
10/12/2022,19058.62804,365118514776,25102717821,0.060282874,8212902492,281768671
10/13/2022,19153.03978,367301644901,22339104401,0.059937901,8177056889,193764226
10/14/2022,19383.94322,371647189087,37194496438,0.059689806,8132911483,426926210
10/15/2022,19198.10714,367584653731,34806651159,0.058687964,7995514731,231426625
10/16/2022,19072.78051,365870425567,13103099352,0.058606416,8006729817,177653659
10/17/2022,19272.92185,369552982161,15683330320,0.058895426,8036025502,159217851
10/18/2022,19557.89555,375052275830,23713928578,0.060081336,8206828160,171266123
10/19/2022,19348.02937,371196833239,25848175159,0.059919113,8189804714,222137012
10/20/2022,19134.24266,367085331988,23047051893,0.058719893,8009860919,290797937
10/21/2022,19031.15987,365098952755,25712511232,0.05952742,8129093656,253745724
10/22/2022,19173.28047,367999082249,30297335038,0.059403211,8115899841,227709938
10/23/2022,19203.86547,368484939424,13362526958,0.059750636,8161270903,163636240
10/24/2022,19574.82423,375197423662,19928822961,0.060366367,8239241330,188777232
10/25/2022,19316.94062,370622833881,28657172009,0.059466212,8096764918,232530205
10/26/2022,20095.15223,385476931984,39846253139,0.062738218,8567647852,481962214
10/27/2022,20774.2475,398674628647,50667020408,0.072728899,9890040389,1460263300
10/28/2022,20278.36623,389238872376,41829789298,0.077210174,10571166183,3037886680
10/29/2022,20591.24121,395201306735,36165609165,0.084122229,11481459944,3786673894
10/30/2022,20800.70709,399135164712,32806216911,0.119956154,16183322186,13935323258
10/31/2022,20623.8715,395548335410,24707906149,0.117565181,15958157659,8902350483
11/1/2022,20494.60121,393311097044,37290619695,0.126768295,17350242400,6219458573
11/2/2022,20489.6462,393218202888,32262771911,0.142498107,19476760060,9174768571
11/3/2022,20162.9809,387015867490,44539856162,0.127883542,17514475424,5667544978
11/4/2022,20210.91242,387756249892,36562782564,0.122486138,16671815539,3211107642
11/5/2022,21150.31558,405987599945,33773463079,0.125997588,17202035207,3817976767
11/6/2022,21282.98511,408892506459,31061573101,0.124334477,17029136096,2316382678
11/7/2022,20906.99793,401869336200,50602704771,0.114646601,15624594032,1567432195
11/8/2022,20597.75502,395168506455,91750982446,0.11107272,15155921801,1632109436
11/9/2022,18562.35322,356871594632,92144963385,0.088718891,12203399129,4215412979
11/10/2022,15742.44434,301963847694,74978675391,0.074808775,10217787604,3287343241
11/11/2022,17594.9235,336597208100,65200666543,0.090869839,12314147542,3054987292
11/12/2022,17080.21526,325921112619,45030331311,0.08637209,11704145960,1607036179
11/13/2022,16797.98748,322330608513,21893997141,0.088830879,12138764774,2311140550
11/14/2022,16344.34232,313605586517,20411619109,0.0857929,11691228511,1218665500
11/15/2022,16645.8285,320598982525,37539226046,0.086698285,11883386303,1535609620
11/16/2022,16890.52938,324608360619,28676275679,0.087441948,11979702700,811355066
11/17/2022,16689.39673,320099234744,26922027947,0.086159979,11771080467,893959273
11/18/2022,16718.36123,321287480850,22011291267,0.084961074,11636529058,593843980
11/19/2022,16707.02278,320876918352,20942172141,0.084986048,11642131299,445190439
11/20/2022,16712.72953,321151208474,10844466290,0.084955171,11630176834,313829605
11/21/2022,16304.07686,313370674122,15680401750,0.077732453,10657646234,629718361
11/22/2022,15814.33528,303834128504,31057277097,0.075124334,10271252232,863184861
11/23/2022,16171.62898,311463297390,25091849199,0.078689954,10809596873,716889521
11/24/2022,16608.00999,319494112507,26858079944,0.082337821,11296925340,675945665
11/25/2022,16596.03576,318949911015,20949512927,0.081834592,11210620793,452911879
11/26/2022,16524.44901,317919884011,18933018588,0.089851265,12349962336,1404669778
11/27/2022,16456.15606,316206865320,18243019110,0.089502401,12245454607,1181965805
11/28/2022,16459.14954,316487666895,16551822516,0.099258956,13771779865,2700157366
11/29/2022,16222.21073,311810991501,24566056814,0.095452167,13062801104,1932188536
11/30/2022,16441.97998,316170903326,24663035431,0.102481891,14052919227,1853186882
12/1/2022,17186.50257,330763402607,30676053555,0.107643566,14807108805,1874725656
12/2/2022,16972.73406,326141917293,23319572025,0.102084781,13988085810,1252162119
12/3/2022,17084.87334,328178365692,20945433172,0.102646035,14073191534,1044631390
12/4/2022,16923.38287,326498242603,16931408154,0.10023651,13816546601,876240863
12/5/2022,17149.93175,329544949094,18214353301,0.104638706,14369691467,1062095113
12/6/2022,16973.37258,326635737516,23204017214,0.101822925,13979022126,1404188538
12/7/2022,17085.64314,328108161817,21026126511,0.100453907,13761039628,745835660
12/8/2022,16851.30347,324178677957,21192130006,0.095999218,13176366605,860167088
12/9/2022,17235.01416,331389860356,22674029585,0.09862511,13546283236,659285431
12/10/2022,17149.8242,329756788299,23179829829,0.096954247,13305920985,569868911
12/11/2022,17125.36493,329283186565,14234368490,0.096491006,13219648676,310835329
12/12/2022,17101.03802,328868814165,15681124919,0.093035255,12754643415,395111312
12/13/2022,17179.59604,330715694645,21633829199,0.090431743,12407843289,1005013159
12/14/2022,17784.16289,342102502915,28941242218,0.091049267,12499023448,990240811
12/15/2022,17808.71617,342692750075,27267536669,0.088543322,12154305343,720250506
12/16/2022,17338.35813,333854506371,22754686788,0.084532314,11617609255,531350811
12/17/2022,16623.75783,318992400742,22250411215,0.076026897,10433548970,861530985
12/18/2022,16806.48559,323096167354,15086383816,0.079424939,10907318051,678472328
12/19/2022,16742.81666,322740705485,11134054723,0.07895193,10851056656,343265210
12/20/2022,16422.56227,316270478164,17719672545,0.071486871,9830330548,730295388
12/21/2022,16899.33197,325120443530,24938219698,0.075024133,10303882842,585663564
12/22/2022,16816.8537,323127932459,16062767787,0.07371771,10126589197,466317121
12/23/2022,16824.79016,323519254393,17847826942,0.077077349,10594647210,760263580
12/24/2022,16791.45544,323013370317,16765392450,0.077364394,10615071684,531061748
12/25/2022,16848.56871,324072643386,10169853734,0.077703652,10690886551,213562358
12/26/2022,16842.17704,323868581953,12574453969,0.076037499,10436451548,537921732
12/27/2022,16900.08187,325036912915,12574997282,0.0757306,10392907088,331696409
12/28/2022,16701.84021,321351469137,17436062122,0.073679505,10121039938,371085800
12/29/2022,16538.90609,318288869205,19113614756,0.070387974,9666873797,642446113
12/30/2022,16644.37909,320297298176,15683731677,0.071100644,9782541119,368430088
12/31/2022,16604.02052,319722045805,17497327983,0.068405914,9407880206,544951269
1/1/2023,16540.69362,318278329992,12013247678,0.070338308,9675397665,379761024
1/2/2023,16615.96932,319832024055,9799252684,0.070266036,9642542405,238805279
1/3/2023,16674.34254,321486454934,13023861028,0.071425886,9837024174,494743006
1/4/2023,16677.64619,321080820418,15367167883,0.070544132,9697413277,361190006
1/5/2023,16855.17474,324397588037,20836560772,0.073255892,10031834935,417433287
1/6/2023,16832.09899,324138957221,14919039445,0.071536741,9842815302,553994284
1/7/2023,16960.23206,326571439012,19046576250,0.072600034,9990718873,417136865
1/8/2023,16950.86152,326371741274,9594456673,0.07232639,9950401474,232768646
1/9/2023,17074.6154,328470896861,11841041543,0.073353571,10112409623,333651623
1/10/2023,17194.90933,331158152699,25532751567,0.075940014,10460925447,1123978234
1/11/2023,17436.90233,335743942932,21858206845,0.077641761,10669415550,674692125
1/12/2023,17996.83255,345688973387,25439279073,0.078301782,10785447879,544151469
1/13/2023,18866.81033,363381125083,48025109150,0.08030954,11085178368,983751658
1/14/2023,19941.78054,382675302196,39514419053,0.084315742,11623302623,795233433
1/15/2023,21019.20661,405209898132,49498711312,0.087553682,12068323857,1496087122
1/16/2023,20853.23057,401697403587,23072133988,0.08613572,11856733529,681082187
1/17/2023,21175.33774,407760358639,34809391746,0.083685447,11528291217,723731414
1/18/2023,21156.78393,407405144843,33278841337,0.083080869,11449270580,460367915
1/19/2023,20726.84497,399349603616,40612056909,0.08036921,11067619778,1370974713
1/20/2023,21081.67102,406258441952,29144534678,0.081723467,11269006543,436877766
1/21/2023,22705.83368,436724993652,41321936669,0.086466055,11923758984,572892110
1/22/2023,22771.02329,438578588179,44077026804,0.084708903,11666628137,929640470
1/23/2023,22736.66143,438060367560,34124364415,0.088499558,12177828761,1036054579
1/24/2023,22984.87498,442926343073,36750647386,0.088908196,12249357530,858286766
1/25/2023,22610.0106,435679436196,35621897293,0.084059554,11564376184,703695713
1/26/2023,23180.4227,446715261349,42772537175,0.087043637,11983399576,688085210
1/27/2023,23024.74618,444005849172,37099702812,0.086663695,11936535129,563562892
1/28/2023,23082.85838,444898315874,36109035905,0.087377817,12060883629,531062209
1/29/2023,23022.23299,443702765526,19567219824,0.088025398,12129625117,874890208
1/30/2023,23797.46089,458368002026,38438621264,0.090379286,12456065692,639918205
1/31/2023,22840.38586,439295730927,38594596832,0.088277734,12117040177,1105547968
2/1/2023,23137.32355,445991168199,32683643418,0.096450249,13260998098,2150296358
2/2/2023,23725.1618,457383099383,37452064508,0.094373882,13026308149,1555755723
2/3/2023,23539.67677,453565018923,44735297657,0.091485238,12612886677,1050643814
2/4/2023,23451.57765,452312595756,41267040611,0.093202168,12873643301,746436869
2/5/2023,23340.34959,450197147855,21063097082,0.095749432,13238868374,1480204574
2/6/2023,22946.28658,442933975659,26678691425,0.092267927,12749259827,1040228846
2/7/2023,22786.48301,438726385719,33963650031,0.08969516,12372298654,625954709
2/8/2023,23294.91365,449391195299,38850594359,0.092797283,12794701928,590091624
2/9/2023,22947.50783,442518382692,34247782006,0.090412747,12479856710,545061812
2/10/2023,21820.88651,420790678628,51161546272,0.081610088,11275570527,1042038184
2/11/2023,21630.13298,417351358181,42389972640,0.08129648,11233854727,678395608
2/12/2023,21889.43208,422107650474,23574706406,0.082495649,11399795817,320110939
2/13/2023,21779.8744,420218240428,25877166001,0.082156617,11361782229,601012672
2/14/2023,21807.83427,420838871939,36761909546,0.082437551,11384581665,1026995109
2/15/2023,22220.071,428649056118,45363697020,0.083789961,11574352108,546678836
2/16/2023,24307.8751,468820317787,44336284482,0.089223204,12313840262,1141568616
2/17/2023,23756.90728,459293697175,48144978044,0.085291707,11770970763,1090286839
2/18/2023,24628.82455,475194230168,54200707341,0.087802155,12132650426,564836419
2/19/2023,24642.79087,475529620772,24900444765,0.088926042,12300072194,528974061
2/20/2023,24284.478,470798520570,33664683478,0.086924225,12051531173,640757357
2/21/2023,24786.66594,478236525470,38997046274,0.088163122,12177007505,561841993
2/22/2023,24417.38704,470623925511,41991954878,0.085425698,11787321159,640964752
2/23/2023,24146.10136,465998918250,40336608135,0.085464516,11851834270,1022368371
2/24/2023,23951.11098,461042830140,42356618035,0.084374413,11642613958,460638467
2/25/2023,23172.28654,447316067422,35081974267,0.081024454,11207403283,536406521
2/26/2023,23157.03811,447030240436,22999909593,0.080886972,11170741555,420127974
2/27/2023,23541.11585,454284528652,24469102669,0.08229932,11380915238,333273164
2/28/2023,23518.12391,454364917719,28832423816,0.081467027,11268832305,353862834
3/1/2023,23155.54375,446010055988,25534054046,0.080951039,11172473928,439789857
3/2/2023,23634.33349,456417315967,32507897259,0.082126606,11363080013,317649870
3/3/2023,23464.33654,453067155321,27432755758,0.080563545,11147375823,283250052
3/4/2023,22367.43302,431727585101,34239649135,0.077032916,10657992316,672759002
3/5/2023,22348.32992,431837491811,13392431932,0.074843152,10348419227,322885409
3/6/2023,22421.88581,433081135066,16080097920,0.074964065,10368669833,254948707
3/7/2023,22415.11366,432758824798,21124920006,0.07500639,10386575436,327375362
3/8/2023,22217.20988,427994888567,27780357943,0.074202086,10242010007,373091394
3/9/2023,21712.65119,419694984165,28493032425,0.071316973,9902129716,381442502
3/10/2023,20376.32001,392841773384,40173833478,0.066159287,9150289480,643797733
3/11/2023,20195.22895,390202255053,51593890225,0.066105291,9157983427,578747651
3/12/2023,20521.55615,394742728282,37746654240,0.066470474,9177744509,528901129
3/13/2023,22095.7134,425816781284,36639901909,0.071011407,9775566938,451877721
3/14/2023,24178.95533,466509005563,66799159802,0.07309963,10135594021,651342218
3/15/2023,24758.76509,478406045310,70714394276,0.075018153,10390264479,779326465
3/16/2023,24470.88205,472833547484,63107437929,0.070145008,9700933208,661636753
3/17/2023,25161.27202,486375597563,60688056875,0.073333443,10181289393,427937130
3/18/2023,27466.67783,530038219067,64617615618,0.076734608,10626304812,648610111
3/19/2023,27107.79218,523262280970,46473651091,0.073425681,10173655194,671540817
3/20/2023,28186.84265,546680822196,46394763656,0.075276358,10484931792,471382290
3/21/2023,27929.16773,538935400013,55315948514,0.072128958,9976458213,550862620
3/22/2023,28264.23961,545917428270,34430928756,0.077333134,10716612131,689179379
3/23/2023,27449.25483,530515158754,35394833934,0.074535538,10333565114,935108133
3/24/2023,28459.73511,549578396179,20360807195,0.077960171,10800257489,694493415
3/25/2023,27595.49475,533634255119,21551272690,0.075243557,10434826809,541178718
3/26/2023,27670.1995,534960802333,15053754845,0.074670144,10355761818,437394533
3/27/2023,28048.46998,542675619059,14450374261,0.074611674,10370382624,373620184
3/28/2023,27182.29956,525230880103,18519053232,0.073234777,10150577357,558909642
3/29/2023,27291.35002,528042785009,17658503319,0.07414026,10280589142,354545855
3/30/2023,28394.99778,548808373530,21097595427,0.075837308,10512259682,532403460
3/31/2023,28041.12308,542369769760,22702531379,0.074472162,10332262482,461942047
4/1/2023,28516.78473,551707238560,19112345640,0.07722956,10745789398,472513621
4/2/2023,28498.94463,550949831049,10085380789,0.081863522,11367807248,959436194
4/3/2023,28236.50874,545181408318,11682876587,0.079327568,11000084350,1141871238
4/4/2023,27815.42653,539350908802,19711493345,0.096152063,13367550790,4502654470
4/5/2023,28175.33033,544313567953,14871614373,0.09518219,13217875021,3935118206
4/6/2023,28197.20034,545409754929,16507617904,0.093057981,12983339803,1880641092
4/7/2023,28042.98339,542601176317,13079528995,0.085513189,11885393610,1719378593
4/8/2023,27934.43871,540432353743,10141276804,0.082541713,11468256137,1177183910
4/9/2023,27968.12805,541094458101,8844199146,0.08146675,11325381364,798153909
4/10/2023,28351.23699,548568597244,11429030270,0.083368947,11568385353,741649451
4/11/2023,29657.97414,574059578670,17475381731,0.084850613,11810686440,751797850
4/12/2023,30260.93611,585359301945,18320296515,0.084253961,11682111248,740780746
4/13/2023,29904.13869,578850627448,18407698928,0.083523448,11616879872,959521130
4/13/2023,30335.40057,586965711366,16208569697,0.083523448,11616879872,959521130
